reaction_id,atom_count,charge,multiplicity,file,sha256,source
rxn9,16,0,1,rxn9.xyz,6df23b77b0987a0115ab9171ff76b5fb1c306a1867840311971b6d64d9efd143,Gaussian_ReactOT_exact/Gaussian_calcfc/rxn9/ts_guess.xyz
rxn26,16,0,1,rxn26.xyz,65fa46db818391fbb369c6960484a38f6c1f7daa42820bb68a12824770d7316d,Gaussian_ReactOT_exact/Gaussian_calcfc/rxn26/ts_guess.xyz
rxn31,16,0,1,rxn31.xyz,cea23cc105f2fd9936080762a5aaa42c13d61975453507b65d4343dcacef6d54,Gaussian_ReactOT_exact/Gaussian_calcfc/rxn31/ts_guess.xyz
rxn39,12,0,1,rxn39.xyz,e4d83ee5e5ed0be7a34827323704693540fe3285cdcea55692ed4d4354f5cdc7,Gaussian_ReactOT_exact/Gaussian_calcfc/rxn39/ts_guess.xyz
rxn53,15,0,1,rxn53.xyz,ef4c07ce106c06084c429caf27df41625115f92edd0462668bbb2735f29ee7b1,Gaussian_ReactOT_exact/Gaussian_calcfc/rxn53/ts_guess.xyz
rxn57,13,0,1,rxn57.xyz,dbf2d7b73cfa78b42b28cdee732b4d5d797e36be945186db8dac215a0fceda02,Gaussian_ReactOT_exact/Gaussian_calcfc/rxn57/ts_guess.xyz
rxn59,13,0,1,rxn59.xyz,4881afc9fa4fb8298273f1de713530f52f67f16e0680ad3d3f6b8035bfbdb95d,Gaussian_ReactOT_exact/Gaussian_calcfc/rxn59/ts_guess.xyz
rxn61,13,0,1,rxn61.xyz,cd76cca20e77c63db72c0382027e62d9058dfb258e1cbaf9994f178adaf32322,Gaussian_ReactOT_exact/Gaussian_calcfc/rxn61/ts_guess.xyz
rxn64,11,0,1,rxn64.xyz,8b956c421ccb17aa503c9fe829a7e4db2371d55cc4fa418e06044780daa37574,Gaussian_ReactOT_exact/Gaussian_calcfc/rxn64/ts_guess.xyz
rxn66,11,0,1,rxn66.xyz,1b1ee37d8e260be6f21995b62ccbde622c5f14e02cf8f25a4c1922b555d53f68,Gaussian_ReactOT_exact/Gaussian_calcfc/rxn66/ts_guess.xyz
rxn72,11,0,1,rxn72.xyz,5e8cf4e0ea04fd6b4c368bd56c65b50bf2b54a13fccf81a963e9fa4039dc10b5,Gaussian_ReactOT_exact/Gaussian_calcfc/rxn72/ts_guess.xyz
rxn74,13,0,1,rxn74.xyz,f4654dd3e40bffa90aba4f42ec48ed4f6fba1a258d3083f1c8e372608c13c410,Gaussian_ReactOT_exact/Gaussian_calcfc/rxn74/ts_guess.xyz
rxn78,13,0,1,rxn78.xyz,a4cc1ba63c91893173e1367d560ca44deb67265f325f2e1ddb20db745ae64618,Gaussian_ReactOT_exact/Gaussian_calcfc/rxn78/ts_guess.xyz
rxn79,13,0,1,rxn79.xyz,b0be8de0f68719cf81a7065fd8e55bb7016b1a566ee0cffdb07da57537ee3cc0,Gaussian_ReactOT_exact/Gaussian_calcfc/rxn79/ts_guess.xyz
rxn102,11,0,1,rxn102.xyz,1df6a59791572b8a644b56a8570cd06afee16307476ee4b3e4ce3c625ad8f66b,Gaussian_ReactOT_exact/Gaussian_calcfc/rxn102/ts_guess.xyz
rxn123,10,0,1,rxn123.xyz,424cba675eb70c8b7ef8cbeafb0593194302ca512e34d9287f852dc2e0d5baf5,Gaussian_ReactOT_exact/Gaussian_calcfc/rxn123/ts_guess.xyz
rxn124,10,0,1,rxn124.xyz,d276455c54d3bca86aa39a5a46819c247b5966066d0cbab949646a128bd87764,Gaussian_ReactOT_exact/Gaussian_calcfc/rxn124/ts_guess.xyz
rxn143,14,0,1,rxn143.xyz,4c7d3a941f36cc79d12f75788bd7fb1ff572a476aad2c60624056234fcf6bd9c,Gaussian_ReactOT_exact/Gaussian_calcfc/rxn143/ts_guess.xyz
rxn144,14,0,1,rxn144.xyz,b4640d1a11ed2559260ee99133c095cdf39a6bb61ded9306f17c35dfe8411341,Gaussian_ReactOT_exact/Gaussian_calcfc/rxn144/ts_guess.xyz
rxn148,11,0,1,rxn148.xyz,df46e2ff72fe3e3053369b73c296cdacc5dd4b924378aa167569508282d720f0,Gaussian_ReactOT_exact/Gaussian_calcfc/rxn148/ts_guess.xyz
rxn160,11,0,1,rxn160.xyz,a0c87de1902debbe2c8e070260f399498560a7af02cd3a7c5e332bc360c259c3,Gaussian_ReactOT_exact/Gaussian_calcfc/rxn160/ts_guess.xyz
rxn164,11,0,1,rxn164.xyz,69dcf221f1df8c6eae3467d7d57416f505861a919164dc817b503fa93f20bffc,Gaussian_ReactOT_exact/Gaussian_calcfc/rxn164/ts_guess.xyz
rxn165,12,0,1,rxn165.xyz,eddb650a7c3c68a968051a96857a37a1847dc50e9ff41e67fefb6ca71cf237da,Gaussian_ReactOT_exact/Gaussian_calcfc/rxn165/ts_guess.xyz
rxn170,12,0,1,rxn170.xyz,4a2b6ca0708586836f69b03efa52d4fb80c7bcdf824a75d224ce046631b58c7a,Gaussian_ReactOT_exact/Gaussian_calcfc/rxn170/ts_guess.xyz
rxn196,11,0,1,rxn196.xyz,2f4d4d605f4a196036cb26d803ffbc91c9232f70a3ae2d95b1f4a49d08d46c8a,Gaussian_ReactOT_exact/Gaussian_calcfc/rxn196/ts_guess.xyz
rxn199,10,0,1,rxn199.xyz,6747fe85473c9537ff6ddd74214f53277052176715e42ebc2cdae1319befd040,Gaussian_ReactOT_exact/Gaussian_calcfc/rxn199/ts_guess.xyz
rxn207,15,0,1,rxn207.xyz,96d41b360c7cc272b834a243ba9d4dbba892cae15e6ee99c166036598dd4a20d,Gaussian_ReactOT_exact/Gaussian_calcfc/rxn207/ts_guess.xyz
rxn209,15,0,1,rxn209.xyz,6d39f14b419837cc1a08673b6f39f269ba07140c63d4688f2e02285d35ce5621,Gaussian_ReactOT_exact/Gaussian_calcfc/rxn209/ts_guess.xyz
rxn220,14,0,1,rxn220.xyz,0cd0cdad13bff79478789af120454a8bb445d045dca1e7fe0b9cba72ecef5eed,Gaussian_ReactOT_exact/Gaussian_calcfc/rxn220/ts_guess.xyz
rxn233,13,0,1,rxn233.xyz,72a797ddea62b4c949dee8189728d63ebe1d06787c61354837e3369e5c914346,Gaussian_ReactOT_exact/Gaussian_calcfc/rxn233/ts_guess.xyz
rxn235,14,0,1,rxn235.xyz,446f145ea91c36546cf8b554ad7e69ab70629a5d4251becd5b70a6e09ee17644,Gaussian_ReactOT_exact/Gaussian_calcfc/rxn235/ts_guess.xyz
rxn263,9,0,1,rxn263.xyz,f76264ddbdfaa2fc2997d9d281e2182a0fced9fc370ee091c2ce16fe00a742f1,Gaussian_ReactOT_exact/Gaussian_calcfc/rxn263/ts_guess.xyz
rxn282,8,0,1,rxn282.xyz,433f2205742122fa2fb36ad4a7f9a3c805344d41bdd1566513ec05096f63652c,Gaussian_ReactOT_exact/Gaussian_calcfc/rxn282/ts_guess.xyz
rxn288,12,0,1,rxn288.xyz,3f539935c431462fe0932501c1ec08c1da8ce23a2b102af74f149239b1aec9a3,Gaussian_ReactOT_exact/Gaussian_calcfc/rxn288/ts_guess.xyz
rxn293,12,0,1,rxn293.xyz,9fed4ae01c92a1f80f3b627f91ae0eea03f30ac0e62abb3e0b62e1077abbaf91,Gaussian_ReactOT_exact/Gaussian_calcfc/rxn293/ts_guess.xyz
rxn296,8,0,1,rxn296.xyz,49acb77258ede4658bac305f4c2e8a7d6c5c5ce236713bcc67e4fd898d4af897,Gaussian_ReactOT_exact/Gaussian_calcfc/rxn296/ts_guess.xyz
rxn298,8,0,1,rxn298.xyz,04abae1e6c37cb7ab820fed7dc7eee9deb41006dff2306ef72304e4f7f101baa,Gaussian_ReactOT_exact/Gaussian_calcfc/rxn298/ts_guess.xyz
rxn313,10,0,1,rxn313.xyz,253e5ba8257d4955c660911370cb7554ad6c8510b53befe9cde63db04bd7465e,Gaussian_ReactOT_exact/Gaussian_calcfc/rxn313/ts_guess.xyz
rxn320,14,0,1,rxn320.xyz,759c0ef5c7dbbfd16214b3747e4eb37854d6db6860a5a5d71e6d43ee596f065d,Gaussian_ReactOT_exact/Gaussian_calcfc/rxn320/ts_guess.xyz
rxn326,14,0,1,rxn326.xyz,d6c08144305695ac8b6b566fe3482362205b3affda521a9459e7e9921a5c993b,Gaussian_ReactOT_exact/Gaussian_calcfc/rxn326/ts_guess.xyz
rxn333,9,0,1,rxn333.xyz,19c68ba804fde1df2471c1c00995f447d41bb0c2658b740a325822910b5c1b76,Gaussian_ReactOT_exact/Gaussian_calcfc/rxn333/ts_guess.xyz
rxn336,9,0,1,rxn336.xyz,a649cb2ec2491f19a19ca9d21e5fe609265cec2f2d60f895bae67e4976b1b15e,Gaussian_ReactOT_exact/Gaussian_calcfc/rxn336/ts_guess.xyz
rxn346,11,0,1,rxn346.xyz,4ebfaded02694f73295e99f470396d30d556bc0f22c40789f4d62e72002d509d,Gaussian_ReactOT_exact/Gaussian_calcfc/rxn346/ts_guess.xyz
rxn348,17,0,1,rxn348.xyz,3c0e371d15928d8678b97b1dbd8baaaf8da85bacf29da11a7e941d5381e3ed5a,Gaussian_ReactOT_exact/Gaussian_calcfc/rxn348/ts_guess.xyz
rxn356,17,0,1,rxn356.xyz,ed47060df99d00bf561ca8ac826ffe2b8ba9d5ee9034b1a546e227fb469feece,Gaussian_ReactOT_exact/Gaussian_calcfc/rxn356/ts_guess.xyz
rxn388,13,0,1,rxn388.xyz,dd27dd169c702eb198e471401be91e746f75a4bfa7efeca7e11efdee1017d664,Gaussian_ReactOT_exact/Gaussian_calcfc/rxn388/ts_guess.xyz
rxn397,16,0,1,rxn397.xyz,3c0a0fcf88ced9573ede8627288f405fea54842c39002f395e6136109e62076a,Gaussian_ReactOT_exact/Gaussian_calcfc/rxn397/ts_guess.xyz
rxn398,16,0,1,rxn398.xyz,6988ad0da961920cd072a4a91214bf4b0b260d83839ddf5c599080aa2265a323,Gaussian_ReactOT_exact/Gaussian_calcfc/rxn398/ts_guess.xyz
rxn403,16,0,1,rxn403.xyz,c47bd78bed753777a68f92b5a06d3070f2a4dd459a3a517d24839332caa612f0,Gaussian_ReactOT_exact/Gaussian_calcfc/rxn403/ts_guess.xyz
rxn408,11,0,1,rxn408.xyz,2c9c4daff6de3effe6423798e4cd56beaecbd9650522b6ba0ef0efbff2945ff7,Gaussian_ReactOT_exact/Gaussian_calcfc/rxn408/ts_guess.xyz
rxn411,11,0,1,rxn411.xyz,cc43e7ef264bb6b753e048fb575089ae85a204fe3fe7af48a9a03b52494b44b5,Gaussian_ReactOT_exact/Gaussian_calcfc/rxn411/ts_guess.xyz
rxn416,13,0,1,rxn416.xyz,245610d823e921688feca2a516da076a3388d3efd3abd05d02bbaa419a998f07,Gaussian_ReactOT_exact/Gaussian_calcfc/rxn416/ts_guess.xyz
rxn417,13,0,1,rxn417.xyz,11b2c095c466c80434e1ab9e5474efafa8b9feee579fec864e6a09ac8c4a20d1,Gaussian_ReactOT_exact/Gaussian_calcfc/rxn417/ts_guess.xyz
rxn432,11,0,1,rxn432.xyz,f4b9918ff9336311b11742f272ad7b31e3bbf73a8d7b7188603a91db37f0d552,Gaussian_ReactOT_exact/Gaussian_calcfc/rxn432/ts_guess.xyz
rxn436,11,0,1,rxn436.xyz,755e9d28006be8602f891fa922f641b48cef85cc25ea99c1adaced0b787f2fff,Gaussian_ReactOT_exact/Gaussian_calcfc/rxn436/ts_guess.xyz
rxn442,12,0,1,rxn442.xyz,7d008f16cc4b4443a893c8cae66058b07b85cb5f1ae9d494064439f79226bdf7,Gaussian_ReactOT_exact/Gaussian_calcfc/rxn442/ts_guess.xyz
rxn447,12,0,1,rxn447.xyz,cd2dee42a966bb7803b7da75c5ced1d320b2ddf29d78964c4f4ffc3652b52730,Gaussian_ReactOT_exact/Gaussian_calcfc/rxn447/ts_guess.xyz
rxn459,14,0,1,rxn459.xyz,1788560a0c7c4b2a15bc3683a0bc38d8e52ae855e43a780070ed17479ad27040,Gaussian_ReactOT_exact/Gaussian_calcfc/rxn459/ts_guess.xyz
rxn464,14,0,1,rxn464.xyz,73eed20422eae12acf03cebaeefd5f8b26cc2bab44127d950be4ed3fb613dd3a,Gaussian_ReactOT_exact/Gaussian_calcfc/rxn464/ts_guess.xyz
rxn475,7,0,1,rxn475.xyz,28eaca2f7f09e1f95ef350bf22a997f03d463f488c00f0e111ad1b819dc51f53,Gaussian_ReactOT_exact/Gaussian_calcfc/rxn475/ts_guess.xyz
rxn479,12,0,1,rxn479.xyz,0158cebb1f90e7fbb396f0961b00a71c6493c3275575f548b69f46c4179d4f69,Gaussian_ReactOT_exact/Gaussian_calcfc/rxn479/ts_guess.xyz
rxn487,8,0,1,rxn487.xyz,c9df28077e896f09df610650b11324b164d216bdec5a1bd69379c22d3f5615ec,Gaussian_ReactOT_exact/Gaussian_calcfc/rxn487/ts_guess.xyz
rxn511,11,0,1,rxn511.xyz,4a24782378bbb25b87a5f188243970cc39602cd72dbbaf7bc958a5563f06dcec,Gaussian_ReactOT_exact/Gaussian_calcfc/rxn511/ts_guess.xyz
rxn522,14,0,1,rxn522.xyz,6100412854a45f8ab86ca18490efe7bbe3f76b3651afd29ddedb7579cb9a41d0,Gaussian_ReactOT_exact/Gaussian_calcfc/rxn522/ts_guess.xyz
rxn526,14,0,1,rxn526.xyz,f0698bc6c59fb098e0db821d7f31f55a5656f4ef1d9b4a72ab5ae14c95fa286d,Gaussian_ReactOT_exact/Gaussian_calcfc/rxn526/ts_guess.xyz
rxn532,14,0,1,rxn532.xyz,e96424bbe1917cb90e485549e1459865acbd66a47729c0f1f00f8745fe4321af,Gaussian_ReactOT_exact/Gaussian_calcfc/rxn532/ts_guess.xyz
rxn541,16,0,1,rxn541.xyz,be239051baa5eb93f99c2ed69e19b73ee162d125559da8399c65f7d99e42a390,Gaussian_ReactOT_exact/Gaussian_calcfc/rxn541/ts_guess.xyz
rxn548,13,0,1,rxn548.xyz,fedfc69aeae9db7b0d3d94b4042d06a1e9782a91b3756e906dbfa4d5fc70cd62,Gaussian_ReactOT_exact/Gaussian_calcfc/rxn548/ts_guess.xyz
rxn575,13,0,1,rxn575.xyz,ad904fba1f69e57127575e406c451604c014995d5c3e3894fe5136b3963bb729,Gaussian_ReactOT_exact/Gaussian_calcfc/rxn575/ts_guess.xyz
rxn591,18,0,1,rxn591.xyz,725ee35ae5059a1667339aca06c32d6551fc6d3ab34cad0bda64c8736d9d1c8d,Gaussian_ReactOT_exact/Gaussian_calcfc/rxn591/ts_guess.xyz
rxn593,9,0,1,rxn593.xyz,3443a68d69f5346ae6509f8be5c92b17b16ea14344465d860c572365387c2939,Gaussian_ReactOT_exact/Gaussian_calcfc/rxn593/ts_guess.xyz
rxn596,11,0,1,rxn596.xyz,8efd361e89b4debd157f81cbbf980e4ec31607856395e674e971b5c16fba035c,Gaussian_ReactOT_exact/Gaussian_calcfc/rxn596/ts_guess.xyz
rxn600,16,0,1,rxn600.xyz,ba7001dae12b219531b2b2670071cf2e6c5e31e9afabf1d4d94e21f8ee24c840,Gaussian_ReactOT_exact/Gaussian_calcfc/rxn600/ts_guess.xyz
rxn602,16,0,1,rxn602.xyz,10a74e0690ed95270a804c240a515ed0da23091c52fd53a8fb9e3ed32546d591,Gaussian_ReactOT_exact/Gaussian_calcfc/rxn602/ts_guess.xyz
rxn604,16,0,1,rxn604.xyz,dc32d145e9443236ec1ddab83a50ba0967fa7bcf72ac8ec934bf0410576dba39,Gaussian_ReactOT_exact/Gaussian_calcfc/rxn604/ts_guess.xyz
rxn618,18,0,1,rxn618.xyz,07d95e327950aaac1a0e14e526a89a7ad3de62c9555dfae653d28fa5f68ea310,Gaussian_ReactOT_exact/Gaussian_calcfc/rxn618/ts_guess.xyz
rxn662,14,0,1,rxn662.xyz,232cafedff5c6a98866322d0e0290b28252e40fa3cf3e4494b3c7c3b42432dd8,Gaussian_ReactOT_exact/Gaussian_calcfc/rxn662/ts_guess.xyz
rxn670,10,0,1,rxn670.xyz,39f469e6fcb6d50c48c73c7d2fbdf6ef89d97d16b07bf126e1f0aca3c11f6f67,Gaussian_ReactOT_exact/Gaussian_calcfc/rxn670/ts_guess.xyz
rxn677,18,0,1,rxn677.xyz,36ab6b6af6ff09277e82303e3d58f7205b456e854ddcf7f1a14d6c189721faa3,Gaussian_ReactOT_exact/Gaussian_calcfc/rxn677/ts_guess.xyz
rxn678,18,0,1,rxn678.xyz,dd6a605ce85a15950407a7f3e6e422e112df2d56db0742c90e672f0b56586ea5,Gaussian_ReactOT_exact/Gaussian_calcfc/rxn678/ts_guess.xyz
rxn697,11,0,1,rxn697.xyz,c41739235c2d41cb18667a4cd21ec4fab6318d10eed63afddf9f796cef220d54,Gaussian_ReactOT_exact/Gaussian_calcfc/rxn697/ts_guess.xyz
rxn707,11,0,1,rxn707.xyz,8a059180adfe7db1cfd09590aa007a4896914b55612c24eec81dfd4e3b6ee18a,Gaussian_ReactOT_exact/Gaussian_calcfc/rxn707/ts_guess.xyz
rxn720,11,0,1,rxn720.xyz,4a4d41db6c551eceb0d6482edcc186e37b290ee6399010d7279b5ccd90f130f5,Gaussian_ReactOT_exact/Gaussian_calcfc/rxn720/ts_guess.xyz
rxn760,13,0,1,rxn760.xyz,e1cf331cc575796fdd989e2a4b1dbe4f8e8b12ca6265e09a9727d2a86ecb464b,Gaussian_ReactOT_exact/Gaussian_calcfc/rxn760/ts_guess.xyz
rxn780,12,0,1,rxn780.xyz,1206a0f3f74a72c07be9f6aae332a189464e6b4998581813456224e651323d5c,Gaussian_ReactOT_exact/Gaussian_calcfc/rxn780/ts_guess.xyz
rxn792,12,0,1,rxn792.xyz,ff9039a0ff1098f394d6c6e3a6c72a7c711316487cb5109d672b6d3e15031816,Gaussian_ReactOT_exact/Gaussian_calcfc/rxn792/ts_guess.xyz
rxn793,12,0,1,rxn793.xyz,49c57f6204ff4d8942ead2c649bb0b2ef8f7f9da48c19da20e99238e27d75afc,Gaussian_ReactOT_exact/Gaussian_calcfc/rxn793/ts_guess.xyz
rxn811,8,0,1,rxn811.xyz,401831f7ebafd87a5d551a062a101f9267ecb9731481c0a13c639aec4714bdd3,Gaussian_ReactOT_exact/Gaussian_calcfc/rxn811/ts_guess.xyz
rxn843,12,0,1,rxn843.xyz,a4c60dcddfe5fe9b12ea27ae69fc243dea968d67d4a957aae59869a15e3ad751,Gaussian_ReactOT_exact/Gaussian_calcfc/rxn843/ts_guess.xyz
rxn846,13,0,1,rxn846.xyz,d58da00ecdb604d9a6a649f28c74dfaf9affc57fc1ec638412370a7011707ec7,Gaussian_ReactOT_exact/Gaussian_calcfc/rxn846/ts_guess.xyz
rxn867,12,0,1,rxn867.xyz,5ddf5b17290686e3f86947a22517db0c57c5e66de171ad484b9fb138358c611d,Gaussian_ReactOT_exact/Gaussian_calcfc/rxn867/ts_guess.xyz
rxn873,10,0,1,rxn873.xyz,3150f666a248fbad449f50f3ee52e96dcefec20988868afe0af35a24f59a4481,Gaussian_ReactOT_exact/Gaussian_calcfc/rxn873/ts_guess.xyz
rxn874,10,0,1,rxn874.xyz,266d52fdc5836d523ca600b2fb5a62f592a7542be8499897e0ba93ab3dbf3dc4,Gaussian_ReactOT_exact/Gaussian_calcfc/rxn874/ts_guess.xyz
rxn900,12,0,1,rxn900.xyz,4411b250e000afefa7d811bc7b671f658b98cf05f5043f935f7728d0e36f99ee,Gaussian_ReactOT_exact/Gaussian_calcfc/rxn900/ts_guess.xyz
rxn914,12,0,1,rxn914.xyz,ac4ca98390b458405554f37870029a3ead32b22e75afe91b4a9ef070fbb0ecd4,Gaussian_ReactOT_exact/Gaussian_calcfc/rxn914/ts_guess.xyz
rxn935,8,0,1,rxn935.xyz,f6c4edffc7971ff5f3f78c9371584862a3b9a25bbc0b0bb5b4f41e0e35679f23,Gaussian_ReactOT_exact/Gaussian_calcfc/rxn935/ts_guess.xyz
rxn942,14,0,1,rxn942.xyz,ed4b74ed064750ed8881ebbc7094b2e142a220ad66ac515ded38b3859dbd64da,Gaussian_ReactOT_exact/Gaussian_calcfc/rxn942/ts_guess.xyz
rxn956,13,0,1,rxn956.xyz,2dd7e54a0398a656a5668eb6dd3f4131b477c3b1db654e7a3ca83071a1c05862,Gaussian_ReactOT_exact/Gaussian_calcfc/rxn956/ts_guess.xyz
rxn957,13,0,1,rxn957.xyz,ef5ddf34c6d9829ce0840354799881bb651a9061620a02807ed6f5aaef484f26,Gaussian_ReactOT_exact/Gaussian_calcfc/rxn957/ts_guess.xyz
rxn958,13,0,1,rxn958.xyz,9fe6f45e56b8d193d7b18726348a744fec846c6840124537a4a800905d914d45,Gaussian_ReactOT_exact/Gaussian_calcfc/rxn958/ts_guess.xyz
rxn966,9,0,1,rxn966.xyz,e5b29c3b8f2e8610e5d7e6cb21e970c3d4aeb21705b62c7d8f19ca9d52a2fc27,Gaussian_ReactOT_exact/Gaussian_calcfc/rxn966/ts_guess.xyz
rxn969,16,0,1,rxn969.xyz,d317f1a53f43f0c4708910d54a0e6fa2c3c6ba289f765193b6c9bb6e75a90516,Gaussian_ReactOT_exact/Gaussian_calcfc/rxn969/ts_guess.xyz
rxn981,10,0,1,rxn981.xyz,4bf3b3ae84de7f4c4c119a5c0d0468beaa5cfa30899a8579cbda6a4f1c0c86eb,Gaussian_ReactOT_exact/Gaussian_calcfc/rxn981/ts_guess.xyz
rxn1024,16,0,1,rxn1024.xyz,2e2c54ea954ba7ed643d7fc0f2c156c1e8c026fe970b3891c215297a016301d9,Gaussian_ReactOT_exact/Gaussian_calcfc/rxn1024/ts_guess.xyz
rxn1041,13,0,1,rxn1041.xyz,35ecfed262c55d7964fc7a6a722616557e9bb91aa181f201a06c182bee870c96,Gaussian_ReactOT_exact/Gaussian_calcfc/rxn1041/ts_guess.xyz
rxn1047,11,0,1,rxn1047.xyz,f20b14beaa2f0f0a0a9d83f3ff6597ef64dc339b97142e6ffac33bdb16048939,Gaussian_ReactOT_exact/Gaussian_calcfc/rxn1047/ts_guess.xyz
rxn1048,11,0,1,rxn1048.xyz,401a7d5be955fa02c01b560117651f99213affecc70f3095db6ae51791e44b1f,Gaussian_ReactOT_exact/Gaussian_calcfc/rxn1048/ts_guess.xyz
rxn1050,12,0,1,rxn1050.xyz,2f290373c03e9390eb14c7b2adfa7a7e9f1b13bd07f19050a3b69fbd7edc6242,Gaussian_ReactOT_exact/Gaussian_calcfc/rxn1050/ts_guess.xyz
rxn1058,12,0,1,rxn1058.xyz,e6a265eaae50bb39589534bb28f545c47312802395c09d57586851e29869ad6b,Gaussian_ReactOT_exact/Gaussian_calcfc/rxn1058/ts_guess.xyz
rxn1076,15,0,1,rxn1076.xyz,ac527de06f564dcae5d0282d75f6d94b6276a21bee8fac81039198829612cc01,Gaussian_ReactOT_exact/Gaussian_calcfc/rxn1076/ts_guess.xyz
rxn1077,15,0,1,rxn1077.xyz,eaee861a5479bc9e7f9c80b7d7e2db6e9ba10c40975673b39deb43386a9451ca,Gaussian_ReactOT_exact/Gaussian_calcfc/rxn1077/ts_guess.xyz
rxn1079,15,0,1,rxn1079.xyz,b0882fbc231a4946b37491121c31589e3f1d67f64fe281127b84b6601158563a,Gaussian_ReactOT_exact/Gaussian_calcfc/rxn1079/ts_guess.xyz
rxn1081,15,0,1,rxn1081.xyz,59a7afa524a6a4da34e28908d5249fc224cf5aa180cfbb4834436dcde1e76433,Gaussian_ReactOT_exact/Gaussian_calcfc/rxn1081/ts_guess.xyz
rxn1086,11,0,1,rxn1086.xyz,f9d0a0280d8a9e2e7492abd2657c2686102c55b9a47a336f68fd6e0f8f990dc6,Gaussian_ReactOT_exact/Gaussian_calcfc/rxn1086/ts_guess.xyz
rxn1148,11,0,1,rxn1148.xyz,82b1b8e7685dcd768d0f42d9698ff96d195d378e7afe3734bb1d41256c4e03f1,Gaussian_ReactOT_exact/Gaussian_calcfc/rxn1148/ts_guess.xyz
rxn1175,11,0,1,rxn1175.xyz,b5a1d5a205b7b109d4ff43fba9fb4ce81507ea5b8f38de2c48276337c2bfa62c,Gaussian_ReactOT_exact/Gaussian_calcfc/rxn1175/ts_guess.xyz
rxn1185,7,0,1,rxn1185.xyz,1e87c36023cc574295d010ee081b4729045341133f18bad360c025f3a3d3155e,Gaussian_ReactOT_exact/Gaussian_calcfc/rxn1185/ts_guess.xyz
rxn1204,16,0,1,rxn1204.xyz,c7b7a14f42d7cf756a8fa5a3bfd90da6f0acc2603ef27a0edb23bbd781396822,Gaussian_ReactOT_exact/Gaussian_calcfc/rxn1204/ts_guess.xyz
rxn1208,16,0,1,rxn1208.xyz,9398ff119a3ee73c92512931b5bfbc7c80b744205390a44e6b101a954b39c603,Gaussian_ReactOT_exact/Gaussian_calcfc/rxn1208/ts_guess.xyz
rxn1214,14,0,1,rxn1214.xyz,40e287761332bdd65ac2023bfaf35c955162d06a3c1f34e8852e77a99666868a,Gaussian_ReactOT_exact/Gaussian_calcfc/rxn1214/ts_guess.xyz
rxn1216,14,0,1,rxn1216.xyz,d043ce82dc19e7112968eb9e73e1a9b83d30f4f4bdbfb2034f986d9dfa140667,Gaussian_ReactOT_exact/Gaussian_calcfc/rxn1216/ts_guess.xyz
rxn1218,14,0,1,rxn1218.xyz,e990e4a06b8b6b335e73ec96241fe9bc045d52146c2465b8a286e0901f43cbc6,Gaussian_ReactOT_exact/Gaussian_calcfc/rxn1218/ts_guess.xyz
rxn1220,14,0,1,rxn1220.xyz,d50979fb6d3e04c8087dca1227f569796a47718c002fc5662b4e318691cf1241,Gaussian_ReactOT_exact/Gaussian_calcfc/rxn1220/ts_guess.xyz
rxn1234,13,0,1,rxn1234.xyz,3fdd44e63848d84ef90acc98bdbfd0876076cd65d4ce6ff88caecf20937736de,Gaussian_ReactOT_exact/Gaussian_calcfc/rxn1234/ts_guess.xyz
rxn1238,13,0,1,rxn1238.xyz,db5527e3d56c750d930c9a6d988e2ccef56968766f32d30a086c0e0a3f7017be,Gaussian_ReactOT_exact/Gaussian_calcfc/rxn1238/ts_guess.xyz
rxn1239,13,0,1,rxn1239.xyz,29a458a733b1657292349603d6f3b922ec3e8cb810484b9757859ec36f80fa25,Gaussian_ReactOT_exact/Gaussian_calcfc/rxn1239/ts_guess.xyz
rxn1249,11,0,1,rxn1249.xyz,2718d38ca69c5f187f031a2acca47821a00ea7df4f7831a6c7ce0976885441c1,Gaussian_ReactOT_exact/Gaussian_calcfc/rxn1249/ts_guess.xyz
rxn1251,11,0,1,rxn1251.xyz,01457152d06044e53d7b37b442c15b9661c7b2f279fd2fb7c4a66f0d0c4f8b4c,Gaussian_ReactOT_exact/Gaussian_calcfc/rxn1251/ts_guess.xyz
rxn1279,11,0,1,rxn1279.xyz,2f41cc370303f9addccb55c619f2943d6f406bd741b4212ccba330b9a0c58fc0,Gaussian_ReactOT_exact/Gaussian_calcfc/rxn1279/ts_guess.xyz
rxn1286,11,0,1,rxn1286.xyz,49cc5896b3191cb5a891b9299453eccf6d73cafe60a7c381311381867d90c69b,Gaussian_ReactOT_exact/Gaussian_calcfc/rxn1286/ts_guess.xyz
rxn1299,12,0,1,rxn1299.xyz,17d7ffeb0fb35c26f38da987071e82b8004b618defd011dc258a44f1c962282a,Gaussian_ReactOT_exact/Gaussian_calcfc/rxn1299/ts_guess.xyz
rxn1301,12,0,1,rxn1301.xyz,b3848fc18ca63af87296cbf08a7eddf533b7ab3967c335ea420b50e3c8e41548,Gaussian_ReactOT_exact/Gaussian_calcfc/rxn1301/ts_guess.xyz
rxn1311,12,0,1,rxn1311.xyz,b55da1386964023ee5ad1b5e1d8bc40965f52d3e2067baab777fe193f050bf0b,Gaussian_ReactOT_exact/Gaussian_calcfc/rxn1311/ts_guess.xyz
rxn1312,8,0,1,rxn1312.xyz,df11b557e856e36a6eaaa6b830a99ec03acd06cb0cef219a829883918141cf6a,Gaussian_ReactOT_exact/Gaussian_calcfc/rxn1312/ts_guess.xyz
rxn1318,11,0,1,rxn1318.xyz,5872ad7289fca9e685b80d8b17e20de407198e16014ee2c5830555bd3307a8fe,Gaussian_ReactOT_exact/Gaussian_calcfc/rxn1318/ts_guess.xyz
rxn1319,11,0,1,rxn1319.xyz,9bac6d9facefd5ba4e683c36c8ca1c53eeccd27640de61009199fdc6abba297c,Gaussian_ReactOT_exact/Gaussian_calcfc/rxn1319/ts_guess.xyz
rxn1326,10,0,1,rxn1326.xyz,85753b518c9a0f1bd480d7fa88b63ebbcc27162654b2c7b8ec7e86f481fa2d7f,Gaussian_ReactOT_exact/Gaussian_calcfc/rxn1326/ts_guess.xyz
rxn1327,12,0,1,rxn1327.xyz,bac29f36f4a8e644f89709e1117a5c88c65e671e397eb469bf27db2b39d5a148,Gaussian_ReactOT_exact/Gaussian_calcfc/rxn1327/ts_guess.xyz
rxn1328,12,0,1,rxn1328.xyz,9618353689d50c4ec56325980b6b561e2273281c7f9687310947bf37805d647c,Gaussian_ReactOT_exact/Gaussian_calcfc/rxn1328/ts_guess.xyz
rxn1337,9,0,1,rxn1337.xyz,a14c7638f98a25123313911e2e0cec8220f6ca7906f190562266dc310059e50a,Gaussian_ReactOT_exact/Gaussian_calcfc/rxn1337/ts_guess.xyz
rxn1341,14,0,1,rxn1341.xyz,cf689a04d5381009cad992ba6d75c47a09e18f47b20294830f2b27b6de16def5,Gaussian_ReactOT_exact/Gaussian_calcfc/rxn1341/ts_guess.xyz
rxn1351,14,0,1,rxn1351.xyz,c8e0bd6ff13874cb4deff594b8003a5b1d76310fe925f2105daa76887e102462,Gaussian_ReactOT_exact/Gaussian_calcfc/rxn1351/ts_guess.xyz
rxn1354,14,0,1,rxn1354.xyz,c4460e0a7d4d66c181a0d88ab6cb4cf6e4c755c428fdf7c5156327d23b6ee233,Gaussian_ReactOT_exact/Gaussian_calcfc/rxn1354/ts_guess.xyz
rxn1366,13,0,1,rxn1366.xyz,e4ce9fec6156965a9fb792d14cb40d94b2d5dc5fd4a31d74a5b4d4eeb1d72d0a,Gaussian_ReactOT_exact/Gaussian_calcfc/rxn1366/ts_guess.xyz
rxn1376,11,0,1,rxn1376.xyz,53da80994a5bc9a7207615509f58d11a7617755a49bfccffc95621081298b10c,Gaussian_ReactOT_exact/Gaussian_calcfc/rxn1376/ts_guess.xyz
rxn1379,11,0,1,rxn1379.xyz,f55f9a9afbdf09388538e0a216ef9752461e62fd5a781915e0a6e1af118e2738,Gaussian_ReactOT_exact/Gaussian_calcfc/rxn1379/ts_guess.xyz
rxn1387,16,0,1,rxn1387.xyz,d35c776f2effe0018b9c2d6410376e8949ba03f9f65ef94a9be4f3fc32d9cc4f,Gaussian_ReactOT_exact/Gaussian_calcfc/rxn1387/ts_guess.xyz
rxn1398,10,0,1,rxn1398.xyz,dcdc03ac36c449574f554442bf8ca7d165c9e015f513010fea7d7fe85fe4ac73,Gaussian_ReactOT_exact/Gaussian_calcfc/rxn1398/ts_guess.xyz
rxn1417,13,0,1,rxn1417.xyz,9b43f985ccfe830f6c28e71f837ed89de08d45e89fff58988ac802cd9ef96fc0,Gaussian_ReactOT_exact/Gaussian_calcfc/rxn1417/ts_guess.xyz
rxn1451,16,0,1,rxn1451.xyz,0260db7ac9cbe9b8dda6515a86cc28501bc8b45c4c8a9bf47bd6c21a0b3a8aa9,Gaussian_ReactOT_exact/Gaussian_calcfc/rxn1451/ts_guess.xyz
rxn1461,16,0,1,rxn1461.xyz,f943312304a96f78ed1328d1f05f53c10b52d5e06b6fdbf89e561468a5890a49,Gaussian_ReactOT_exact/Gaussian_calcfc/rxn1461/ts_guess.xyz
rxn1466,12,0,1,rxn1466.xyz,949b2d5b469528c38bb94c92c769b58143fe51f019bce526b4c9e3807f15962d,Gaussian_ReactOT_exact/Gaussian_calcfc/rxn1466/ts_guess.xyz
rxn1476,14,0,1,rxn1476.xyz,c29f04f1de714e07704e9bca31b95cfa114f687a97a773a033d6bae28a1acd1d,Gaussian_ReactOT_exact/Gaussian_calcfc/rxn1476/ts_guess.xyz
rxn1488,16,0,1,rxn1488.xyz,de82b5bb84be3c73cddc26a3d28f4a418e4512538c7f9f1bbe8b569504383541,Gaussian_ReactOT_exact/Gaussian_calcfc/rxn1488/ts_guess.xyz
rxn1493,12,0,1,rxn1493.xyz,25dd2030a227c9d91424d91d4f58e5da3f292d600751d66b80f15d069dcf7769,Gaussian_ReactOT_exact/Gaussian_calcfc/rxn1493/ts_guess.xyz
rxn1498,12,0,1,rxn1498.xyz,efe305a45b4411e6dedde81b6f3e828518aa9e5ebe032dc56a91cb99b7c01de7,Gaussian_ReactOT_exact/Gaussian_calcfc/rxn1498/ts_guess.xyz
rxn1500,12,0,1,rxn1500.xyz,8f613755cac1f532cb02a210d4798144e1b63a4ac2f51bf504f6b838771483cf,Gaussian_ReactOT_exact/Gaussian_calcfc/rxn1500/ts_guess.xyz
rxn1509,8,0,1,rxn1509.xyz,a274f1b130894a428b682539abf03c0ebc52cb787f54fbb092720467997e266f,Gaussian_ReactOT_exact/Gaussian_calcfc/rxn1509/ts_guess.xyz
rxn1518,14,0,1,rxn1518.xyz,1c2d44d45f81c5be583f9b1d7c1ea69e51306e6c21e76af363fd30cf2463b5e2,Gaussian_ReactOT_exact/Gaussian_calcfc/rxn1518/ts_guess.xyz
rxn1523,13,0,1,rxn1523.xyz,9a5d85192a662f14c122d678a6b307d55e8a5451cd9cbfc0b5b4d567fed1bc73,Gaussian_ReactOT_exact/Gaussian_calcfc/rxn1523/ts_guess.xyz
rxn1590,16,0,1,rxn1590.xyz,7d6cb8d28bea91ef6d29bded0e5cb7876462f47691a0b07ce8f73151d9ffcbf6,Gaussian_ReactOT_exact/Gaussian_calcfc/rxn1590/ts_guess.xyz
rxn1593,16,0,1,rxn1593.xyz,d50befa91b32906a30ce66def4b92f30f30b6b9b1486bab244383b3178b33076,Gaussian_ReactOT_exact/Gaussian_calcfc/rxn1593/ts_guess.xyz
rxn1595,13,0,1,rxn1595.xyz,9c148c5052ab5bea704083c63a1ce6495ec75ca6a7b8e996edfcc6ed4aca90f2,Gaussian_ReactOT_exact/Gaussian_calcfc/rxn1595/ts_guess.xyz
rxn1596,13,0,1,rxn1596.xyz,dba2db2f46cde3f1ad8ddd426f2828b43d60f390b7421947419e1c064cef68f9,Gaussian_ReactOT_exact/Gaussian_calcfc/rxn1596/ts_guess.xyz
rxn1625,9,0,1,rxn1625.xyz,ce01ea357ea888b136e021eba892b4dec18fda26e89b10656f1e4705cc53e983,Gaussian_ReactOT_exact/Gaussian_calcfc/rxn1625/ts_guess.xyz
rxn1639,14,0,1,rxn1639.xyz,38233677c886be81daef175cc45b9a237586df4b93644b48481bbc98c2dce968,Gaussian_ReactOT_exact/Gaussian_calcfc/rxn1639/ts_guess.xyz
rxn1648,14,0,1,rxn1648.xyz,0b69e24f8cd036889dac2dd8b52a6f5e30e2598ec004e5bfb1fedebf66d62559,Gaussian_ReactOT_exact/Gaussian_calcfc/rxn1648/ts_guess.xyz
rxn1650,14,0,1,rxn1650.xyz,fef997cc934271a391136fe05790304948c08cdfe7792e496a732c37ccab35bc,Gaussian_ReactOT_exact/Gaussian_calcfc/rxn1650/ts_guess.xyz
rxn1658,12,0,1,rxn1658.xyz,810e6fbff0291ef68c27da310090c79a0439e28557bc80c8566a9bd748d3dec1,Gaussian_ReactOT_exact/Gaussian_calcfc/rxn1658/ts_guess.xyz
rxn1661,11,0,1,rxn1661.xyz,21662532ceea000821279ef3e133ce22422b5405856d8083994d1f1d693f9574,Gaussian_ReactOT_exact/Gaussian_calcfc/rxn1661/ts_guess.xyz
rxn1666,11,0,1,rxn1666.xyz,7026fd4e80ed4d3fc61b83cf3ac5fa72594c3751ae558bda798f0b466c978896,Gaussian_ReactOT_exact/Gaussian_calcfc/rxn1666/ts_guess.xyz
rxn1676,13,0,1,rxn1676.xyz,c7db45a45856690b9b82b6aa8224cb891ffc3a14c9825be3022b57d2c4e6e5a9,Gaussian_ReactOT_exact/Gaussian_calcfc/rxn1676/ts_guess.xyz
rxn1713,14,0,1,rxn1713.xyz,4b7483814702c00e8d8d30c9cc7505be9a4d9868eaba06b5aa33d9cd76b74863,Gaussian_ReactOT_exact/Gaussian_calcfc/rxn1713/ts_guess.xyz
rxn1716,10,0,1,rxn1716.xyz,ef3b232a90289b6270cb3fdf6753673590d44f4a27df0619945da4cc7fa47113,Gaussian_ReactOT_exact/Gaussian_calcfc/rxn1716/ts_guess.xyz
rxn1721,13,0,1,rxn1721.xyz,c5410cd3eac73430fb3832dfe816cb07498dcb5cb0efe139b81d8eae78aa37a3,Gaussian_ReactOT_exact/Gaussian_calcfc/rxn1721/ts_guess.xyz
rxn1746,12,0,1,rxn1746.xyz,eacc0131c6b49b059111e9f10152be75062608697c92bb227a76cc5594b7d9ea,Gaussian_ReactOT_exact/Gaussian_calcfc/rxn1746/ts_guess.xyz
rxn1749,12,0,1,rxn1749.xyz,37e940419155d0fd4d45b92f2758e61f871f00b93437f6638a1f48126b188a00,Gaussian_ReactOT_exact/Gaussian_calcfc/rxn1749/ts_guess.xyz
rxn1758,13,0,1,rxn1758.xyz,75e623d2ace27d7b2f2a901e024e0676cb490ba37ec6ccbf8c16d541276b57cd,Gaussian_ReactOT_exact/Gaussian_calcfc/rxn1758/ts_guess.xyz
rxn1770,13,0,1,rxn1770.xyz,ca8100a102ba3c5b25f56a6d943133079febbc73356bba4674b176306de1cbfd,Gaussian_ReactOT_exact/Gaussian_calcfc/rxn1770/ts_guess.xyz
rxn1772,14,0,1,rxn1772.xyz,f874cac637a7c4936a361bc98001567549770729db77b99d978b8386e743b6c9,Gaussian_ReactOT_exact/Gaussian_calcfc/rxn1772/ts_guess.xyz
rxn1783,12,0,1,rxn1783.xyz,baa728b83ce864bfff00ab0e414d0c2527c3202060029353bd8e4f3678f0c1ec,Gaussian_ReactOT_exact/Gaussian_calcfc/rxn1783/ts_guess.xyz
rxn1795,10,0,1,rxn1795.xyz,59f17989a9c5859fd7e12ad1f09a39e95dc39553e7ef973935c1c847e8617f08,Gaussian_ReactOT_exact/Gaussian_calcfc/rxn1795/ts_guess.xyz
rxn1800,10,0,1,rxn1800.xyz,c9b46ee61888428a30dc04862e11729d7c70b3bb8bac6fcd11bfd858bad1be38,Gaussian_ReactOT_exact/Gaussian_calcfc/rxn1800/ts_guess.xyz
rxn1810,13,0,1,rxn1810.xyz,c12f6ba69066308c4a7c2cc99273c84c2e437974efbaf94f4f851ceccefeaefe,Gaussian_ReactOT_exact/Gaussian_calcfc/rxn1810/ts_guess.xyz
rxn1811,14,0,1,rxn1811.xyz,2a699999be465b23b23e98e6c789436700886075d4e13befafbc19ac3e4a2749,Gaussian_ReactOT_exact/Gaussian_calcfc/rxn1811/ts_guess.xyz
rxn1813,14,0,1,rxn1813.xyz,25ccee0951fc6d68b6c026079c98e94abf0bbc191134a2edf18f81835b04139e,Gaussian_ReactOT_exact/Gaussian_calcfc/rxn1813/ts_guess.xyz
rxn1816,14,0,1,rxn1816.xyz,afbedb0402e92dabaccf81f2f50030396f066f5bac34e83167d1a7a512c151d3,Gaussian_ReactOT_exact/Gaussian_calcfc/rxn1816/ts_guess.xyz
rxn1821,10,0,1,rxn1821.xyz,5de70a5c38c002c83f030bc445caf7f0d1cf0ef7a93b31626490ad1d060e605a,Gaussian_ReactOT_exact/Gaussian_calcfc/rxn1821/ts_guess.xyz
rxn1827,11,0,1,rxn1827.xyz,b0d1bbd36a6341dbd129bea47aae19033687178cb16e1087e9a5de80588f1828,Gaussian_ReactOT_exact/Gaussian_calcfc/rxn1827/ts_guess.xyz
rxn1836,11,0,1,rxn1836.xyz,91362d77b04c45f56d9084a7e9cfd36eb9134af9594e08ed973af51f975441f8,Gaussian_ReactOT_exact/Gaussian_calcfc/rxn1836/ts_guess.xyz
rxn1846,13,0,1,rxn1846.xyz,067a8541b9cdaf582f71309acb635b672b27f90b1c07b8a4368d06ad0da09beb,Gaussian_ReactOT_exact/Gaussian_calcfc/rxn1846/ts_guess.xyz
rxn1847,13,0,1,rxn1847.xyz,975862e682fbc8201242af07e7df253f6f1cbed81827d66a58dd296645eb1cef,Gaussian_ReactOT_exact/Gaussian_calcfc/rxn1847/ts_guess.xyz
rxn1866,14,0,1,rxn1866.xyz,e6379746d8f0341d1910a67f18494f3316d93735717a2880925e8ee6b96cb04b,Gaussian_ReactOT_exact/Gaussian_calcfc/rxn1866/ts_guess.xyz
rxn1875,13,0,1,rxn1875.xyz,1fc20cf690d8868673219790c894de7b7323f5564e2b54d6a5cdabeabe9ae0f9,Gaussian_ReactOT_exact/Gaussian_calcfc/rxn1875/ts_guess.xyz
rxn1879,10,0,1,rxn1879.xyz,e7bf57dfbc46e99d3c71aea4e154072094f770c07dde860415ea747eeaed5b62,Gaussian_ReactOT_exact/Gaussian_calcfc/rxn1879/ts_guess.xyz
rxn1880,10,0,1,rxn1880.xyz,b0b9a1655a911e6e90a411d51424c7462ca8524cfc39e0ba12fad7413a39b5d2,Gaussian_ReactOT_exact/Gaussian_calcfc/rxn1880/ts_guess.xyz
rxn1897,10,0,1,rxn1897.xyz,7e649ef35e50608859c00da6165ec419bfe76efe1b0c50ab9827faa7e1583393,Gaussian_ReactOT_exact/Gaussian_calcfc/rxn1897/ts_guess.xyz
rxn1915,12,0,1,rxn1915.xyz,7a1d6f4679134cc4fe673c6f84d72ac60caf7d6b3994c1ae355237ee1d7afa1c,Gaussian_ReactOT_exact/Gaussian_calcfc/rxn1915/ts_guess.xyz
rxn1922,15,0,1,rxn1922.xyz,4fd3bc705e8a40c9eff622f0dcc044d17cbd59a04a5acbe614f95bfc5de36ada,Gaussian_ReactOT_exact/Gaussian_calcfc/rxn1922/ts_guess.xyz
rxn1929,6,0,1,rxn1929.xyz,6c8783fdcc2c82ad1cb8ec423626be5c715c794395e48ef24eb5a1fb45506e41,Gaussian_ReactOT_exact/Gaussian_calcfc/rxn1929/ts_guess.xyz
rxn1946,12,0,1,rxn1946.xyz,c82b2fbf0cd5edf53be9112301143c7701568691441a75c99e31d33ecdc99e6c,Gaussian_ReactOT_exact/Gaussian_calcfc/rxn1946/ts_guess.xyz
rxn1961,10,0,1,rxn1961.xyz,38935e6ce7e219f6b831969ec20f97053644f55eec8ba51636558ff2bf759def,Gaussian_ReactOT_exact/Gaussian_calcfc/rxn1961/ts_guess.xyz
rxn1976,14,0,1,rxn1976.xyz,55f0c0eb8e6ae8021ed283db7ac0f2fe9e76e69b056ed36f2a5c77aec12b1399,Gaussian_ReactOT_exact/Gaussian_calcfc/rxn1976/ts_guess.xyz
rxn1983,12,0,1,rxn1983.xyz,743b01ab57e91ae72f8e5b5fb6bcecef64b01baca19d3cdcebb3bb17854d1b72,Gaussian_ReactOT_exact/Gaussian_calcfc/rxn1983/ts_guess.xyz
rxn1984,12,0,1,rxn1984.xyz,20eecffd66493c500ad9bdb034a5f38fb526e7960b57e05423da8c8e6e0cd08e,Gaussian_ReactOT_exact/Gaussian_calcfc/rxn1984/ts_guess.xyz
rxn1991,12,0,1,rxn1991.xyz,0775ebf12040b8288c0b7a37761cbe081d2578da8f94b6c5ce40f9ad9b2f8d10,Gaussian_ReactOT_exact/Gaussian_calcfc/rxn1991/ts_guess.xyz
rxn2009,12,0,1,rxn2009.xyz,0337e98205eeb3f810b0cf0f59f44c814ab468f5e31480055d3564f49cf02997,Gaussian_ReactOT_exact/Gaussian_calcfc/rxn2009/ts_guess.xyz
rxn2012,9,0,1,rxn2012.xyz,8dab7e560ac659cbca61d4b3b94f5743532c790bda9ac7a658d6b951ecf69fa8,Gaussian_ReactOT_exact/Gaussian_calcfc/rxn2012/ts_guess.xyz
rxn2024,11,0,1,rxn2024.xyz,a90d626acd736222b9db42f4adc872643f44244d952bd7a04576ebd3ccec5229,Gaussian_ReactOT_exact/Gaussian_calcfc/rxn2024/ts_guess.xyz
rxn2026,11,0,1,rxn2026.xyz,71466d484f31a669e1ec3cd5bb99a88db9e6cd2276bf42a67ad85b734ecef8a1,Gaussian_ReactOT_exact/Gaussian_calcfc/rxn2026/ts_guess.xyz
rxn2032,14,0,1,rxn2032.xyz,c552f194aa2986e3af22290bcbcff0f3e14f6d27cd92331476ab1f85b6d8d92d,Gaussian_ReactOT_exact/Gaussian_calcfc/rxn2032/ts_guess.xyz
rxn2034,14,0,1,rxn2034.xyz,33a853308a7a24b68d6bd0fcd15b7bd0f13962bfaa9cd34c82ecb232ad1e833b,Gaussian_ReactOT_exact/Gaussian_calcfc/rxn2034/ts_guess.xyz
rxn2065,13,0,1,rxn2065.xyz,cd93f33fc01831acf078c15ba2925d93f3084ce0a47edd666bb59e1b18bd92c1,Gaussian_ReactOT_exact/Gaussian_calcfc/rxn2065/ts_guess.xyz
rxn2070,13,0,1,rxn2070.xyz,a1f1423195718fed28cb2630377ee62e98f08757894fa9dcd7735ece230eca3d,Gaussian_ReactOT_exact/Gaussian_calcfc/rxn2070/ts_guess.xyz
rxn2073,13,0,1,rxn2073.xyz,b2acac0ac1bb301c9e7e9e956b4334cd6a2e7f29b24e97c231353239d16149c8,Gaussian_ReactOT_exact/Gaussian_calcfc/rxn2073/ts_guess.xyz
rxn2088,16,0,1,rxn2088.xyz,defb77fd42f1500fa4a4a496f497452063e00308257aaf91dd2d00707ed6513a,Gaussian_ReactOT_exact/Gaussian_calcfc/rxn2088/ts_guess.xyz
rxn2097,12,0,1,rxn2097.xyz,5008478119c1c1859d265fef13ab76ee3a5434dd346abbe3962c2bb2731d769e,Gaussian_ReactOT_exact/Gaussian_calcfc/rxn2097/ts_guess.xyz
rxn2099,12,0,1,rxn2099.xyz,f33bc3368589d891f7ec0c22ca72d2e6345bcf6934546a6ae08dfbb51c39f805,Gaussian_ReactOT_exact/Gaussian_calcfc/rxn2099/ts_guess.xyz
rxn2104,9,0,1,rxn2104.xyz,cb68165a89781251cfc8043e2123952c60050102961aad958d05bceb44867893,Gaussian_ReactOT_exact/Gaussian_calcfc/rxn2104/ts_guess.xyz
rxn2131,14,0,1,rxn2131.xyz,ab29762a3d3cd9ca9d9a9af58d2630b4e661cace10055fd70e2e247ff3d742ce,Gaussian_ReactOT_exact/Gaussian_calcfc/rxn2131/ts_guess.xyz
rxn2145,11,0,1,rxn2145.xyz,826d606f25f670ea41d857e8f88a8739355db4ace6bfa02b6a077427cc464c3d,Gaussian_ReactOT_exact/Gaussian_calcfc/rxn2145/ts_guess.xyz
rxn2149,11,0,1,rxn2149.xyz,d4640ebb66b629e99f716329320cb5d58bc398a41e9b63c29854cc575ac4a479,Gaussian_ReactOT_exact/Gaussian_calcfc/rxn2149/ts_guess.xyz
rxn2176,16,0,1,rxn2176.xyz,df2f9015b457f4022ee2435c9ae6115feb4e728e5cdc96af97fd158c6da8fa32,Gaussian_ReactOT_exact/Gaussian_calcfc/rxn2176/ts_guess.xyz
rxn2179,16,0,1,rxn2179.xyz,fd6b8cd91bb14afe33be3a2b3b52a857599da2f8e41f86cc52b9b39be1b5a45e,Gaussian_ReactOT_exact/Gaussian_calcfc/rxn2179/ts_guess.xyz
rxn2195,13,0,1,rxn2195.xyz,64a179e18b1af254a6fdb1de9f1baf4866e2bd59ade17a828203eba52901e7f1,Gaussian_ReactOT_exact/Gaussian_calcfc/rxn2195/ts_guess.xyz
rxn2212,17,0,1,rxn2212.xyz,55fe493d6d386dbb62fcdd25d6a1d84240cf03317ec25942475d74e52b25f10a,Gaussian_ReactOT_exact/Gaussian_calcfc/rxn2212/ts_guess.xyz
rxn2226,14,0,1,rxn2226.xyz,5b43f2051ca754789b40d0e35c17996add2afeba3fb04373e610be7e79d73b96,Gaussian_ReactOT_exact/Gaussian_calcfc/rxn2226/ts_guess.xyz
rxn2271,16,0,1,rxn2271.xyz,5956d3813a349defda1608484fbe5ab5169d845ef3aeac0ef0566a82566f6457,Gaussian_ReactOT_exact/Gaussian_calcfc/rxn2271/ts_guess.xyz
rxn2279,12,0,1,rxn2279.xyz,d587a9b8748fc02d805c912e9c98a07f4f6d003018c9e5a63b3310d181c7351a,Gaussian_ReactOT_exact/Gaussian_calcfc/rxn2279/ts_guess.xyz
rxn2289,14,0,1,rxn2289.xyz,5e14051144212740550c13fffdc1caa7f2cbb0632ea8bbb29849a7ef7e94c248,Gaussian_ReactOT_exact/Gaussian_calcfc/rxn2289/ts_guess.xyz
rxn2306,10,0,1,rxn2306.xyz,16f4178017e244a280feab320f99d61a5c9fc27893b4bd866bcf722deb02c1e6,Gaussian_ReactOT_exact/Gaussian_calcfc/rxn2306/ts_guess.xyz
rxn2317,10,0,1,rxn2317.xyz,2349bd95b855cce2c05f7f1705af3b58564a31ffeb5dfe20524677babdad407b,Gaussian_ReactOT_exact/Gaussian_calcfc/rxn2317/ts_guess.xyz
rxn2318,10,0,1,rxn2318.xyz,64ae225ff4546eff504a000631a16a73747b94ca7a80f94fc0a38d6dbeba95b6,Gaussian_ReactOT_exact/Gaussian_calcfc/rxn2318/ts_guess.xyz
rxn2337,11,0,1,rxn2337.xyz,b8e51c220b6890decdce967cde27360a9d6c5c19e3207f776271cf65c064ec78,Gaussian_ReactOT_exact/Gaussian_calcfc/rxn2337/ts_guess.xyz
rxn2349,11,0,1,rxn2349.xyz,cc54eaa0b6ad05fdf4fcf8c2a11253e63eaa2c2b69193cf28465699def31983c,Gaussian_ReactOT_exact/Gaussian_calcfc/rxn2349/ts_guess.xyz
rxn2356,11,0,1,rxn2356.xyz,d6f11d71bcd4f5168283c85270f234421c03ffa3eb81f197ba33f66ec80f581e,Gaussian_ReactOT_exact/Gaussian_calcfc/rxn2356/ts_guess.xyz
rxn2357,12,0,1,rxn2357.xyz,a3813c6fa707e339463bed3a40cc992e520aca46218149284c4fe52846490af4,Gaussian_ReactOT_exact/Gaussian_calcfc/rxn2357/ts_guess.xyz
rxn2380,9,0,1,rxn2380.xyz,88807a5f316f98c9f2086c0f429cf54b42acb749b3cb5c42e1f956bc2b063bc9,Gaussian_ReactOT_exact/Gaussian_calcfc/rxn2380/ts_guess.xyz
rxn2382,9,0,1,rxn2382.xyz,85c2fc7b0068fdd5e9ab60d8f7a9357d3c0d76ace3d46c890c967a44af05abab,Gaussian_ReactOT_exact/Gaussian_calcfc/rxn2382/ts_guess.xyz
rxn2395,10,0,1,rxn2395.xyz,ca73c18347ca9f81d0b90303dea303f73ea902581f445aae998292cc2892ebe0,Gaussian_ReactOT_exact/Gaussian_calcfc/rxn2395/ts_guess.xyz
rxn2407,12,0,1,rxn2407.xyz,5f894e23974865c89205f0352a198981a039319dc22ea6056393922f67249988,Gaussian_ReactOT_exact/Gaussian_calcfc/rxn2407/ts_guess.xyz
rxn2410,12,0,1,rxn2410.xyz,73e79f557d7d326a52bdc91c5553578cd9f2737872eb2f05a43f41027f6c2a5e,Gaussian_ReactOT_exact/Gaussian_calcfc/rxn2410/ts_guess.xyz
rxn2411,12,0,1,rxn2411.xyz,eaf5f102ba15311701852eab45576ea83387a978e60dfbd996591b1cac33fa90,Gaussian_ReactOT_exact/Gaussian_calcfc/rxn2411/ts_guess.xyz
rxn2417,13,0,1,rxn2417.xyz,22b3f786d0f6d59c9c678777a533db20f6296dc15a0e214e6119463fe49818a2,Gaussian_ReactOT_exact/Gaussian_calcfc/rxn2417/ts_guess.xyz
rxn2421,12,0,1,rxn2421.xyz,edec9dd9518cd565544957608eda1255ddd98c53fbc9611c903fe1b5ef4d62fd,Gaussian_ReactOT_exact/Gaussian_calcfc/rxn2421/ts_guess.xyz
rxn2422,16,0,1,rxn2422.xyz,73d521574fbfaf7341a496acb64d20542d3b628d61f831623b4470e31bbbe021,Gaussian_ReactOT_exact/Gaussian_calcfc/rxn2422/ts_guess.xyz
rxn2440,14,0,1,rxn2440.xyz,32f4e91332916dd5355f99b08dff77cf2fea261ee9041b811758de7a141210ec,Gaussian_ReactOT_exact/Gaussian_calcfc/rxn2440/ts_guess.xyz
rxn2445,14,0,1,rxn2445.xyz,99bcdbc41ef6fb01a5bd7c3b6a14c373c2a1b78731cda169a29a2dc6cce2fe64,Gaussian_ReactOT_exact/Gaussian_calcfc/rxn2445/ts_guess.xyz
rxn2446,14,0,1,rxn2446.xyz,663be6d65a2e1cad8a686e94707a7294bba83802eff48cff043ec84a8d42bc37,Gaussian_ReactOT_exact/Gaussian_calcfc/rxn2446/ts_guess.xyz
rxn2461,13,0,1,rxn2461.xyz,544a839ac9974ba9d858765520426583e9f5e76366ec5599a5119f380d35a716,Gaussian_ReactOT_exact/Gaussian_calcfc/rxn2461/ts_guess.xyz
rxn2478,13,0,1,rxn2478.xyz,9b95a5a01d034e97f5f8a34b1f188b0d1aa2713683a3b6631a4420b5eef89280,Gaussian_ReactOT_exact/Gaussian_calcfc/rxn2478/ts_guess.xyz
rxn2490,12,0,1,rxn2490.xyz,760c79948c3dceb73a981b07048dd6d15084210fe1aee7f529203e9376838fc9,Gaussian_ReactOT_exact/Gaussian_calcfc/rxn2490/ts_guess.xyz
rxn2500,13,0,1,rxn2500.xyz,a3430bf6552ca51c60ef6dd61823db398cf28b81647d092a6540f3b7b02f1eff,Gaussian_ReactOT_exact/Gaussian_calcfc/rxn2500/ts_guess.xyz
rxn2501,13,0,1,rxn2501.xyz,40420fb923660bb2f161df63394cfe6df83d4fea082396d6cc04058cf483a057,Gaussian_ReactOT_exact/Gaussian_calcfc/rxn2501/ts_guess.xyz
rxn2510,14,0,1,rxn2510.xyz,a45697b0251dbedf95f7530ff5dcdb784ded7b7be8e5259c3a440dae799387df,Gaussian_ReactOT_exact/Gaussian_calcfc/rxn2510/ts_guess.xyz
rxn2564,13,0,1,rxn2564.xyz,3cda1b37ab3f279e7bb9dd9bba8c2a6df2697ac36d5d9953b264a10415cdde7f,Gaussian_ReactOT_exact/Gaussian_calcfc/rxn2564/ts_guess.xyz
rxn2567,13,0,1,rxn2567.xyz,e93419a19bb063e0128ec82c2a9889362a40bb35a08315d72ddcc07a1d16ecaf,Gaussian_ReactOT_exact/Gaussian_calcfc/rxn2567/ts_guess.xyz
rxn2574,12,0,1,rxn2574.xyz,39a5f730e14d9c3cacd0381a7c4924cba054bd76499a1f33e905782c0ec578b6,Gaussian_ReactOT_exact/Gaussian_calcfc/rxn2574/ts_guess.xyz
rxn2587,5,0,1,rxn2587.xyz,9c456ea315417dac830df520d512e34d94ceaa9fb60e0eb0093777fe369c7ef4,Gaussian_ReactOT_exact/Gaussian_calcfc/rxn2587/ts_guess.xyz
rxn2591,18,0,1,rxn2591.xyz,54054b18f8a8874b47d4850fe3b54ee95d79a75f107b9fa6a52b7fb483d0499a,Gaussian_ReactOT_exact/Gaussian_calcfc/rxn2591/ts_guess.xyz
rxn2608,14,0,1,rxn2608.xyz,050c39df10144dd9beda232e6d9e6bcb41a35ea70760cd433b93876250808de0,Gaussian_ReactOT_exact/Gaussian_calcfc/rxn2608/ts_guess.xyz
rxn2646,16,0,1,rxn2646.xyz,a152ea4c79ba3b1ab8e490321a52087b0cdd1ec61e9a38df53d4f1c205b4b23c,Gaussian_ReactOT_exact/Gaussian_calcfc/rxn2646/ts_guess.xyz
rxn2651,14,0,1,rxn2651.xyz,34d295d7e3b22629b17590d415fadf668e06672e76a45abd8da863ad7e0445ab,Gaussian_ReactOT_exact/Gaussian_calcfc/rxn2651/ts_guess.xyz
rxn2656,14,0,1,rxn2656.xyz,729b76c21be76a5880d2c58208695605bf6364e72eb43e9271f384d2dc4bfc8f,Gaussian_ReactOT_exact/Gaussian_calcfc/rxn2656/ts_guess.xyz
rxn2669,14,0,1,rxn2669.xyz,74bcc78584e7a93bab49b621049ff80eed7b90d3ccb63ca6e2ab97fb003f255e,Gaussian_ReactOT_exact/Gaussian_calcfc/rxn2669/ts_guess.xyz
rxn2672,16,0,1,rxn2672.xyz,7658136a50198e6d277b8f551d531052cbf867c433f0a0699a5af58b33e98dff,Gaussian_ReactOT_exact/Gaussian_calcfc/rxn2672/ts_guess.xyz
rxn2673,16,0,1,rxn2673.xyz,1230e6edf1eae0f873941066dc76ebc9a25fa55e4a04cf9df9b07c029086ce74,Gaussian_ReactOT_exact/Gaussian_calcfc/rxn2673/ts_guess.xyz
rxn2675,9,0,1,rxn2675.xyz,76bd0fcb8afed09a592af1cc3e7c7b3b347a07e4b15aca35b80b66a8d6554c2b,Gaussian_ReactOT_exact/Gaussian_calcfc/rxn2675/ts_guess.xyz
rxn2681,9,0,1,rxn2681.xyz,ee6bbf7a3952b48a3aa506bcac515ed63f0fb767f7665b9e1d4c710259cb1b1e,Gaussian_ReactOT_exact/Gaussian_calcfc/rxn2681/ts_guess.xyz
rxn2687,12,0,1,rxn2687.xyz,1e835276d278ac222624b03fcfd2419ddcca7280772e84f5cdf51283f754bb09,Gaussian_ReactOT_exact/Gaussian_calcfc/rxn2687/ts_guess.xyz
rxn2692,12,0,1,rxn2692.xyz,296a593010d255cecf879cc5c2b2df47d85fa0c181448923c0b32c84c11e2228,Gaussian_ReactOT_exact/Gaussian_calcfc/rxn2692/ts_guess.xyz
rxn2706,11,0,1,rxn2706.xyz,4cbda69e00857a3d847495b2a5dedef602c34831589a0e76fd65ca909361a06d,Gaussian_ReactOT_exact/Gaussian_calcfc/rxn2706/ts_guess.xyz
rxn2722,13,0,1,rxn2722.xyz,8171ac68348de053585fc8bff721bc13bc1d2342c2e4ba87604f265257c646d6,Gaussian_ReactOT_exact/Gaussian_calcfc/rxn2722/ts_guess.xyz
rxn2730,10,0,1,rxn2730.xyz,cb155777a0bfe2f6e66aac93412cc563f69df809e8a3bb7c0148fa68d408be06,Gaussian_ReactOT_exact/Gaussian_calcfc/rxn2730/ts_guess.xyz
rxn2738,10,0,1,rxn2738.xyz,fe19647ff4ccde7e9bdcd5d278a46e6e0e252acd1ee4620740f88eeb8ee5dd10,Gaussian_ReactOT_exact/Gaussian_calcfc/rxn2738/ts_guess.xyz
rxn2748,12,0,1,rxn2748.xyz,8d1ed5ff5082d9bb8f59927d956e27fd66057c9d0f3f17b14200590e1c41b291,Gaussian_ReactOT_exact/Gaussian_calcfc/rxn2748/ts_guess.xyz
rxn2756,13,0,1,rxn2756.xyz,e46db64bc0287d98e92296facf18af789cd282d931c8a5fd02488b07de318774,Gaussian_ReactOT_exact/Gaussian_calcfc/rxn2756/ts_guess.xyz
rxn2757,13,0,1,rxn2757.xyz,47094ec62e9ad1180ce146879cd7aa277fd911ea78a1e0f81755a62d39013fc2,Gaussian_ReactOT_exact/Gaussian_calcfc/rxn2757/ts_guess.xyz
rxn2779,11,0,1,rxn2779.xyz,bd778eb03afe4c6055221c2f8056ed5547118e52eff8fb2ff53b0c720f443303,Gaussian_ReactOT_exact/Gaussian_calcfc/rxn2779/ts_guess.xyz
rxn2788,14,0,1,rxn2788.xyz,1b2664ee3a1429f58ae41de37723a54241f40f867add4175d5098b43ec39ef9e,Gaussian_ReactOT_exact/Gaussian_calcfc/rxn2788/ts_guess.xyz
rxn2817,13,0,1,rxn2817.xyz,cf24ee7fed6023f39d99c06d932cae361033057a1ba03a7476eff440c9f16386,Gaussian_ReactOT_exact/Gaussian_calcfc/rxn2817/ts_guess.xyz
rxn2823,14,0,1,rxn2823.xyz,a642e66898aa69223a997812bf4545b683285e8f6e70d7fbe79f644b9df7d6b7,Gaussian_ReactOT_exact/Gaussian_calcfc/rxn2823/ts_guess.xyz
rxn2834,12,0,1,rxn2834.xyz,e8c8ede66d191547095dbe6e7abe6decadf06d39f2de4e04dd06cb7a1ce47763,Gaussian_ReactOT_exact/Gaussian_calcfc/rxn2834/ts_guess.xyz
rxn2839,12,0,1,rxn2839.xyz,a32d697ca13f5834f76ae25eb5bff3eb3f72d962794a1df7eef7760b480a2cce,Gaussian_ReactOT_exact/Gaussian_calcfc/rxn2839/ts_guess.xyz
rxn2847,11,0,1,rxn2847.xyz,d3da17511d41fffab099d473980aadbf37f7f52f7259f78ca09b6ee745f1bc12,Gaussian_ReactOT_exact/Gaussian_calcfc/rxn2847/ts_guess.xyz
rxn2858,6,0,1,rxn2858.xyz,530f4892de448fbeb9915bcf6967c79e4b76b1caafd15668c63ccc10bd26cc4c,Gaussian_ReactOT_exact/Gaussian_calcfc/rxn2858/ts_guess.xyz
rxn2877,12,0,1,rxn2877.xyz,1247108f3d3af0db48469c8e4020b3ebae3ede4d7e487d6deac9682186dd6043,Gaussian_ReactOT_exact/Gaussian_calcfc/rxn2877/ts_guess.xyz
rxn2880,12,0,1,rxn2880.xyz,21a61e25808d9cddff1174c13a29248b6e5a86dd208bf1ec05e6846040e857bd,Gaussian_ReactOT_exact/Gaussian_calcfc/rxn2880/ts_guess.xyz
rxn2881,12,0,1,rxn2881.xyz,2c897e36f6999e3b4d77625f1738764b8650fcc02391ad9b97d30709345a69a4,Gaussian_ReactOT_exact/Gaussian_calcfc/rxn2881/ts_guess.xyz
rxn2885,13,0,1,rxn2885.xyz,b12e899ea032957de9d12b04df1047004d465639585246391d0f3e7f65b53000,Gaussian_ReactOT_exact/Gaussian_calcfc/rxn2885/ts_guess.xyz
rxn2897,12,0,1,rxn2897.xyz,2c6d15a634c8b79683c918342f607d8b573fe3f865ebb91dd699935d8c6fb629,Gaussian_ReactOT_exact/Gaussian_calcfc/rxn2897/ts_guess.xyz
rxn2902,12,0,1,rxn2902.xyz,b6b7603a366ff0308959af19c61814e97716878a4dba621f359c986c6c1f579a,Gaussian_ReactOT_exact/Gaussian_calcfc/rxn2902/ts_guess.xyz
rxn2909,16,0,1,rxn2909.xyz,8fc86063b83dfd58ae38066e1cfbd41dd6e8fa0684cd56f49ab123733938c5e8,Gaussian_ReactOT_exact/Gaussian_calcfc/rxn2909/ts_guess.xyz
rxn2912,16,0,1,rxn2912.xyz,1ac6bcf56c0d446fd3af6670e5326740eccf6dce8ef68510354e0d4a970e8dc8,Gaussian_ReactOT_exact/Gaussian_calcfc/rxn2912/ts_guess.xyz
rxn2917,8,0,1,rxn2917.xyz,b809cf8c5387d64179d618f66bb7f66a547b276b587d54f89df8ef92ca935ebb,Gaussian_ReactOT_exact/Gaussian_calcfc/rxn2917/ts_guess.xyz
rxn2920,16,0,1,rxn2920.xyz,94a66402c7089c089d8ed898992be3d1589c366268b6c1b8502e2b3dd6163c46,Gaussian_ReactOT_exact/Gaussian_calcfc/rxn2920/ts_guess.xyz
rxn2931,16,0,1,rxn2931.xyz,263937bafa626785eeb943bd5e23111ba7217883f2b3da145d37ea2291023d1f,Gaussian_ReactOT_exact/Gaussian_calcfc/rxn2931/ts_guess.xyz
rxn2932,16,0,1,rxn2932.xyz,52d220db4a9487526c603fac228f10a3bf3c35b8dae60345131fc0f7b096dcb5,Gaussian_ReactOT_exact/Gaussian_calcfc/rxn2932/ts_guess.xyz
rxn2943,15,0,1,rxn2943.xyz,77c3a860bca9c2bd9fbcf1db053ff68ccc7d931e11d988d0fbfd76a53439692c,Gaussian_ReactOT_exact/Gaussian_calcfc/rxn2943/ts_guess.xyz
rxn2950,14,0,1,rxn2950.xyz,d7ed212c0ed4950c0f97e3bb10cc1c883da0f0977092f7f576d0edb953a5f757,Gaussian_ReactOT_exact/Gaussian_calcfc/rxn2950/ts_guess.xyz
rxn2957,14,0,1,rxn2957.xyz,b92468423bd49e86743c11799107df7b0c5949119f0515b0c4a753e89b72bcfa,Gaussian_ReactOT_exact/Gaussian_calcfc/rxn2957/ts_guess.xyz
rxn2961,11,0,1,rxn2961.xyz,1968e1494931614f466449a91a311e5dd03c078fc310223bb5c0f3b5b791ccdb,Gaussian_ReactOT_exact/Gaussian_calcfc/rxn2961/ts_guess.xyz
rxn2972,8,0,1,rxn2972.xyz,185b9cb06c239f3fae4fff726d187301cfa7774dc4c787f1ae838f7f3363e318,Gaussian_ReactOT_exact/Gaussian_calcfc/rxn2972/ts_guess.xyz
rxn2973,16,0,1,rxn2973.xyz,97bac088bf8cee4c85d5a961f3c42ba3df43a065bb189115c3b2aa263741ed88,Gaussian_ReactOT_exact/Gaussian_calcfc/rxn2973/ts_guess.xyz
rxn2978,14,0,1,rxn2978.xyz,ea3e9514498415d93da67a2e444d5b97f19ce27dafa1fe017868ca1b861a9a2c,Gaussian_ReactOT_exact/Gaussian_calcfc/rxn2978/ts_guess.xyz
rxn2983,13,0,1,rxn2983.xyz,cfbfb3ac7eea09c607bdfecbcf55f547a8189b48dcaefd6525e20a182c479f8a,Gaussian_ReactOT_exact/Gaussian_calcfc/rxn2983/ts_guess.xyz
rxn2986,14,0,1,rxn2986.xyz,88aa693b59e1404b4fb38b96dedcf5c64feefe9648eb8b70f04b507ee2a6098c,Gaussian_ReactOT_exact/Gaussian_calcfc/rxn2986/ts_guess.xyz
rxn3010,12,0,1,rxn3010.xyz,8245917dcdc8a6ab570707738d50376858f4d352a8513b6f62d89bdaa5dfd1c1,Gaussian_ReactOT_exact/Gaussian_calcfc/rxn3010/ts_guess.xyz
rxn3015,10,0,1,rxn3015.xyz,931c4b60e3a70742f09b9a8cdc6d5f12981d1fc405bbcacb2ebec79bdad32d14,Gaussian_ReactOT_exact/Gaussian_calcfc/rxn3015/ts_guess.xyz
rxn3053,16,0,1,rxn3053.xyz,51355dd2db6b8e9d96c6c426b52c110c42b49e8c50cd27a32683c65acb6b670f,Gaussian_ReactOT_exact/Gaussian_calcfc/rxn3053/ts_guess.xyz
rxn3068,14,0,1,rxn3068.xyz,7b22e07eb073e3ae8d72ce2eb50a817eee8c786e4f4f106ab80efe084389edf4,Gaussian_ReactOT_exact/Gaussian_calcfc/rxn3068/ts_guess.xyz
rxn3075,9,0,1,rxn3075.xyz,9a4110be64a0c1cf7402c4c58aa47ccd346e5874ba5b1a87b9f19d71d1443b9e,Gaussian_ReactOT_exact/Gaussian_calcfc/rxn3075/ts_guess.xyz
rxn3086,13,0,1,rxn3086.xyz,93c5e3bdcb9ae1066b964bb637ae1c4fdc80bb89d8e69957f827aec08fecb326,Gaussian_ReactOT_exact/Gaussian_calcfc/rxn3086/ts_guess.xyz
rxn3092,13,0,1,rxn3092.xyz,2945c57f3de6019a71330f11b1fe4c41ee65d5e0704ecb066b48ab7decf92ae2,Gaussian_ReactOT_exact/Gaussian_calcfc/rxn3092/ts_guess.xyz
rxn3100,14,0,1,rxn3100.xyz,eace0077b9597f80200f3d1dd6bd1b3ce98301fbc002dbc4a2c0fb620e953a3a,Gaussian_ReactOT_exact/Gaussian_calcfc/rxn3100/ts_guess.xyz
rxn3108,11,0,1,rxn3108.xyz,55ab77e05cf0d4534e8bcac4b2f7a187280bd3fee6a20135d26b7d90af7872b9,Gaussian_ReactOT_exact/Gaussian_calcfc/rxn3108/ts_guess.xyz
rxn3111,14,0,1,rxn3111.xyz,2569dd77d00c8ac9b4ddf7a3e2e7b78de5937db8b87b6ecc3cadf7eba1731bd5,Gaussian_ReactOT_exact/Gaussian_calcfc/rxn3111/ts_guess.xyz
rxn3122,7,0,1,rxn3122.xyz,c111743c0f45f8073c1b148a59d65a0def9cd942ea7d8010fb64fbeca06b70e8,Gaussian_ReactOT_exact/Gaussian_calcfc/rxn3122/ts_guess.xyz
rxn3127,7,0,1,rxn3127.xyz,93e6f2183f64b0290a261ac9720ba7fb532f5c1c414c2a4c8e7f65ec4bd4adb3,Gaussian_ReactOT_exact/Gaussian_calcfc/rxn3127/ts_guess.xyz
rxn3133,11,0,1,rxn3133.xyz,dde655cfd611429ca51396d093754edf86fe8b884d46d3a0a0208140465baf23,Gaussian_ReactOT_exact/Gaussian_calcfc/rxn3133/ts_guess.xyz
rxn3144,14,0,1,rxn3144.xyz,585500a86c5a50b0dde80a4edd7141534f4411f430ce84005caaad51de1aee18,Gaussian_ReactOT_exact/Gaussian_calcfc/rxn3144/ts_guess.xyz
rxn3154,9,0,1,rxn3154.xyz,e63446b0404947f99b83dacd251cc3b6c374dcb9e07d05e6b13d2bf101c8340e,Gaussian_ReactOT_exact/Gaussian_calcfc/rxn3154/ts_guess.xyz
rxn3162,12,0,1,rxn3162.xyz,3137725a08dcddc91181e398e4790334399fe9c5683502243077c4d5ad3ab083,Gaussian_ReactOT_exact/Gaussian_calcfc/rxn3162/ts_guess.xyz
rxn3168,12,0,1,rxn3168.xyz,bfe20f788d1d3fbcb850c3127c7b3175ba8fb88b6351f5f1d2208af2c23cc685,Gaussian_ReactOT_exact/Gaussian_calcfc/rxn3168/ts_guess.xyz
rxn3173,12,0,1,rxn3173.xyz,86b0857df53362f9fd4efee1c5689498512cb541f25ab0e85cce12eebae5f08b,Gaussian_ReactOT_exact/Gaussian_calcfc/rxn3173/ts_guess.xyz
rxn3174,12,0,1,rxn3174.xyz,0c3bfe5a59da5d3633b9142abee3a5af8c0ba7530a66fdcc99951eb07f6e43e9,Gaussian_ReactOT_exact/Gaussian_calcfc/rxn3174/ts_guess.xyz
rxn3177,12,0,1,rxn3177.xyz,c33780d526a2096267d1279bebc56479164bb8962e7c7befa67ef71e2fba4be5,Gaussian_ReactOT_exact/Gaussian_calcfc/rxn3177/ts_guess.xyz
rxn3192,16,0,1,rxn3192.xyz,a0b377ac58e23afcc9a94b8c061695bc4929dc91fa9b075c378a82dadc231a9d,Gaussian_ReactOT_exact/Gaussian_calcfc/rxn3192/ts_guess.xyz
rxn3194,9,0,1,rxn3194.xyz,fcba0278e5b74edc083769e8378539cb26705f987e26c72a9de0ba58b868d3cf,Gaussian_ReactOT_exact/Gaussian_calcfc/rxn3194/ts_guess.xyz
rxn3196,10,0,1,rxn3196.xyz,e48a4072d0715217d7c10b8b7466a8cd806647e8479e7404457c114d115b7287,Gaussian_ReactOT_exact/Gaussian_calcfc/rxn3196/ts_guess.xyz
rxn3202,10,0,1,rxn3202.xyz,dbbb5b00565309cc6c70437993f391f007fb83838c88660ff15ba055657e6240,Gaussian_ReactOT_exact/Gaussian_calcfc/rxn3202/ts_guess.xyz
rxn3206,10,0,1,rxn3206.xyz,71ef6647356fffa604bdf665bb929788c16bbf3ad141090e72faef8d72dcbce9,Gaussian_ReactOT_exact/Gaussian_calcfc/rxn3206/ts_guess.xyz
rxn3214,16,0,1,rxn3214.xyz,2b1f61ec8b39f490443a5ad479120ced4b53136b6257b00e468fa010d54bcc95,Gaussian_ReactOT_exact/Gaussian_calcfc/rxn3214/ts_guess.xyz
rxn3217,16,0,1,rxn3217.xyz,ae00f770913fe2c671b29b292ec69e0676a45121204c597de82d4f2019e355a1,Gaussian_ReactOT_exact/Gaussian_calcfc/rxn3217/ts_guess.xyz
rxn3221,14,0,1,rxn3221.xyz,3985de5b348af16ccc45da62a8e50b5c0cdfa2e0b902192b662f7fc51954d278,Gaussian_ReactOT_exact/Gaussian_calcfc/rxn3221/ts_guess.xyz
rxn3231,13,0,1,rxn3231.xyz,e93f7da59e02b50933dd66003051775dece2f7bffa60dff5ef227adc5ae7c002,Gaussian_ReactOT_exact/Gaussian_calcfc/rxn3231/ts_guess.xyz
rxn3233,17,0,1,rxn3233.xyz,cc33c3ebeb13f359bd2dde5638f124cc295cc76850b8e3c61c0abedbfb8de91a,Gaussian_ReactOT_exact/Gaussian_calcfc/rxn3233/ts_guess.xyz
rxn3235,17,0,1,rxn3235.xyz,70307c67260b1961d95f2d2db21411d3dcf9b81deb5901eb5287b4cd50c03f29,Gaussian_ReactOT_exact/Gaussian_calcfc/rxn3235/ts_guess.xyz
rxn3244,12,0,1,rxn3244.xyz,28c6dfd965628d0124a085e756f6883f9da13e4f2b67d56276743b058f03be5d,Gaussian_ReactOT_exact/Gaussian_calcfc/rxn3244/ts_guess.xyz
rxn3246,12,0,1,rxn3246.xyz,aea305110cea2b2cf9249f11f47ffa128b62d8eb58c7da8c3193aa091131727b,Gaussian_ReactOT_exact/Gaussian_calcfc/rxn3246/ts_guess.xyz
rxn3256,12,0,1,rxn3256.xyz,4bc273b96e2035921fbe74a257ea63e476dec657e22cb03237fa9c7776dc3f25,Gaussian_ReactOT_exact/Gaussian_calcfc/rxn3256/ts_guess.xyz
rxn3264,8,0,1,rxn3264.xyz,f6eeb5d10843b7abab98bd5642ca4d2b83b805647b614419fe2059f238879968,Gaussian_ReactOT_exact/Gaussian_calcfc/rxn3264/ts_guess.xyz
rxn3266,11,0,1,rxn3266.xyz,92cc1c637dc16ec06ee24b3cf913851093ec6ba1775bfb76265aa977fd11f7f7,Gaussian_ReactOT_exact/Gaussian_calcfc/rxn3266/ts_guess.xyz
rxn3277,11,0,1,rxn3277.xyz,66ed10dafc9e5a5b88468e3642182bef670d51d6266a25f9238c9164e8f7286d,Gaussian_ReactOT_exact/Gaussian_calcfc/rxn3277/ts_guess.xyz
rxn3295,14,0,1,rxn3295.xyz,9b9e20f51378986fe1aaeaec803bf892cc2318d6e6bcd6ed727de90462eb6c9f,Gaussian_ReactOT_exact/Gaussian_calcfc/rxn3295/ts_guess.xyz
rxn3305,11,0,1,rxn3305.xyz,d8fad83c77453afb59dbb496d81eb4f9d74c8c4e3b7c0abfa7a711aab7719975,Gaussian_ReactOT_exact/Gaussian_calcfc/rxn3305/ts_guess.xyz
rxn3309,10,0,1,rxn3309.xyz,fbf5eca57b665d84851e45041adc63ae419bd12decf1214e096bf11af548dade,Gaussian_ReactOT_exact/Gaussian_calcfc/rxn3309/ts_guess.xyz
rxn3323,10,0,1,rxn3323.xyz,328f5bbcf419255b0a8da0a82a0601ac6b3104e42862ad04989cd457e073ea51,Gaussian_ReactOT_exact/Gaussian_calcfc/rxn3323/ts_guess.xyz
rxn3329,12,0,1,rxn3329.xyz,67b200c3669ffcf698209464a7691cb10d6825b6d597ec5eb447f614a5a4f05c,Gaussian_ReactOT_exact/Gaussian_calcfc/rxn3329/ts_guess.xyz
rxn3335,10,0,1,rxn3335.xyz,08a9ae102159417977a10b1e1432a5742b674cc98e145adeb01ce3e95c8ec007,Gaussian_ReactOT_exact/Gaussian_calcfc/rxn3335/ts_guess.xyz
rxn3338,10,0,1,rxn3338.xyz,107a9558c4032fe1b94f0746e451f5cd753690617007efac0abebbf7f6a3c710,Gaussian_ReactOT_exact/Gaussian_calcfc/rxn3338/ts_guess.xyz
rxn3339,10,0,1,rxn3339.xyz,3152d8e2df2568efffb76ee7f8821aa094f872e6d3f1e508b031aaf48355f0de,Gaussian_ReactOT_exact/Gaussian_calcfc/rxn3339/ts_guess.xyz
rxn3343,16,0,1,rxn3343.xyz,4f55c614b9c9648a8c7273bd7d2bf48f55f6a3d349b923397f13b9053ac8e53e,Gaussian_ReactOT_exact/Gaussian_calcfc/rxn3343/ts_guess.xyz
rxn3345,16,0,1,rxn3345.xyz,2b5d8311dd25825788b1cd7cbbfdd2bc885ad61aa69a8dcc1ca3851471e00967,Gaussian_ReactOT_exact/Gaussian_calcfc/rxn3345/ts_guess.xyz
rxn3387,13,0,1,rxn3387.xyz,09fea6b99411c5b3a580c9d1455cc2b7a2a61c68fdccda71019789043a0df0a2,Gaussian_ReactOT_exact/Gaussian_calcfc/rxn3387/ts_guess.xyz
rxn3398,13,0,1,rxn3398.xyz,b3ff52ddf9c702e2dc37d5db71f26ac1df4dbaa5333412d3718e40c9bf22445e,Gaussian_ReactOT_exact/Gaussian_calcfc/rxn3398/ts_guess.xyz
rxn3422,13,0,1,rxn3422.xyz,888851a8eecdf8ed30e7c0d1967ea53d2f5f7bfedf7c3c70e653eea12f7dfc64,Gaussian_ReactOT_exact/Gaussian_calcfc/rxn3422/ts_guess.xyz
rxn3429,18,0,1,rxn3429.xyz,c973762a61d64a9c7d0ddb7b722ebc5fe1dbc2ce90f963dd7fd75b94448f8cd3,Gaussian_ReactOT_exact/Gaussian_calcfc/rxn3429/ts_guess.xyz
rxn3464,16,0,1,rxn3464.xyz,54c1ac14ef9d81ac9c72d23003c78f85c5c92493a7819838432d6dcb85acf065,Gaussian_ReactOT_exact/Gaussian_calcfc/rxn3464/ts_guess.xyz
rxn3466,16,0,1,rxn3466.xyz,3ce3caa5ccac31f453a803a911cab85510223d3327c82d2c8a2d9630f4c8e740,Gaussian_ReactOT_exact/Gaussian_calcfc/rxn3466/ts_guess.xyz
rxn3485,14,0,1,rxn3485.xyz,a2403a49761631ac0df157f6b3bdf74dd4efea0b059e82dd23d35a7eb66509fc,Gaussian_ReactOT_exact/Gaussian_calcfc/rxn3485/ts_guess.xyz
rxn3514,12,0,1,rxn3514.xyz,807faecdec92cf5800b78248bde604f38284635e315774a2fb8919e9df2eb969,Gaussian_ReactOT_exact/Gaussian_calcfc/rxn3514/ts_guess.xyz
rxn3528,11,0,1,rxn3528.xyz,ab6b1179a035d1a2f4ad450d52f6b4232488eb75dfc220326a991f20d2b5f4a3,Gaussian_ReactOT_exact/Gaussian_calcfc/rxn3528/ts_guess.xyz
rxn3536,8,0,1,rxn3536.xyz,294f4c8e99fa598a96bd67f6f8158c7837a98daab53b6c58167beebce39466ae,Gaussian_ReactOT_exact/Gaussian_calcfc/rxn3536/ts_guess.xyz
rxn3558,11,0,1,rxn3558.xyz,ddeb32fd92d53ede32114ee85fbc81cdaf17635f657c7a1fdb9178a56be0dd9d,Gaussian_ReactOT_exact/Gaussian_calcfc/rxn3558/ts_guess.xyz
rxn3575,12,0,1,rxn3575.xyz,d6fd8bd8b2579ff5bbe6e3a68ff3d2b77bd51cbc3351791b331cb87ba09d220f,Gaussian_ReactOT_exact/Gaussian_calcfc/rxn3575/ts_guess.xyz
rxn3576,12,0,1,rxn3576.xyz,83a80ea634449cdf78ea14c63c3c2ba6e02e7a1d0a162710e408dbc054b4f125,Gaussian_ReactOT_exact/Gaussian_calcfc/rxn3576/ts_guess.xyz
rxn3596,10,0,1,rxn3596.xyz,f2c9b6eb901f219841b907ba353909bada85977179a756fc142199a4452e9ca2,Gaussian_ReactOT_exact/Gaussian_calcfc/rxn3596/ts_guess.xyz
rxn3600,10,0,1,rxn3600.xyz,a9a5527ef30181aa1b2063782e9d09660ed966dfb31d3f36f72821e17e821282,Gaussian_ReactOT_exact/Gaussian_calcfc/rxn3600/ts_guess.xyz
rxn3607,10,0,1,rxn3607.xyz,a07ffd2069b726b73351f34c64fcb32e6b652fdfa4012f9502e3798993fed0a3,Gaussian_ReactOT_exact/Gaussian_calcfc/rxn3607/ts_guess.xyz
rxn3618,13,0,1,rxn3618.xyz,3be55f0b817c6ea8d102a51a65bdfba77153f4af03939f694617bde07e988617,Gaussian_ReactOT_exact/Gaussian_calcfc/rxn3618/ts_guess.xyz
rxn3631,15,0,1,rxn3631.xyz,d292f8e17ff71a5d62a827c3dfb252e58a3028526cd1941c137500ec5e303b5f,Gaussian_ReactOT_exact/Gaussian_calcfc/rxn3631/ts_guess.xyz
rxn3639,12,0,1,rxn3639.xyz,236b4db9a85d24674a7db8280345850963421305b54906b9687ee0316b9c64dd,Gaussian_ReactOT_exact/Gaussian_calcfc/rxn3639/ts_guess.xyz
rxn3642,12,0,1,rxn3642.xyz,1f8e23d016e03f54f6635ff76693e9a64c9f9d93adb15e4730667b2cd8deb53f,Gaussian_ReactOT_exact/Gaussian_calcfc/rxn3642/ts_guess.xyz
rxn3645,12,0,1,rxn3645.xyz,c1b6d06ef8b0f9a607a8d59ec9e8eb567f0d1d895a719d87c92a8ecba3aef157,Gaussian_ReactOT_exact/Gaussian_calcfc/rxn3645/ts_guess.xyz
rxn3654,13,0,1,rxn3654.xyz,8f5105e23c97776ae5fb02b634166e6dafc9f86d479ead4c60917fa14ad5844d,Gaussian_ReactOT_exact/Gaussian_calcfc/rxn3654/ts_guess.xyz
rxn3655,13,0,1,rxn3655.xyz,0451192136c6588155b9b83d2f48cb2e5da9ae6bb3952c6944426e393cb6794f,Gaussian_ReactOT_exact/Gaussian_calcfc/rxn3655/ts_guess.xyz
rxn3657,13,0,1,rxn3657.xyz,fa70dae6b6994534f3f74599135c23f100b3f373a709fca9ba5a16e4bd416026,Gaussian_ReactOT_exact/Gaussian_calcfc/rxn3657/ts_guess.xyz
rxn3674,16,0,1,rxn3674.xyz,da1090fdcc1ed88198f1eea215cb58a0c570595df98cb333e8c839be6ad24a83,Gaussian_ReactOT_exact/Gaussian_calcfc/rxn3674/ts_guess.xyz
rxn3675,16,0,1,rxn3675.xyz,6566bf453b741be3122bdf9763e758b3cfa183f4f34da67a39e1d88e598863c0,Gaussian_ReactOT_exact/Gaussian_calcfc/rxn3675/ts_guess.xyz
rxn3688,12,0,1,rxn3688.xyz,2fe996c47bc25f7f0b4b05f8b9608c644f407c83e093c1977b049c66257b8b4c,Gaussian_ReactOT_exact/Gaussian_calcfc/rxn3688/ts_guess.xyz
rxn3692,12,0,1,rxn3692.xyz,4d5ebfd4fc67838a615c0dd2cb3c1a416f8830024d602e5b766eea05b7ecc27b,Gaussian_ReactOT_exact/Gaussian_calcfc/rxn3692/ts_guess.xyz
rxn3702,12,0,1,rxn3702.xyz,8fa4fec785e96d8db67f58d8be3ea9b6410816d4ab9149175df630e16bf82479,Gaussian_ReactOT_exact/Gaussian_calcfc/rxn3702/ts_guess.xyz
rxn3705,6,0,1,rxn3705.xyz,78728f47d6fc0d7bf5ee008820995e57a74c35cbaf11509449f6fa2e8b8633f9,Gaussian_ReactOT_exact/Gaussian_calcfc/rxn3705/ts_guess.xyz
rxn3710,11,0,1,rxn3710.xyz,1a833eb4413dba3e677dc99effe837c568586225992848444ff829096931ce3a,Gaussian_ReactOT_exact/Gaussian_calcfc/rxn3710/ts_guess.xyz
rxn3726,7,0,1,rxn3726.xyz,98e1cf20716982ce7622d2202319b330108a1dfa40bd6d0dcde2a31e84073002,Gaussian_ReactOT_exact/Gaussian_calcfc/rxn3726/ts_guess.xyz
rxn3729,14,0,1,rxn3729.xyz,57e5b7b1174d958512c8457b82d265e2de7a50d9cf9a7b6b51b351d2fd70041e,Gaussian_ReactOT_exact/Gaussian_calcfc/rxn3729/ts_guess.xyz
rxn3742,13,0,1,rxn3742.xyz,54a7fc4a796239778e0ce3a3e4dd275334aa15bdef76a2456b67f8eac8fcce02,Gaussian_ReactOT_exact/Gaussian_calcfc/rxn3742/ts_guess.xyz
rxn3748,13,0,1,rxn3748.xyz,f7c7544cb63353ff3998f3bb714f77073058104dd567a54f9e1ec9cbdd3f10a6,Gaussian_ReactOT_exact/Gaussian_calcfc/rxn3748/ts_guess.xyz
rxn3764,13,0,1,rxn3764.xyz,b5c2d97239c0d7abbe201cabdd78f2439820c72978f0778a56ac1febc90bc8d1,Gaussian_ReactOT_exact/Gaussian_calcfc/rxn3764/ts_guess.xyz
rxn3773,16,0,1,rxn3773.xyz,a37746ea7203d6c416eae28379ad49472ff1376d179a7258a834df3f40d53759,Gaussian_ReactOT_exact/Gaussian_calcfc/rxn3773/ts_guess.xyz
rxn3774,16,0,1,rxn3774.xyz,5b2f56fff7bb40089ee264f00fba8492efdd1e0a46dd436dc64dcdd5af7f82ef,Gaussian_ReactOT_exact/Gaussian_calcfc/rxn3774/ts_guess.xyz
rxn3790,16,0,1,rxn3790.xyz,4154c2a685da0648dd46f1b651d77e8bf7118f949d80098a7b8045fc7a1c6b49,Gaussian_ReactOT_exact/Gaussian_calcfc/rxn3790/ts_guess.xyz
rxn3801,15,0,1,rxn3801.xyz,3f4cf2c3a14c8c6bbea94bf091ac6a5bdccb751a066c84cde7984077351830c1,Gaussian_ReactOT_exact/Gaussian_calcfc/rxn3801/ts_guess.xyz
rxn3802,15,0,1,rxn3802.xyz,fc8324901cc94203cfc7e877e4f68711d322797766d559a7bead7f3582ad7101,Gaussian_ReactOT_exact/Gaussian_calcfc/rxn3802/ts_guess.xyz
rxn3811,14,0,1,rxn3811.xyz,bbbfafd608c6360d46f967b5ee6137bbde2aa47fddacdb354e2f7d14b21927ce,Gaussian_ReactOT_exact/Gaussian_calcfc/rxn3811/ts_guess.xyz
rxn3813,14,0,1,rxn3813.xyz,1d848f997a7065561ba609fb5c1ee6f95d6ca827baaa4a3908ace9ddd6c7c26b,Gaussian_ReactOT_exact/Gaussian_calcfc/rxn3813/ts_guess.xyz
rxn3818,14,0,1,rxn3818.xyz,dcab8b81f6e4f4eceef714581b859a6dbedf79cd2d4821aac4d2f47e6dfcf4cc,Gaussian_ReactOT_exact/Gaussian_calcfc/rxn3818/ts_guess.xyz
rxn3832,11,0,1,rxn3832.xyz,8a44edfaf95a7fb4f5db6107665ad07c82e580b8af1a0a38f7986f3434efbf24,Gaussian_ReactOT_exact/Gaussian_calcfc/rxn3832/ts_guess.xyz
rxn3835,11,0,1,rxn3835.xyz,5a57c777ddb5f7d6a24352d92ea50dea9d5553096846b6b249e01d01a28b3c58,Gaussian_ReactOT_exact/Gaussian_calcfc/rxn3835/ts_guess.xyz
rxn3837,11,0,1,rxn3837.xyz,2c39af2aa43d0bc7c6c0cb6bd8241d4d06904220898e3d4f0327dd05dd02196b,Gaussian_ReactOT_exact/Gaussian_calcfc/rxn3837/ts_guess.xyz
rxn3843,9,0,1,rxn3843.xyz,d18e51e824823024ae53f2926b38055244b12267cb5c71aa30475b0c2952f317,Gaussian_ReactOT_exact/Gaussian_calcfc/rxn3843/ts_guess.xyz
rxn3845,9,0,1,rxn3845.xyz,4678f2bfd84d9bf904995b4d56d746e0889665f57b7fbcc2db4bbcd24467951b,Gaussian_ReactOT_exact/Gaussian_calcfc/rxn3845/ts_guess.xyz
rxn3847,9,0,1,rxn3847.xyz,dad0c3c3014470a649b238933cf7832784aa3d2a8cd8d4f89c35bf0c50ced61c,Gaussian_ReactOT_exact/Gaussian_calcfc/rxn3847/ts_guess.xyz
rxn3854,11,0,1,rxn3854.xyz,e041677df719c5736a44ef19e6e444fff757e4d070afc90aede95f7833c8281a,Gaussian_ReactOT_exact/Gaussian_calcfc/rxn3854/ts_guess.xyz
rxn3881,16,0,1,rxn3881.xyz,f6d9677af6dbeaf12a4a671b23ac9bd602127d18f710707317daa20498b1a605,Gaussian_ReactOT_exact/Gaussian_calcfc/rxn3881/ts_guess.xyz
rxn3898,16,0,1,rxn3898.xyz,584764898e3aa6e35ea8ec882c7b7774c046dc4e2c1a43fd4689cf35ad5a2ef5,Gaussian_ReactOT_exact/Gaussian_calcfc/rxn3898/ts_guess.xyz
rxn3908,18,0,1,rxn3908.xyz,41c531de56437b203c924b30ff0a19e1ce5952f27140086916a27318cce87af2,Gaussian_ReactOT_exact/Gaussian_calcfc/rxn3908/ts_guess.xyz
rxn3914,10,0,1,rxn3914.xyz,10f83586c49501c1b57358af3f29e0877514169fd3ce5144a998e453e0c586af,Gaussian_ReactOT_exact/Gaussian_calcfc/rxn3914/ts_guess.xyz
rxn3920,8,0,1,rxn3920.xyz,49c8f8dd179a1101475265bf5fb3ff17227796896f420226bca9a61dd1ed02bd,Gaussian_ReactOT_exact/Gaussian_calcfc/rxn3920/ts_guess.xyz
rxn3922,8,0,1,rxn3922.xyz,79fe39efd50ee2d3638ab465de0ab857c672be522373e1eafa5f56039a00fb9c,Gaussian_ReactOT_exact/Gaussian_calcfc/rxn3922/ts_guess.xyz
rxn3934,12,0,1,rxn3934.xyz,25975a6831f4f3a552897ddcb5a9c77fb93520df08e56b7f1d9b1f8fa44cd814,Gaussian_ReactOT_exact/Gaussian_calcfc/rxn3934/ts_guess.xyz
rxn3943,14,0,1,rxn3943.xyz,d7eb54210f14b746108339e549e5f903b664b06ac7558407d2ed2f4294f3894c,Gaussian_ReactOT_exact/Gaussian_calcfc/rxn3943/ts_guess.xyz
rxn3952,12,0,1,rxn3952.xyz,142549b7a95ff14e7fe699cc704ec3a1ccefeaf342b218d38a03da0459262553,Gaussian_ReactOT_exact/Gaussian_calcfc/rxn3952/ts_guess.xyz
rxn3984,10,0,1,rxn3984.xyz,2140c55e27283ef5398fa2dcf4e772718b0b63ec294d2d1383c82d0b13fd6422,Gaussian_ReactOT_exact/Gaussian_calcfc/rxn3984/ts_guess.xyz
rxn3994,12,0,1,rxn3994.xyz,2053315373c502ce64128f19a3ebfb4ef84363beb4bfd0faaa13e4b117683ced,Gaussian_ReactOT_exact/Gaussian_calcfc/rxn3994/ts_guess.xyz
rxn4011,14,0,1,rxn4011.xyz,1e85e79014a95c8d42e611900d5ebd444d617a18bd2e3ad108d435522677cdc3,Gaussian_ReactOT_exact/Gaussian_calcfc/rxn4011/ts_guess.xyz
rxn4022,8,0,1,rxn4022.xyz,59755a34e0f447684ac5482f3cebb39fd699f412acbba4398cf89a8d31a41fc6,Gaussian_ReactOT_exact/Gaussian_calcfc/rxn4022/ts_guess.xyz
rxn4023,12,0,1,rxn4023.xyz,bcb4a82cc2acecf52d66ca689252298d97a47c4cb7b2167a926b3dfdb6cdad05,Gaussian_ReactOT_exact/Gaussian_calcfc/rxn4023/ts_guess.xyz
rxn4043,12,0,1,rxn4043.xyz,bbfd38094f3ce98ae2fcdbd0c4775c883531dd7000360da4899213473c2c11da,Gaussian_ReactOT_exact/Gaussian_calcfc/rxn4043/ts_guess.xyz
rxn4059,14,0,1,rxn4059.xyz,8b4e7cc49a5e94093a49f8aa59da5f863719daf3b3ad260df49f3533f139ce18,Gaussian_ReactOT_exact/Gaussian_calcfc/rxn4059/ts_guess.xyz
rxn4064,11,0,1,rxn4064.xyz,0cbfdc56b5979ca296cf5ae86cc8ec9689af7d2d56849d9ec3fbd28fc965b546,Gaussian_ReactOT_exact/Gaussian_calcfc/rxn4064/ts_guess.xyz
rxn4066,11,0,1,rxn4066.xyz,fce869970475340d43de470d1ca1f1a2f2960eb8beefb67cc02a2ae9eb747dd3,Gaussian_ReactOT_exact/Gaussian_calcfc/rxn4066/ts_guess.xyz
rxn4082,14,0,1,rxn4082.xyz,1696c552ac22f56ee334f6bb2afbafc75b0d9420bc86b169372e5e899e4eb0ae,Gaussian_ReactOT_exact/Gaussian_calcfc/rxn4082/ts_guess.xyz
rxn4086,14,0,1,rxn4086.xyz,bd99cb3d0a6c25355dad1948c21bb41c4c871826f61bd8f22993fd870e3d919d,Gaussian_ReactOT_exact/Gaussian_calcfc/rxn4086/ts_guess.xyz
rxn4087,14,0,1,rxn4087.xyz,85840524cd13c7064ab802854bd49db8b661bd86faac3466bc93081ffee4c3ff,Gaussian_ReactOT_exact/Gaussian_calcfc/rxn4087/ts_guess.xyz
rxn4091,14,0,1,rxn4091.xyz,98d4e19ff709564ab352766b8c7cdfeefc2a8fc930bdbd5b48809d21e7115e89,Gaussian_ReactOT_exact/Gaussian_calcfc/rxn4091/ts_guess.xyz
rxn4093,14,0,1,rxn4093.xyz,4f34e04ac22f97b9e4152e707a85e8fc4425baa5df8b59f9acf4df53dd85d1ec,Gaussian_ReactOT_exact/Gaussian_calcfc/rxn4093/ts_guess.xyz
rxn4101,10,0,1,rxn4101.xyz,107f004445b794b46cc59dec88465b6a7e150156a2301ff7996ea1c5186bd134,Gaussian_ReactOT_exact/Gaussian_calcfc/rxn4101/ts_guess.xyz
rxn4103,11,0,1,rxn4103.xyz,7b7a825ab0e02162a0dd6228215fa45745191824cb78c3d45ec7894ee3a2f8cb,Gaussian_ReactOT_exact/Gaussian_calcfc/rxn4103/ts_guess.xyz
rxn4107,11,0,1,rxn4107.xyz,f4fd8c304806033abe6b1fb2828d8a338054f6370ebcf02b153b7273d20073d2,Gaussian_ReactOT_exact/Gaussian_calcfc/rxn4107/ts_guess.xyz
rxn4111,11,0,1,rxn4111.xyz,8cae62ee5e80c75c1729bc955ef019e2d7028a516ca9fc4f582ed4b1918fba47,Gaussian_ReactOT_exact/Gaussian_calcfc/rxn4111/ts_guess.xyz
rxn4119,11,0,1,rxn4119.xyz,7955c26bb120c4671827ad034e1dfb051af19e3faf45e35e1fac21298869885d,Gaussian_ReactOT_exact/Gaussian_calcfc/rxn4119/ts_guess.xyz
rxn4146,10,0,1,rxn4146.xyz,f99aacee23cd7d262bbb72f6a349f68d474850e18489d4b8f739e0e5c4894940,Gaussian_ReactOT_exact/Gaussian_calcfc/rxn4146/ts_guess.xyz
rxn4202,12,0,1,rxn4202.xyz,d6f3dbd998be898d40d82130024e677ceea62d3f9ea6013e78eaabdd70555e86,Gaussian_ReactOT_exact/Gaussian_calcfc/rxn4202/ts_guess.xyz
rxn4205,12,0,1,rxn4205.xyz,6dd1a7627c8e82085f531c434d21f6af0abec934ce6c6d2e5505d4411c7ee717,Gaussian_ReactOT_exact/Gaussian_calcfc/rxn4205/ts_guess.xyz
rxn4218,14,0,1,rxn4218.xyz,51842f902e6d03329c42de63d0df446019ae896e7ff120ca4697f81dcb81de84,Gaussian_ReactOT_exact/Gaussian_calcfc/rxn4218/ts_guess.xyz
rxn4226,9,0,1,rxn4226.xyz,cf23a087a786aba9c71a5055d98ed30ead341d4bb96d9ec4fd4bfd93fe8fc70f,Gaussian_ReactOT_exact/Gaussian_calcfc/rxn4226/ts_guess.xyz
rxn4228,9,0,1,rxn4228.xyz,cc2890bab1295936c3031e679bd2d27b19da7501367c7ea6c003cfcd242c7c00,Gaussian_ReactOT_exact/Gaussian_calcfc/rxn4228/ts_guess.xyz
rxn4260,12,0,1,rxn4260.xyz,52c7d276c316ad6801288b4641bc1a00e1874682d7e2f70b8ff912142b2f0a4a,Gaussian_ReactOT_exact/Gaussian_calcfc/rxn4260/ts_guess.xyz
rxn4272,14,0,1,rxn4272.xyz,3958abf3526b4a1697f83874d0348269f85f122a6defab8ef8abf952acfdcbee,Gaussian_ReactOT_exact/Gaussian_calcfc/rxn4272/ts_guess.xyz
rxn4298,12,0,1,rxn4298.xyz,024a0867d80b975dedc311bb29e7085784bbd69035ff4a644a66ba9c33622f91,Gaussian_ReactOT_exact/Gaussian_calcfc/rxn4298/ts_guess.xyz
rxn4310,9,0,1,rxn4310.xyz,9fedf417ac43289915e643e53f5812ee7573ea906b7695fab7d30bdb8735029e,Gaussian_ReactOT_exact/Gaussian_calcfc/rxn4310/ts_guess.xyz
rxn4314,11,0,1,rxn4314.xyz,8e805ad2006501415683f117a18934978376a83797563ce080ae9b9a80401f3f,Gaussian_ReactOT_exact/Gaussian_calcfc/rxn4314/ts_guess.xyz
rxn4317,11,0,1,rxn4317.xyz,86c41d487fa87fcd14d8b014c6605e3772b67bc9547a50334080386a56f9fc3d,Gaussian_ReactOT_exact/Gaussian_calcfc/rxn4317/ts_guess.xyz
rxn4321,10,0,1,rxn4321.xyz,cbcbe0da6b2b3756928b0f03057f584abdff42ca51132c98552e676c19f3d0bb,Gaussian_ReactOT_exact/Gaussian_calcfc/rxn4321/ts_guess.xyz
rxn4323,10,0,1,rxn4323.xyz,955ff970dc3fea42adf8456df8e61791a2154c607e9123a828190f31caa016b4,Gaussian_ReactOT_exact/Gaussian_calcfc/rxn4323/ts_guess.xyz
rxn4324,10,0,1,rxn4324.xyz,63b89c4346f0373c4f0e8f882a83bb9030cf854815381fa81fa7f5390117c47d,Gaussian_ReactOT_exact/Gaussian_calcfc/rxn4324/ts_guess.xyz
rxn4326,10,0,1,rxn4326.xyz,a60524f28ab75c19724a9e31a33dcd3d6d1af69964cae13166c7addac5ec9267,Gaussian_ReactOT_exact/Gaussian_calcfc/rxn4326/ts_guess.xyz
rxn4330,10,0,1,rxn4330.xyz,4fa70a00f1d05ade3899b2d0c0995fb3b320883f6218fc50a46ce831670260d5,Gaussian_ReactOT_exact/Gaussian_calcfc/rxn4330/ts_guess.xyz
rxn4345,14,0,1,rxn4345.xyz,7655a49eb4c846ed2744a653985d0035cb56ab76cf37b53966044d97c983faed,Gaussian_ReactOT_exact/Gaussian_calcfc/rxn4345/ts_guess.xyz
rxn4384,14,0,1,rxn4384.xyz,f040746869cd48cbbd696fbe77a9350d89da5f4ab5d394a17382ca79cd802825,Gaussian_ReactOT_exact/Gaussian_calcfc/rxn4384/ts_guess.xyz
rxn4389,12,0,1,rxn4389.xyz,120dc65ba346c8b1829ff5355e31c338daf7970e7c980378d795d215f68720e1,Gaussian_ReactOT_exact/Gaussian_calcfc/rxn4389/ts_guess.xyz
rxn4391,12,0,1,rxn4391.xyz,8b4630ae6e0dbc18bdd576ecbbd2da771f717c37dd2272bb60d2ef70d9deb391,Gaussian_ReactOT_exact/Gaussian_calcfc/rxn4391/ts_guess.xyz
rxn4392,12,0,1,rxn4392.xyz,ccc3a7f1783c75640a038bfc5edfe78037a3fc93ff4f2fe258e6bbee927e87a7,Gaussian_ReactOT_exact/Gaussian_calcfc/rxn4392/ts_guess.xyz
rxn4414,11,0,1,rxn4414.xyz,04b66d798482341b3d614b0da5418b64d2269ea498f37cda0c9928fd6d908da9,Gaussian_ReactOT_exact/Gaussian_calcfc/rxn4414/ts_guess.xyz
rxn4419,11,0,1,rxn4419.xyz,2c46297dcf77e08971e1b26bc18ae76207e5fac00607d9182fd68589c99a1b24,Gaussian_ReactOT_exact/Gaussian_calcfc/rxn4419/ts_guess.xyz
rxn4424,15,0,1,rxn4424.xyz,9450b315957867e231bc292d8a0486aaad20f8ebf5d8f3c924285421727f9342,Gaussian_ReactOT_exact/Gaussian_calcfc/rxn4424/ts_guess.xyz
rxn4425,15,0,1,rxn4425.xyz,3cc2cda3ada1c4a85dadf5e07f9c6a863166dbda777852b3825490a6f01d7541,Gaussian_ReactOT_exact/Gaussian_calcfc/rxn4425/ts_guess.xyz
rxn4428,8,0,1,rxn4428.xyz,c79563283aea3190345d3132f2847b42c547f5297950a7cf393b6af11ab0c6e5,Gaussian_ReactOT_exact/Gaussian_calcfc/rxn4428/ts_guess.xyz
rxn4440,5,0,1,rxn4440.xyz,a4d162d735eb6373137c8fcb27a0274aead7b6e76f0ef2cc25bdf35ca448c839,Gaussian_ReactOT_exact/Gaussian_calcfc/rxn4440/ts_guess.xyz
rxn4461,12,0,1,rxn4461.xyz,1e716f96f32e30da1d0ab22a74be958d8d62ace50215ce45da225b0525fdda89,Gaussian_ReactOT_exact/Gaussian_calcfc/rxn4461/ts_guess.xyz
rxn4467,12,0,1,rxn4467.xyz,be8514d415e21ac429eddba6511e9797621168e064d70b6ff6c8e63627038a8d,Gaussian_ReactOT_exact/Gaussian_calcfc/rxn4467/ts_guess.xyz
rxn4468,12,0,1,rxn4468.xyz,d1123656c2db62449c7024ea6b649ec4f7223a8e258115043fd0c352bf9e3e78,Gaussian_ReactOT_exact/Gaussian_calcfc/rxn4468/ts_guess.xyz
rxn4477,11,0,1,rxn4477.xyz,d9d5c503d9a5663dbe2e370ef459b808c1b96c63fe9c3a7c87ff336a1e2993e6,Gaussian_ReactOT_exact/Gaussian_calcfc/rxn4477/ts_guess.xyz
rxn4484,15,0,1,rxn4484.xyz,6608060b5d6096d47cc5c73f1ac47579ccbcda9ef1c87d747891f30d604c3d65,Gaussian_ReactOT_exact/Gaussian_calcfc/rxn4484/ts_guess.xyz
rxn4490,13,0,1,rxn4490.xyz,3b376b20e2073dd01c2704134a4a21ccab8370cab18649beaed812e647b77643,Gaussian_ReactOT_exact/Gaussian_calcfc/rxn4490/ts_guess.xyz
rxn4496,13,0,1,rxn4496.xyz,0918685fc1aa55c6fbb258ffbeba6d4dcb6fd6f80fd7540c7cab61c08ca0d054,Gaussian_ReactOT_exact/Gaussian_calcfc/rxn4496/ts_guess.xyz
rxn4497,11,0,1,rxn4497.xyz,646216525b0f30d2ffe79fe29f3931b6dd9a35b512f3f3370a4a4867df1c7f4e,Gaussian_ReactOT_exact/Gaussian_calcfc/rxn4497/ts_guess.xyz
rxn4507,10,0,1,rxn4507.xyz,f73698fa518b9d43a390e67148ff92a30633ea76a63db102d7be91efdaa8cace,Gaussian_ReactOT_exact/Gaussian_calcfc/rxn4507/ts_guess.xyz
rxn4528,12,0,1,rxn4528.xyz,602a6a514300db15e04797996442d6082a5daab96e090bc84b3cfe47b275fa08,Gaussian_ReactOT_exact/Gaussian_calcfc/rxn4528/ts_guess.xyz
rxn4530,15,0,1,rxn4530.xyz,628e56e706d2f7d3114a886a7056635cba45ec6bb7e2c12934485b43d700fcae,Gaussian_ReactOT_exact/Gaussian_calcfc/rxn4530/ts_guess.xyz
rxn4535,15,0,1,rxn4535.xyz,b07728540b11754717753aebeae48b977c9893c0496edf979656295cc6eef404,Gaussian_ReactOT_exact/Gaussian_calcfc/rxn4535/ts_guess.xyz
rxn4544,14,0,1,rxn4544.xyz,5b1a8e62c9b27b8bc89048ca2fa6da84aa84b444333b788398abd8807829934f,Gaussian_ReactOT_exact/Gaussian_calcfc/rxn4544/ts_guess.xyz
rxn4555,14,0,1,rxn4555.xyz,54bb776015648ea9319d797d3c90daa6c49cc8eedbb71aec8b4feae0c5ff2568,Gaussian_ReactOT_exact/Gaussian_calcfc/rxn4555/ts_guess.xyz
rxn4567,13,0,1,rxn4567.xyz,2f3122c4bb3acfccea3b6959cb54b16f0a617abc9b69ce079216e5d4c389445d,Gaussian_ReactOT_exact/Gaussian_calcfc/rxn4567/ts_guess.xyz
rxn4569,13,0,1,rxn4569.xyz,355b77d351c1fbfd3ab9baff01064502b8df6c7a2e5aca44ce237ba56c8377b7,Gaussian_ReactOT_exact/Gaussian_calcfc/rxn4569/ts_guess.xyz
rxn4574,14,0,1,rxn4574.xyz,ba7dbd31846f2ef2be7fdef2e15bf9c65d2f84fdb6dd60c9a878984ecd1abe5a,Gaussian_ReactOT_exact/Gaussian_calcfc/rxn4574/ts_guess.xyz
rxn4583,10,0,1,rxn4583.xyz,c9d8de76faf96f240378533d1c0242bc1513a32be01e82cff7628a5894845d0d,Gaussian_ReactOT_exact/Gaussian_calcfc/rxn4583/ts_guess.xyz
rxn4599,10,0,1,rxn4599.xyz,669cedb095bccb5f4c36ad239ddb79ed2ba3cac1a620c623b6fb61126027af1f,Gaussian_ReactOT_exact/Gaussian_calcfc/rxn4599/ts_guess.xyz
rxn4608,14,0,1,rxn4608.xyz,3e29df02b1f1c9171805f6a622faf12933a78e4bbf516856c364df976f8717da,Gaussian_ReactOT_exact/Gaussian_calcfc/rxn4608/ts_guess.xyz
rxn4618,15,0,1,rxn4618.xyz,64623d241cd7eaed6e386eb39027a6fb93062318fec8df7bcdf18610d4711858,Gaussian_ReactOT_exact/Gaussian_calcfc/rxn4618/ts_guess.xyz
rxn4620,15,0,1,rxn4620.xyz,ec36832ced38a4fafe69544c786290c1f8e989f8292139d20f6b0b8f059482d3,Gaussian_ReactOT_exact/Gaussian_calcfc/rxn4620/ts_guess.xyz
rxn4627,13,0,1,rxn4627.xyz,deb40b7b1b0dc0b9259613b10632f449fbe19e57bc26be1a0347e26c815a310e,Gaussian_ReactOT_exact/Gaussian_calcfc/rxn4627/ts_guess.xyz
rxn4631,13,0,1,rxn4631.xyz,06686eb598c848fa91b08608b7bad0d9dcc9e40aa121ba3b4d1dbfe0f713c5af,Gaussian_ReactOT_exact/Gaussian_calcfc/rxn4631/ts_guess.xyz
rxn4654,10,0,1,rxn4654.xyz,41adb04627ee76befd08a2c6aa71fd3bf864465d93291d1bd28058e822d6325c,Gaussian_ReactOT_exact/Gaussian_calcfc/rxn4654/ts_guess.xyz
rxn4683,16,0,1,rxn4683.xyz,84b84f800cade2eff72bcaf7774dda1065e7bd3f1a1f17de6362c40ac85ebbc3,Gaussian_ReactOT_exact/Gaussian_calcfc/rxn4683/ts_guess.xyz
rxn4685,16,0,1,rxn4685.xyz,7c1a7ccdc372adff83cfefa8f729cca4cf8b92f9141b864c937277d5fe4410fc,Gaussian_ReactOT_exact/Gaussian_calcfc/rxn4685/ts_guess.xyz
rxn4688,16,0,1,rxn4688.xyz,168ff62d491ce8c4dc886efac0daa77221c6c7b80b037c01202306e132b6f74e,Gaussian_ReactOT_exact/Gaussian_calcfc/rxn4688/ts_guess.xyz
rxn4694,13,0,1,rxn4694.xyz,dcdddbd575bc3d737e334f361f17f902dbb4980258999fc0be9117673866a90e,Gaussian_ReactOT_exact/Gaussian_calcfc/rxn4694/ts_guess.xyz
rxn4698,13,0,1,rxn4698.xyz,118996876462ca00d0daeaa49c1c1bb123c65480e30dcd018a2b844f66ecbfd3,Gaussian_ReactOT_exact/Gaussian_calcfc/rxn4698/ts_guess.xyz
rxn4726,16,0,1,rxn4726.xyz,4caa506d82fe4cd5de003e116832eaa08dc1f0b82a7a6f5509bd715f3a6e6435,Gaussian_ReactOT_exact/Gaussian_calcfc/rxn4726/ts_guess.xyz
rxn4729,14,0,1,rxn4729.xyz,5546d7390f05d190f383beeb7256abf6dfa670de555df655f76aaff6c4ac637b,Gaussian_ReactOT_exact/Gaussian_calcfc/rxn4729/ts_guess.xyz
rxn4736,14,0,1,rxn4736.xyz,221cc135ac048585154785df12dda7e2ae602331b337ff1dac4f0a305174b2a1,Gaussian_ReactOT_exact/Gaussian_calcfc/rxn4736/ts_guess.xyz
rxn4739,14,0,1,rxn4739.xyz,593ed79198cdb3fb57eb3c4f399e6306a8ee1b735e43ba1e9d8b2befb09b9993,Gaussian_ReactOT_exact/Gaussian_calcfc/rxn4739/ts_guess.xyz
rxn4742,11,0,1,rxn4742.xyz,776dfbb53c169d96dc8031a689edb1f76fc62de8b1bca97cd2ed53c3884ddb05,Gaussian_ReactOT_exact/Gaussian_calcfc/rxn4742/ts_guess.xyz
rxn4767,14,0,1,rxn4767.xyz,356bfcc6c61fd41063fda84ddec233d60771a9d9fbf9bd1da3c33621d959a9aa,Gaussian_ReactOT_exact/Gaussian_calcfc/rxn4767/ts_guess.xyz
rxn4771,14,0,1,rxn4771.xyz,adc4791b3900d3af48511a6d64682530319ab053f607de02a72aa32f52301538,Gaussian_ReactOT_exact/Gaussian_calcfc/rxn4771/ts_guess.xyz
rxn4772,14,0,1,rxn4772.xyz,4ebbc0197aab5ebc1e0c7f8472c044fb95efc5cab491e7119100af64a5542a15,Gaussian_ReactOT_exact/Gaussian_calcfc/rxn4772/ts_guess.xyz
rxn4776,14,0,1,rxn4776.xyz,c27e517f4c50e27e2d5df366c330b1b94bc1ee2ede125d404dd81e76d2396815,Gaussian_ReactOT_exact/Gaussian_calcfc/rxn4776/ts_guess.xyz
rxn4787,12,0,1,rxn4787.xyz,cb46d7a5ccaf0df669fece68c8a09f89a88d97b0e7160e2e5d5e9fac59d22b47,Gaussian_ReactOT_exact/Gaussian_calcfc/rxn4787/ts_guess.xyz
rxn4793,14,0,1,rxn4793.xyz,932cabef9c6fc45d4250e0e1b4ba223a64945edbfd3ce5343aae22c3f1e234f8,Gaussian_ReactOT_exact/Gaussian_calcfc/rxn4793/ts_guess.xyz
rxn4808,13,0,1,rxn4808.xyz,74b1a505fad0bf484ed794afe61e3cfa2e9d0080553635c18dc18eebc24c67da,Gaussian_ReactOT_exact/Gaussian_calcfc/rxn4808/ts_guess.xyz
rxn4821,9,0,1,rxn4821.xyz,df6c1d8886f7201015f64b80de76e5130e0e88462b0686211f06923cba74dc0e,Gaussian_ReactOT_exact/Gaussian_calcfc/rxn4821/ts_guess.xyz
rxn4825,9,0,1,rxn4825.xyz,517497df2ca75dc2d8debae70bf9af84e98bd695747b7900ca1a3575ffabb09a,Gaussian_ReactOT_exact/Gaussian_calcfc/rxn4825/ts_guess.xyz
rxn4838,11,0,1,rxn4838.xyz,c71bd0c64c8b506d351bebe135e3e14d60651780a2a7758b3e0fb6193dea03d1,Gaussian_ReactOT_exact/Gaussian_calcfc/rxn4838/ts_guess.xyz
rxn4850,15,0,1,rxn4850.xyz,ebe885de72646e72f7b1fc13f2d61f10405ceb2f78b6fc694077442edde62abb,Gaussian_ReactOT_exact/Gaussian_calcfc/rxn4850/ts_guess.xyz
rxn4857,21,0,1,rxn4857.xyz,5872f6c6cac801204d55189575856198f763d89c8d0ccb9e1d5c9c37b8f4594f,Gaussian_ReactOT_exact/Gaussian_calcfc/rxn4857/ts_guess.xyz
rxn4860,14,0,1,rxn4860.xyz,b18af5cbacfa1665121ba5bcdaae171161fb2801a5d4ea2bfab3ec96ee6fbad1,Gaussian_ReactOT_exact/Gaussian_calcfc/rxn4860/ts_guess.xyz
rxn4864,14,0,1,rxn4864.xyz,c28ee536f4691837ab94a96d2619278df98a901fa8a7bd92562a54d7eb2b3107,Gaussian_ReactOT_exact/Gaussian_calcfc/rxn4864/ts_guess.xyz
rxn4869,13,0,1,rxn4869.xyz,39848311cedf45cfc5546c869135f0376e299503dd539fe75360ed17c1191af5,Gaussian_ReactOT_exact/Gaussian_calcfc/rxn4869/ts_guess.xyz
rxn4879,15,0,1,rxn4879.xyz,96450668b0ae34112260642be6e0bd4179ed6dc45eded01479da91ae21b1ea09,Gaussian_ReactOT_exact/Gaussian_calcfc/rxn4879/ts_guess.xyz
rxn4885,15,0,1,rxn4885.xyz,437fc0326073f3f2c2b9191c7d13588a7a4c9538a6fc917ffbd88592f25246d9,Gaussian_ReactOT_exact/Gaussian_calcfc/rxn4885/ts_guess.xyz
rxn4887,15,0,1,rxn4887.xyz,e55cbdf8f6b3fdf214599a8a881642e23eebbaf37cca42593e2c7dbf699b846b,Gaussian_ReactOT_exact/Gaussian_calcfc/rxn4887/ts_guess.xyz
rxn4890,13,0,1,rxn4890.xyz,0bb1d039a3f937f444a460898aaf4da0573d359fe34abe444a5069227df2e01d,Gaussian_ReactOT_exact/Gaussian_calcfc/rxn4890/ts_guess.xyz
rxn4900,15,0,1,rxn4900.xyz,fc4b1d3779adbba55d1ea6b062732b7a9aa5d5dad2a94d7c8f724e8ba8e17c76,Gaussian_ReactOT_exact/Gaussian_calcfc/rxn4900/ts_guess.xyz
rxn4901,15,0,1,rxn4901.xyz,dc67423b270a3ee2a46595113e1cc1059c7f7a243f8fe2c0f93190b1beff6195,Gaussian_ReactOT_exact/Gaussian_calcfc/rxn4901/ts_guess.xyz
rxn4905,17,0,1,rxn4905.xyz,f05fd9c9e65ef94719b04e582b60f85b8591dc34c6ce273939243956b0048d3f,Gaussian_ReactOT_exact/Gaussian_calcfc/rxn4905/ts_guess.xyz
rxn4917,17,0,1,rxn4917.xyz,2a1853e8d48a1ea0cde24f2c4406ca83a73b21d59e2ed246a601a14721cc87b4,Gaussian_ReactOT_exact/Gaussian_calcfc/rxn4917/ts_guess.xyz
rxn4918,17,0,1,rxn4918.xyz,cc3b0323daf89372a0610979825494e74ea8c0769220ee0d87b71d81bce2292a,Gaussian_ReactOT_exact/Gaussian_calcfc/rxn4918/ts_guess.xyz
rxn4922,16,0,1,rxn4922.xyz,00fc4d2185756e1aa9ba56881f7edb3dd2f60b46ddc7c8ae74803623bc991908,Gaussian_ReactOT_exact/Gaussian_calcfc/rxn4922/ts_guess.xyz
rxn4933,16,0,1,rxn4933.xyz,19d770319fc11b48ace3dfe4c3324bc6e5f1c330fd070eae9b627b91a3cf27e2,Gaussian_ReactOT_exact/Gaussian_calcfc/rxn4933/ts_guess.xyz
rxn4939,16,0,1,rxn4939.xyz,7095d866c9138708b074355892c07bbb1ba89a7133410a56bae53313851cb790,Gaussian_ReactOT_exact/Gaussian_calcfc/rxn4939/ts_guess.xyz
rxn4941,16,0,1,rxn4941.xyz,15d22a439e5e7e2fddbd1868ade6f53a7351c2ccbd6c3bbdba23b3761af640ea,Gaussian_ReactOT_exact/Gaussian_calcfc/rxn4941/ts_guess.xyz
rxn4956,15,0,1,rxn4956.xyz,ca96960de328e757798dafdd1095792deb9372155edf9d682c64c8ce5ba1b8ab,Gaussian_ReactOT_exact/Gaussian_calcfc/rxn4956/ts_guess.xyz
rxn4961,13,0,1,rxn4961.xyz,9d302be7c50109f9f560e8ffa53002d0f0f15bb1d8e912355b6bcabb10807bda,Gaussian_ReactOT_exact/Gaussian_calcfc/rxn4961/ts_guess.xyz
rxn4968,19,0,1,rxn4968.xyz,0cddd195d5643c2df356ff9fd2d6dee053fa12b78617667f733cfa810e3c63d9,Gaussian_ReactOT_exact/Gaussian_calcfc/rxn4968/ts_guess.xyz
rxn4970,15,0,1,rxn4970.xyz,43aaba08d900ef98676132aef2d7583cb9f2a619956ddb8c3933f83cdad76fbb,Gaussian_ReactOT_exact/Gaussian_calcfc/rxn4970/ts_guess.xyz
rxn4971,15,0,1,rxn4971.xyz,bea919c8d22cea896e7d965d8725a5ad22d9a21a0fd9364418ee199a8436b5c4,Gaussian_ReactOT_exact/Gaussian_calcfc/rxn4971/ts_guess.xyz
rxn4976,15,0,1,rxn4976.xyz,a69619da84ca9df1d68a115391be7bcc197d127d639b6e9fb4ed02ce37eb1133,Gaussian_ReactOT_exact/Gaussian_calcfc/rxn4976/ts_guess.xyz
rxn4988,15,0,1,rxn4988.xyz,4ebca2f8762a6944958e4f98068bccfc326ec4b1002e8f96e57f83887bc07428,Gaussian_ReactOT_exact/Gaussian_calcfc/rxn4988/ts_guess.xyz
rxn5002,14,0,1,rxn5002.xyz,7c4e79c5cf02e0da975c7c288863f8c83c1021e896d48ee50dd4de04c51255ea,Gaussian_ReactOT_exact/Gaussian_calcfc/rxn5002/ts_guess.xyz
rxn5014,19,0,1,rxn5014.xyz,e8495473bf27baedb9c250153851cab4c1722b45073bf222a14e71b02e727203,Gaussian_ReactOT_exact/Gaussian_calcfc/rxn5014/ts_guess.xyz
rxn5018,19,0,1,rxn5018.xyz,90d80b9a6b40cc2be8e087988f48cd2deaf37a39e02b111d2ec3b1543e58b935,Gaussian_ReactOT_exact/Gaussian_calcfc/rxn5018/ts_guess.xyz
rxn5035,16,0,1,rxn5035.xyz,3b399274e5410128e4653344ed522c50ceb7e5c521a4f71535e0d03e1603ce85,Gaussian_ReactOT_exact/Gaussian_calcfc/rxn5035/ts_guess.xyz
rxn5038,16,0,1,rxn5038.xyz,f2e44a6cc250c9afaa7f72e6e2aae00984f7d9c6fe0a515984a9cbf0b51a15b3,Gaussian_ReactOT_exact/Gaussian_calcfc/rxn5038/ts_guess.xyz
rxn5043,16,0,1,rxn5043.xyz,d96d7ca4a87414962eb6703b744ae6c7b0d13c0606da974febba52f657a1345e,Gaussian_ReactOT_exact/Gaussian_calcfc/rxn5043/ts_guess.xyz
rxn5061,14,0,1,rxn5061.xyz,91ebfeb442ca086badd422504da2b6519007733dfafa4b5086d40a9085097719,Gaussian_ReactOT_exact/Gaussian_calcfc/rxn5061/ts_guess.xyz
rxn5081,15,0,1,rxn5081.xyz,8d8eb408a55b2c8c8571289a79e1a03a6f81f6aa9f695d915bd17accd170d426,Gaussian_ReactOT_exact/Gaussian_calcfc/rxn5081/ts_guess.xyz
rxn5083,15,0,1,rxn5083.xyz,c6174033f4240bd4981234d0036fafbf8197223b308602cde40e0f3dcf75dc8c,Gaussian_ReactOT_exact/Gaussian_calcfc/rxn5083/ts_guess.xyz
rxn5096,15,0,1,rxn5096.xyz,e654d60b5a24520d393678735dfe568b0897d814e9cf834dd605868516781481,Gaussian_ReactOT_exact/Gaussian_calcfc/rxn5096/ts_guess.xyz
rxn5097,15,0,1,rxn5097.xyz,9ae24abbdcce96c898f86ab0bdf74af7ee043786738efafe68fc656d582bf0cc,Gaussian_ReactOT_exact/Gaussian_calcfc/rxn5097/ts_guess.xyz
rxn5121,15,0,1,rxn5121.xyz,aabc4f351ecdca2e08caf7f9134e8885d540d84d33915f37be1a75888d52fb5c,Gaussian_ReactOT_exact/Gaussian_calcfc/rxn5121/ts_guess.xyz
rxn5150,16,0,1,rxn5150.xyz,495fda9aa5a42232387bb0d151da7d129a346bf0fb839554a7d5fed811741f83,Gaussian_ReactOT_exact/Gaussian_calcfc/rxn5150/ts_guess.xyz
rxn5156,12,0,1,rxn5156.xyz,c7289eff5909325ef206d2b929cecc5a15bc45a61e8078aa8370e47e420584a0,Gaussian_ReactOT_exact/Gaussian_calcfc/rxn5156/ts_guess.xyz
rxn5158,12,0,1,rxn5158.xyz,d364a83f9418b20825a3b85a213ce08fd19661df47f016cfc66186cb3a35ec60,Gaussian_ReactOT_exact/Gaussian_calcfc/rxn5158/ts_guess.xyz
rxn5169,12,0,1,rxn5169.xyz,85f467e5d7218685d3a3614b3a5e7cb1da9dc3726c8d4187a623c399b9fb4c1f,Gaussian_ReactOT_exact/Gaussian_calcfc/rxn5169/ts_guess.xyz
rxn5170,12,0,1,rxn5170.xyz,0ab8b16a047f07fcd9de8b1b84c02aba1756e830fc7d019a4c2a8418e856dfc0,Gaussian_ReactOT_exact/Gaussian_calcfc/rxn5170/ts_guess.xyz
rxn5211,14,0,1,rxn5211.xyz,33eab8fdeab82c6995e8620244abe8824f5475006651624827a965686bc81858,Gaussian_ReactOT_exact/Gaussian_calcfc/rxn5211/ts_guess.xyz
rxn5221,16,0,1,rxn5221.xyz,b6d38330ce61bae7903be8053d77a79f55ed84c76168252e6697818a5b7ac771,Gaussian_ReactOT_exact/Gaussian_calcfc/rxn5221/ts_guess.xyz
rxn5229,15,0,1,rxn5229.xyz,8b9bb921cd2a16667947ae54e2e307452e95253fd905358ce4c99b20256a1a0f,Gaussian_ReactOT_exact/Gaussian_calcfc/rxn5229/ts_guess.xyz
rxn5234,15,0,1,rxn5234.xyz,747a547ddcd7bf825f78dbbd7df97c4f520ff533e67f691ec7fc1cd011081b58,Gaussian_ReactOT_exact/Gaussian_calcfc/rxn5234/ts_guess.xyz
rxn5242,17,0,1,rxn5242.xyz,9d691f81d9146e17eae0e8ab664b13431c1d13738b0e4638c97fdd455fb7185f,Gaussian_ReactOT_exact/Gaussian_calcfc/rxn5242/ts_guess.xyz
rxn5255,17,0,1,rxn5255.xyz,686b4369180daa28eeee514279e2843cf70d10e19c4164b3b2d938d6f4408de0,Gaussian_ReactOT_exact/Gaussian_calcfc/rxn5255/ts_guess.xyz
rxn5286,14,0,1,rxn5286.xyz,a33de4762ca825c619d3dd398a121fbba94749df3227e81e57f7879a222d0998,Gaussian_ReactOT_exact/Gaussian_calcfc/rxn5286/ts_guess.xyz
rxn5294,15,0,1,rxn5294.xyz,02e0d0bd1f0086ebc98334ee0b6e9115467147b155c0963a326cc0b6240e40c1,Gaussian_ReactOT_exact/Gaussian_calcfc/rxn5294/ts_guess.xyz
rxn5309,11,0,1,rxn5309.xyz,6e2f547db150784621538038be98f92be56f6391c132aecfc7f338616098d7b6,Gaussian_ReactOT_exact/Gaussian_calcfc/rxn5309/ts_guess.xyz
rxn5314,11,0,1,rxn5314.xyz,d09fe99efcb6a7052bee5754a42fc0f2b02207c7de4aee6f0118251d4ce4a848,Gaussian_ReactOT_exact/Gaussian_calcfc/rxn5314/ts_guess.xyz
rxn5322,15,0,1,rxn5322.xyz,9b2453b0e5f46627d72733b3646cc9d3f3882b7f75fb2e5720540292e7ea56e7,Gaussian_ReactOT_exact/Gaussian_calcfc/rxn5322/ts_guess.xyz
rxn5327,14,0,1,rxn5327.xyz,44c3220e54c01aec5c7af76cb2837e147d5f16da07c4ee320c414ec139b6827c,Gaussian_ReactOT_exact/Gaussian_calcfc/rxn5327/ts_guess.xyz
rxn5367,17,0,1,rxn5367.xyz,a7647f2bbd6e02b6615274f162017261a400c8fd583d92b9c8b3e790c0c5041f,Gaussian_ReactOT_exact/Gaussian_calcfc/rxn5367/ts_guess.xyz
rxn5377,12,0,1,rxn5377.xyz,b32ce6cc9d6ccac5c97cd94de7dc0416fb3cf15ef83017f23d7e6d583335e8ef,Gaussian_ReactOT_exact/Gaussian_calcfc/rxn5377/ts_guess.xyz
rxn5393,17,0,1,rxn5393.xyz,24fa2a1e742657e0f649fe7a71ccdf6b59e779f2e94cf47abcbdc5b2d836c455,Gaussian_ReactOT_exact/Gaussian_calcfc/rxn5393/ts_guess.xyz
rxn5411,17,0,1,rxn5411.xyz,297df9fedf443d4cc92c086ca92da82e5426cc6f10e04fd2f2512c021004a7d5,Gaussian_ReactOT_exact/Gaussian_calcfc/rxn5411/ts_guess.xyz
rxn5426,14,0,1,rxn5426.xyz,2f004a1d5bdd53b7705c45dc4d210bbb75e9b3b8f51393603ca435d6555eeccc,Gaussian_ReactOT_exact/Gaussian_calcfc/rxn5426/ts_guess.xyz
rxn5439,15,0,1,rxn5439.xyz,7298fd852e756ebff0da2436c7a83b2e2b20cd6339f1726a6ebd3de08ca3e944,Gaussian_ReactOT_exact/Gaussian_calcfc/rxn5439/ts_guess.xyz
rxn5450,15,0,1,rxn5450.xyz,287be59f771a13a0b3e05a6fd28b55834fddd17f5cf3edc484f00ad9578f1237,Gaussian_ReactOT_exact/Gaussian_calcfc/rxn5450/ts_guess.xyz
rxn5456,15,0,1,rxn5456.xyz,77fbee165e21453a642a26dd4e8ada55f4a730a4032fc94398956af5e9765faf,Gaussian_ReactOT_exact/Gaussian_calcfc/rxn5456/ts_guess.xyz
rxn5483,15,0,1,rxn5483.xyz,4e61091bde2af5679f26315b300a8c1e454e21ff899a43f32386e7d9232bc98c,Gaussian_ReactOT_exact/Gaussian_calcfc/rxn5483/ts_guess.xyz
rxn5484,15,0,1,rxn5484.xyz,aac4c9432652a859b039aa23e234501f78c54366fa6e3bdb9d1daa23c602c668,Gaussian_ReactOT_exact/Gaussian_calcfc/rxn5484/ts_guess.xyz
rxn5487,15,0,1,rxn5487.xyz,6d1a99d7eb27e9edddb8f1a25d284045d6040aac241a3785d866373d57b71b22,Gaussian_ReactOT_exact/Gaussian_calcfc/rxn5487/ts_guess.xyz
rxn5503,15,0,1,rxn5503.xyz,c541c553072bb3cc15550c4c90bfdc7b028b58f021fa21ab8b871cad7fdd1330,Gaussian_ReactOT_exact/Gaussian_calcfc/rxn5503/ts_guess.xyz
rxn5505,15,0,1,rxn5505.xyz,fdc5ef75edf1269d88821632f16427cdff1c830e61f09af1353da6099171c698,Gaussian_ReactOT_exact/Gaussian_calcfc/rxn5505/ts_guess.xyz
rxn5515,16,0,1,rxn5515.xyz,ffe5cd1189c570388eabee2961ca5febbf6b3e02801e7fc3c91bd7c7b043cf0c,Gaussian_ReactOT_exact/Gaussian_calcfc/rxn5515/ts_guess.xyz
rxn5527,10,0,1,rxn5527.xyz,3e73970fee4205444c8ba4bc8a7b106f74b1b40da2295321923e6241bd3aad86,Gaussian_ReactOT_exact/Gaussian_calcfc/rxn5527/ts_guess.xyz
rxn5530,14,0,1,rxn5530.xyz,0fddfd41124de29f5cf771d32a9b28979df4a7ebd5eb73d801a24f49baf3da5e,Gaussian_ReactOT_exact/Gaussian_calcfc/rxn5530/ts_guess.xyz
rxn5531,14,0,1,rxn5531.xyz,01049a10f43a483afca91768466a3d96ee21e7a170f4dc4ec36fd002908b2c3e,Gaussian_ReactOT_exact/Gaussian_calcfc/rxn5531/ts_guess.xyz
rxn5537,14,0,1,rxn5537.xyz,2b68ac21781076324ff3ea87f2b01ff0157d3c5e1bffd788fc0a73ca022fdd46,Gaussian_ReactOT_exact/Gaussian_calcfc/rxn5537/ts_guess.xyz
rxn5556,12,0,1,rxn5556.xyz,6f0639b63e461e9956d33bf6836b5656206a813c2c1e446caf1363557cbcb530,Gaussian_ReactOT_exact/Gaussian_calcfc/rxn5556/ts_guess.xyz
rxn5577,11,0,1,rxn5577.xyz,6c4f9d7fcbade5350114e1100ee7998982f5e238156bb7eebface8a8659b6e32,Gaussian_ReactOT_exact/Gaussian_calcfc/rxn5577/ts_guess.xyz
rxn5581,14,0,1,rxn5581.xyz,c001c34677dd5e58516282358a55fe59b21ba889f96baf06f84fe7014f9e22cb,Gaussian_ReactOT_exact/Gaussian_calcfc/rxn5581/ts_guess.xyz
rxn5584,14,0,1,rxn5584.xyz,5d7d8f988ea13f8ab52c68bc9a3ec6a9173b4f2dcdc30824c77455d46a26121c,Gaussian_ReactOT_exact/Gaussian_calcfc/rxn5584/ts_guess.xyz
rxn5614,14,0,1,rxn5614.xyz,cb8a8f124713e2e820700d356df5ceeed6a37463f407fec54f8adb35bb584415,Gaussian_ReactOT_exact/Gaussian_calcfc/rxn5614/ts_guess.xyz
rxn5615,14,0,1,rxn5615.xyz,234dbff9a29e76b4ac97f41a5c00da561d4f1092ae327623fdbaf9aa3302573b,Gaussian_ReactOT_exact/Gaussian_calcfc/rxn5615/ts_guess.xyz
rxn5620,14,0,1,rxn5620.xyz,c5703c260929a8d7112c6a3610481a68219cf861c9b7cd1d34386cb55e087a36,Gaussian_ReactOT_exact/Gaussian_calcfc/rxn5620/ts_guess.xyz
rxn5628,17,0,1,rxn5628.xyz,ed3dabf97d15215c56e99bbe35b8fe539e06fa2ededae77f135cc7c320264d1f,Gaussian_ReactOT_exact/Gaussian_calcfc/rxn5628/ts_guess.xyz
rxn5630,17,0,1,rxn5630.xyz,cdca1725450f3a14132a52cf1c4e7dce571eb81374ae8ff82711ead0e4054756,Gaussian_ReactOT_exact/Gaussian_calcfc/rxn5630/ts_guess.xyz
rxn5640,19,0,1,rxn5640.xyz,7b857202f6be7628036f955268607ba4169dd9056ce5689a40613f7906a46c89,Gaussian_ReactOT_exact/Gaussian_calcfc/rxn5640/ts_guess.xyz
rxn5641,19,0,1,rxn5641.xyz,0de3b4b1c09105b2c4c2e37f57787d2fe6922ba79ee89593b8d2d1c023591fc3,Gaussian_ReactOT_exact/Gaussian_calcfc/rxn5641/ts_guess.xyz
rxn5666,12,0,1,rxn5666.xyz,80ac6d5cf28a25c442f929bfcf433fcca23198455e083d2a6345f7df50ee94c9,Gaussian_ReactOT_exact/Gaussian_calcfc/rxn5666/ts_guess.xyz
rxn5693,12,0,1,rxn5693.xyz,8e42b38c4305dfc4fa9633f8df2fea136c1f96e5354e2184f1451bb6f50d6173,Gaussian_ReactOT_exact/Gaussian_calcfc/rxn5693/ts_guess.xyz
rxn5703,15,0,1,rxn5703.xyz,ef2d0e5ce81aee5d49942a43f2ab22d5b3e01934b18c57087745c7f10e2765a6,Gaussian_ReactOT_exact/Gaussian_calcfc/rxn5703/ts_guess.xyz
rxn5713,16,0,1,rxn5713.xyz,d7f8f28418635d88d0c9b329a22cb2cd528ca320088381ccd90f4ded8badc5a5,Gaussian_ReactOT_exact/Gaussian_calcfc/rxn5713/ts_guess.xyz
rxn5732,19,0,1,rxn5732.xyz,8b50085fab0f861e119ab2e2ebb9508898cb7cd8b4eff356b695eb306ff16714,Gaussian_ReactOT_exact/Gaussian_calcfc/rxn5732/ts_guess.xyz
rxn5733,19,0,1,rxn5733.xyz,e773b91b527734358a0679017d1e044d8c62109b5c5366001d0f902fd6268924,Gaussian_ReactOT_exact/Gaussian_calcfc/rxn5733/ts_guess.xyz
rxn5745,17,0,1,rxn5745.xyz,b944afb88c535d7b4605dcb4f0f14a570650db44a1ef9d45241313408436ca2b,Gaussian_ReactOT_exact/Gaussian_calcfc/rxn5745/ts_guess.xyz
rxn5747,17,0,1,rxn5747.xyz,27bc7bc4bf94db3967fc9dcc8949d192d48de3476bcb34b9e2cc03a43e1dc3dc,Gaussian_ReactOT_exact/Gaussian_calcfc/rxn5747/ts_guess.xyz
rxn5752,17,0,1,rxn5752.xyz,094f35c16da529890cb0ad5db1a0f3ddc0a9cfbcf252c1d74cf5d9e2609a7b6a,Gaussian_ReactOT_exact/Gaussian_calcfc/rxn5752/ts_guess.xyz
rxn5759,16,0,1,rxn5759.xyz,d97f9f2354b7afb03e40a4653fef7520055d2581b7690f7bd12f6dea751acb1f,Gaussian_ReactOT_exact/Gaussian_calcfc/rxn5759/ts_guess.xyz
rxn5760,16,0,1,rxn5760.xyz,603d31cd3fd7cbde968e39596984515db1fd052b22b617df2fe045c3833cb3e5,Gaussian_ReactOT_exact/Gaussian_calcfc/rxn5760/ts_guess.xyz
rxn5775,16,0,1,rxn5775.xyz,ea6d4e342ef0fbe8d5f403447049e9e3adc48e406427a12b3beceed32728e6f0,Gaussian_ReactOT_exact/Gaussian_calcfc/rxn5775/ts_guess.xyz
rxn5784,16,0,1,rxn5784.xyz,7071baddb954da482d92e8afb722c6f054660f9b1377e2a88a78df68ec275d1f,Gaussian_ReactOT_exact/Gaussian_calcfc/rxn5784/ts_guess.xyz
rxn5803,16,0,1,rxn5803.xyz,ce3a80c1ef26382a86ab608411ee925f039ab9562f22aefba27fe947333a6948,Gaussian_ReactOT_exact/Gaussian_calcfc/rxn5803/ts_guess.xyz
rxn5808,15,0,1,rxn5808.xyz,83485b864edefaf404f2fdf658977776e3f9d5536527a0362a3fcf157ed87bdf,Gaussian_ReactOT_exact/Gaussian_calcfc/rxn5808/ts_guess.xyz
rxn5842,14,0,1,rxn5842.xyz,29ac7424a04edd91148cec86681f3800bee1a3767aabe5ee292cea2e1dd1764e,Gaussian_ReactOT_exact/Gaussian_calcfc/rxn5842/ts_guess.xyz
rxn5849,17,0,1,rxn5849.xyz,a514806bb2b72481ad3dc4ade7fc20ee86bce5de0b1b14838d2b8e1448f8bf0b,Gaussian_ReactOT_exact/Gaussian_calcfc/rxn5849/ts_guess.xyz
rxn5896,14,0,1,rxn5896.xyz,d504a9762d64c6f5a210f1b1d4b0bcb332136f142ac823b4e66b5727beb1b5a4,Gaussian_ReactOT_exact/Gaussian_calcfc/rxn5896/ts_guess.xyz
rxn5912,15,0,1,rxn5912.xyz,63d2e3a388d8d47935ceabbce8915675b27dfbc50e29a4fddff1f0ff5ba55cb9,Gaussian_ReactOT_exact/Gaussian_calcfc/rxn5912/ts_guess.xyz
rxn5942,19,0,1,rxn5942.xyz,49da1b3caa9b9d83d359f440c30b05310bbf6524dba15dd133ca8cdfeccdb7b0,Gaussian_ReactOT_exact/Gaussian_calcfc/rxn5942/ts_guess.xyz
rxn5962,18,0,1,rxn5962.xyz,0eec020115d8a8fd134fd4d9ef845243e16bd8a72fec804d4bd194d2f6ea03d3,Gaussian_ReactOT_exact/Gaussian_calcfc/rxn5962/ts_guess.xyz
rxn5990,9,0,1,rxn5990.xyz,5881360aa90db248d020ec5d9f215c1990827ac1646c5831adad3df604f72678,Gaussian_ReactOT_exact/Gaussian_calcfc/rxn5990/ts_guess.xyz
rxn5995,13,0,1,rxn5995.xyz,a1bfd2c2881036f56cccfa6abfcec067141e0ba3b69b025cc11ed6aaf8bf62c8,Gaussian_ReactOT_exact/Gaussian_calcfc/rxn5995/ts_guess.xyz
rxn5999,13,0,1,rxn5999.xyz,c679a8c5ee58a06806851d52709e952d30b2953e1da277729d4c3257cb2a1540,Gaussian_ReactOT_exact/Gaussian_calcfc/rxn5999/ts_guess.xyz
rxn6007,10,0,1,rxn6007.xyz,020e292e1ed49e7409e26b838001f7977bc9b5f501ae40dab9db5735c5314352,Gaussian_ReactOT_exact/Gaussian_calcfc/rxn6007/ts_guess.xyz
rxn6011,10,0,1,rxn6011.xyz,96d9499489ee89a15cf9fc8395fa12fd6b84f938a4390af192a459e5a37684d2,Gaussian_ReactOT_exact/Gaussian_calcfc/rxn6011/ts_guess.xyz
rxn6025,13,0,1,rxn6025.xyz,17b29bcb2dedb80017b81f4551cd832e931d014a6b0fac9cd65fd05b90174af9,Gaussian_ReactOT_exact/Gaussian_calcfc/rxn6025/ts_guess.xyz
rxn6036,12,0,1,rxn6036.xyz,ff9be7e8de03469e73edfeb9d88d8f2eed8c2b3f90021111af3a9e36e444bf2a,Gaussian_ReactOT_exact/Gaussian_calcfc/rxn6036/ts_guess.xyz
rxn6046,12,0,1,rxn6046.xyz,b68b87325b2ec50df763bc0b7c43666aa97f5684236fb81217e655b2179aaa7c,Gaussian_ReactOT_exact/Gaussian_calcfc/rxn6046/ts_guess.xyz
rxn6051,16,0,1,rxn6051.xyz,47bea266c9904fb5df929f47a6c3e1d7ff3760f7497d416789c90fddabce1cc8,Gaussian_ReactOT_exact/Gaussian_calcfc/rxn6051/ts_guess.xyz
rxn6057,16,0,1,rxn6057.xyz,eeb34712e3003253d07b80627ea60b75a4e672cbdd52f46d29ba65b22c2224cb,Gaussian_ReactOT_exact/Gaussian_calcfc/rxn6057/ts_guess.xyz
rxn6066,13,0,1,rxn6066.xyz,b766c11057c17f0960942523f04af2efd10636af035338d0378773178f9bfdd8,Gaussian_ReactOT_exact/Gaussian_calcfc/rxn6066/ts_guess.xyz
rxn6080,15,0,1,rxn6080.xyz,5baddbffb8ef8d22092f36535d65cd7ece6bc4d423d3cf08fe92f2545cddc8bc,Gaussian_ReactOT_exact/Gaussian_calcfc/rxn6080/ts_guess.xyz
rxn6094,12,0,1,rxn6094.xyz,a4b81ac8c227f55f70bf22304057215241ff4523d2238dd1d1dff3b9e6062e1f,Gaussian_ReactOT_exact/Gaussian_calcfc/rxn6094/ts_guess.xyz
rxn6113,19,0,1,rxn6113.xyz,56ea8893730a2c07dca9d57a3e4cbab1a1e028ad11886655d227dd64cd6211ff,Gaussian_ReactOT_exact/Gaussian_calcfc/rxn6113/ts_guess.xyz
rxn6115,19,0,1,rxn6115.xyz,efbee0838cf1ddc9e1ce3f93667b943ed754b6e861c14c21958f94ca4eda6cd7,Gaussian_ReactOT_exact/Gaussian_calcfc/rxn6115/ts_guess.xyz
rxn6155,15,0,1,rxn6155.xyz,ae3ed9e15048b6ec7a08f6dc08ba1bb0eb13590fb15539c6d7d2c58cb120504f,Gaussian_ReactOT_exact/Gaussian_calcfc/rxn6155/ts_guess.xyz
rxn6156,15,0,1,rxn6156.xyz,142bdf748c6f66ee24500a957b072d26de1705debb2233d1686134a8917b53f7,Gaussian_ReactOT_exact/Gaussian_calcfc/rxn6156/ts_guess.xyz
rxn6170,15,0,1,rxn6170.xyz,bc2be6e6446d71f2376c45ab30bc957f2097a4cf4dfb4510e03d94371fa59032,Gaussian_ReactOT_exact/Gaussian_calcfc/rxn6170/ts_guess.xyz
rxn6172,15,0,1,rxn6172.xyz,3189df1ee63a5004f855330da870b6864ffe9357fcd67898220e500955603c8b,Gaussian_ReactOT_exact/Gaussian_calcfc/rxn6172/ts_guess.xyz
rxn6194,12,0,1,rxn6194.xyz,e66e22181b56b8dc2d9f11a1ca729352cf4219ebdd3a556c40bd9d131eeb72dc,Gaussian_ReactOT_exact/Gaussian_calcfc/rxn6194/ts_guess.xyz
rxn6195,12,0,1,rxn6195.xyz,d4ed61ec62c0db8801c010c43bc8d247cc0bcc4ca25d8bf89483f67acda1764a,Gaussian_ReactOT_exact/Gaussian_calcfc/rxn6195/ts_guess.xyz
rxn6198,12,0,1,rxn6198.xyz,33093f8e396602e76ef313604b268feeef1ed2821565bc856e70c33ba3760b90,Gaussian_ReactOT_exact/Gaussian_calcfc/rxn6198/ts_guess.xyz
rxn6215,15,0,1,rxn6215.xyz,0b4883eb272859814c081087135eff6642dd62f295be6898a3d922a64de64c33,Gaussian_ReactOT_exact/Gaussian_calcfc/rxn6215/ts_guess.xyz
rxn6216,15,0,1,rxn6216.xyz,9cb52ad543c3fd974e587410797bd451366555fc2fd539f083180a5ea079cd7f,Gaussian_ReactOT_exact/Gaussian_calcfc/rxn6216/ts_guess.xyz
rxn6227,14,0,1,rxn6227.xyz,86c4b470d148144122f6c477dbe03edb5272a419e50bc415bb5fbb92c6c94a9c,Gaussian_ReactOT_exact/Gaussian_calcfc/rxn6227/ts_guess.xyz
rxn6246,14,0,1,rxn6246.xyz,4f6fa4e819fea1fd5ec25b346d640cc0d6da325acfc9e6bfea349593267d4692,Gaussian_ReactOT_exact/Gaussian_calcfc/rxn6246/ts_guess.xyz
rxn6253,14,0,1,rxn6253.xyz,32484c27c104599ef185a018e441e99535abdfb593cca97e637897d858a7dc46,Gaussian_ReactOT_exact/Gaussian_calcfc/rxn6253/ts_guess.xyz
rxn6272,13,0,1,rxn6272.xyz,a1f3ebd6fc9c9f6ea9d97565ad216440ff9e39b1e3bf9ffd746916b7d9bbcacb,Gaussian_ReactOT_exact/Gaussian_calcfc/rxn6272/ts_guess.xyz
rxn6281,16,0,1,rxn6281.xyz,d14f375731cc1f7bb686d87bdd369a44f3b6f0fbe919c6683e6b4dde0b06e93e,Gaussian_ReactOT_exact/Gaussian_calcfc/rxn6281/ts_guess.xyz
rxn6298,13,0,1,rxn6298.xyz,9a678802b1abcbef33fc9074a9aaae45661f94d242ecc5ab7224eeac32da3c6f,Gaussian_ReactOT_exact/Gaussian_calcfc/rxn6298/ts_guess.xyz
rxn6317,14,0,1,rxn6317.xyz,b23c39ad03f017ea876230235f4a2ce10ce1f0da608558ccc02bb71920b53c8e,Gaussian_ReactOT_exact/Gaussian_calcfc/rxn6317/ts_guess.xyz
rxn6318,14,0,1,rxn6318.xyz,35a8b7fe81a3eb920d92567f7c57e3d7e8fc0f6b99cb865e29a68db722c88744,Gaussian_ReactOT_exact/Gaussian_calcfc/rxn6318/ts_guess.xyz
rxn6330,17,0,1,rxn6330.xyz,765a1f3818a133768556f653e5870fb92bcbd672546a96e2613994287f94b718,Gaussian_ReactOT_exact/Gaussian_calcfc/rxn6330/ts_guess.xyz
rxn6333,17,0,1,rxn6333.xyz,2eefc909014eeafc7edbd6ab39b4100e9fcb8b5f4e20a686e21c968d76ecb082,Gaussian_ReactOT_exact/Gaussian_calcfc/rxn6333/ts_guess.xyz
rxn6344,19,0,1,rxn6344.xyz,6ff9b8608c6c1be91ec75f58776ed39e10b63312b7fd0773d064f18a6fbc0a42,Gaussian_ReactOT_exact/Gaussian_calcfc/rxn6344/ts_guess.xyz
rxn6349,17,0,1,rxn6349.xyz,e0e0d564c77c2639aac8f679c5a2702dd0a36f7fd78596e4a4a20c954b3436af,Gaussian_ReactOT_exact/Gaussian_calcfc/rxn6349/ts_guess.xyz
rxn6357,17,0,1,rxn6357.xyz,635e0e54ea2a97c2a2ca781d7154d0821a97f6157f176e505de650b40ecf0d02,Gaussian_ReactOT_exact/Gaussian_calcfc/rxn6357/ts_guess.xyz
rxn6369,15,0,1,rxn6369.xyz,2806308805b885a8a416c55dc8388fa84c19dfac6abf1b96099f2935d7244e15,Gaussian_ReactOT_exact/Gaussian_calcfc/rxn6369/ts_guess.xyz
rxn6401,13,0,1,rxn6401.xyz,97276955ef9be8a7b147db035ebe3fbff50b5a29d99edf11101e1578a1a4712e,Gaussian_ReactOT_exact/Gaussian_calcfc/rxn6401/ts_guess.xyz
rxn6407,13,0,1,rxn6407.xyz,1faf2ac8c5ef2903b798f2634b1871512c5520e5cb60fbf77400df4e9d7ff72b,Gaussian_ReactOT_exact/Gaussian_calcfc/rxn6407/ts_guess.xyz
rxn6439,13,0,1,rxn6439.xyz,d3504f53af49e2061ff008acf7c46191ff9144e9c7c363bb0b4c3dd68b6a9600,Gaussian_ReactOT_exact/Gaussian_calcfc/rxn6439/ts_guess.xyz
rxn6441,13,0,1,rxn6441.xyz,e0f0738a289d83d46334a88db9e5f39e63aabe9b2923d25293a333c89bcd7bee,Gaussian_ReactOT_exact/Gaussian_calcfc/rxn6441/ts_guess.xyz
rxn6444,13,0,1,rxn6444.xyz,366806b355fd76250a0d007d4a12971e2843aeda73ec07f406b5e6284592d017,Gaussian_ReactOT_exact/Gaussian_calcfc/rxn6444/ts_guess.xyz
rxn6453,13,0,1,rxn6453.xyz,92757d7f30a2a5bf4f326729f3a89b28272235e3023d83669a445ee6658de184,Gaussian_ReactOT_exact/Gaussian_calcfc/rxn6453/ts_guess.xyz
rxn6462,13,0,1,rxn6462.xyz,d997f0dea7dfbf94f677cf920af10dafebc143389787dbf69350b9cc9b5dd8f7,Gaussian_ReactOT_exact/Gaussian_calcfc/rxn6462/ts_guess.xyz
rxn6511,16,0,1,rxn6511.xyz,7858d943770bd40bc73450f8446f8736b19c179142fb5c200fa2c953cdbfa37b,Gaussian_ReactOT_exact/Gaussian_calcfc/rxn6511/ts_guess.xyz
rxn6514,10,0,1,rxn6514.xyz,ab994718b1e3e5c3071e96e09e233dd574a0d783d792af99c11ef9f1b04207eb,Gaussian_ReactOT_exact/Gaussian_calcfc/rxn6514/ts_guess.xyz
rxn6546,19,0,1,rxn6546.xyz,a4e99850be9043a1272bed209a787f743bc78ad10dce2187b5f71d2739c1448a,Gaussian_ReactOT_exact/Gaussian_calcfc/rxn6546/ts_guess.xyz
rxn6550,16,0,1,rxn6550.xyz,b0fd72e4d8c086ef0abdda56deb874edd8e9fcb0c4a257317fa58b16c3fbb937,Gaussian_ReactOT_exact/Gaussian_calcfc/rxn6550/ts_guess.xyz
rxn6553,11,0,1,rxn6553.xyz,c0da65f7727064fb9fc6ac5d278781cea490ae294f3572bb180ffb52fa44e5db,Gaussian_ReactOT_exact/Gaussian_calcfc/rxn6553/ts_guess.xyz
rxn6578,14,0,1,rxn6578.xyz,cedaefeb924852aeb723611026ab371b519ec68d6b6d63faebf383decd1e6126,Gaussian_ReactOT_exact/Gaussian_calcfc/rxn6578/ts_guess.xyz
rxn6584,16,0,1,rxn6584.xyz,7adc365af50283eb709b2f753393b45e2977c5b7f00af00fdccf56d7ee92f555,Gaussian_ReactOT_exact/Gaussian_calcfc/rxn6584/ts_guess.xyz
rxn6590,15,0,1,rxn6590.xyz,4bb77da414d917decce48857407e93fba4dbcb4d96eb2a44b7ac5256d6158f5b,Gaussian_ReactOT_exact/Gaussian_calcfc/rxn6590/ts_guess.xyz
rxn6592,10,0,1,rxn6592.xyz,4bd48ad7ec5901649b22706ca378f91a6c24fae1a1bdf0c875483a60662925f5,Gaussian_ReactOT_exact/Gaussian_calcfc/rxn6592/ts_guess.xyz
rxn6601,13,0,1,rxn6601.xyz,e81800227716fd7b95b8b5e0e6f3303b93cf9b3c0b2704761b41bb7618fe4ab0,Gaussian_ReactOT_exact/Gaussian_calcfc/rxn6601/ts_guess.xyz
rxn6610,15,0,1,rxn6610.xyz,62a9c7e8f05e1ae9d55777727e4c4302d6237524bd6661aa46c0a9d82151607a,Gaussian_ReactOT_exact/Gaussian_calcfc/rxn6610/ts_guess.xyz
rxn6628,15,0,1,rxn6628.xyz,94a1f78f9784d623187dffe2dd20ed9f82a28dec2a8f1528418c4e064d51e04e,Gaussian_ReactOT_exact/Gaussian_calcfc/rxn6628/ts_guess.xyz
rxn6629,15,0,1,rxn6629.xyz,adf20500a682874278b1e309f6b4aa9ab50c7c0e4b3b8779aea8389941f85334,Gaussian_ReactOT_exact/Gaussian_calcfc/rxn6629/ts_guess.xyz
rxn6639,13,0,1,rxn6639.xyz,ff62204626c7ea33cd68eb1cb83dc5b0993f54334f67577435fc233d9800e02c,Gaussian_ReactOT_exact/Gaussian_calcfc/rxn6639/ts_guess.xyz
rxn6644,13,0,1,rxn6644.xyz,23d6c4cc1d5e46d8268bd4df793d494bcb7ab4b062defa868aebe6e0e7b157ff,Gaussian_ReactOT_exact/Gaussian_calcfc/rxn6644/ts_guess.xyz
rxn6660,15,0,1,rxn6660.xyz,06c0937ec8e055d6e0c610213594778601d995e6e72f0eaa53164f18ca1ea8bd,Gaussian_ReactOT_exact/Gaussian_calcfc/rxn6660/ts_guess.xyz
rxn6665,15,0,1,rxn6665.xyz,81b2aa49d86ac3ebf1d998c0f293b3398e5ed796e9d6a1974f1ffb3d82564a05,Gaussian_ReactOT_exact/Gaussian_calcfc/rxn6665/ts_guess.xyz
rxn6684,13,0,1,rxn6684.xyz,246786ca2b232986b0c661e02fd9a4809da8824b0f001f129f548b1cc97ddaa4,Gaussian_ReactOT_exact/Gaussian_calcfc/rxn6684/ts_guess.xyz
rxn6708,14,0,1,rxn6708.xyz,d6664f9857a6b575022cd2aa369053f14565d5de3dfa162da344454e083f8577,Gaussian_ReactOT_exact/Gaussian_calcfc/rxn6708/ts_guess.xyz
rxn6710,14,0,1,rxn6710.xyz,f7a822c61f5fc0975e3054ae311ebc1767c5493433e58767b4b4827cced927f1,Gaussian_ReactOT_exact/Gaussian_calcfc/rxn6710/ts_guess.xyz
rxn6712,14,0,1,rxn6712.xyz,c7604a0101ae30be6972c79c3c42ab8344140781e6bf7dc34c883ed8801c5a45,Gaussian_ReactOT_exact/Gaussian_calcfc/rxn6712/ts_guess.xyz
rxn6714,15,0,1,rxn6714.xyz,0847e4200ab79bad3f007ffef0ef8bec746998f1807e80d98489ef75c4be8bf1,Gaussian_ReactOT_exact/Gaussian_calcfc/rxn6714/ts_guess.xyz
rxn6722,15,0,1,rxn6722.xyz,b155bf44d75b010882151e96844ef7b1f98f7f6824ecfa6fd02a5bb851bc03e8,Gaussian_ReactOT_exact/Gaussian_calcfc/rxn6722/ts_guess.xyz
rxn6731,17,0,1,rxn6731.xyz,b61ac35b001374702351a09231625822067af2e2f70078ea7b7b4557a738e0f4,Gaussian_ReactOT_exact/Gaussian_calcfc/rxn6731/ts_guess.xyz
rxn6748,13,0,1,rxn6748.xyz,acfc3ebd54b775d77ec721e7e46fdcde1abe515e645a1456a079598960251f40,Gaussian_ReactOT_exact/Gaussian_calcfc/rxn6748/ts_guess.xyz
rxn6751,13,0,1,rxn6751.xyz,11c4d52b94300eb590f3d70c933fd6a289e05c7cb0ae2534ef036f60ac04de5f,Gaussian_ReactOT_exact/Gaussian_calcfc/rxn6751/ts_guess.xyz
rxn6758,18,0,1,rxn6758.xyz,345f06006131f47fa000cec59de0e5b616f0928a7dba86c5996bea0472470b18,Gaussian_ReactOT_exact/Gaussian_calcfc/rxn6758/ts_guess.xyz
rxn6767,12,0,1,rxn6767.xyz,1924ed6da9d7dc81225ebafe1d4f0cc17bc3b9d61c5018b0d966d367a372a39a,Gaussian_ReactOT_exact/Gaussian_calcfc/rxn6767/ts_guess.xyz
rxn6772,12,0,1,rxn6772.xyz,86af50eee6a15df8073355ffd1314e233a74a54333255dd6f11160efdf9070ce,Gaussian_ReactOT_exact/Gaussian_calcfc/rxn6772/ts_guess.xyz
rxn6777,14,0,1,rxn6777.xyz,ce91942e4b3065947533867643819e2317cefacf006a00bc7027cf613fc0fd48,Gaussian_ReactOT_exact/Gaussian_calcfc/rxn6777/ts_guess.xyz
rxn6798,15,0,1,rxn6798.xyz,969cffa2fa1d7906369dc0bbfeb7da933b3932b6f3982e5bd0b289c4abc34a68,Gaussian_ReactOT_exact/Gaussian_calcfc/rxn6798/ts_guess.xyz
rxn6802,15,0,1,rxn6802.xyz,ed4951c22759b5fef2effd2305e0c9d516f78624d40087c99a6c7a0c7a86ce90,Gaussian_ReactOT_exact/Gaussian_calcfc/rxn6802/ts_guess.xyz
rxn6805,17,0,1,rxn6805.xyz,1bfcea3ab4ed26387029600ee9392ebc653a04c5fc1976526f25af229b209877,Gaussian_ReactOT_exact/Gaussian_calcfc/rxn6805/ts_guess.xyz
rxn6823,15,0,1,rxn6823.xyz,b73c761c29766a71c543f08f43db626aed8bfd057532b0fb9c50ae696e9fc3e6,Gaussian_ReactOT_exact/Gaussian_calcfc/rxn6823/ts_guess.xyz
rxn6838,15,0,1,rxn6838.xyz,abf5d01f4ea71f917db508769502e342390b801e337dbaac6f9a8783496b07a0,Gaussian_ReactOT_exact/Gaussian_calcfc/rxn6838/ts_guess.xyz
rxn6857,11,0,1,rxn6857.xyz,a97317a9c075eef02c331df4aea6c93e0046c651b7467518cdc01dfb938876e5,Gaussian_ReactOT_exact/Gaussian_calcfc/rxn6857/ts_guess.xyz
rxn6863,15,0,1,rxn6863.xyz,05a4b97cfce7ad5e7aab949a16f9cda53013b82f6680afec0509d0111c150655,Gaussian_ReactOT_exact/Gaussian_calcfc/rxn6863/ts_guess.xyz
rxn6880,15,0,1,rxn6880.xyz,3e73dd26bf390e6d283073daf622a1cdc5ab7d716cc3198476e9a4202642f207,Gaussian_ReactOT_exact/Gaussian_calcfc/rxn6880/ts_guess.xyz
rxn6890,20,0,1,rxn6890.xyz,d74f55e57825292cf16f60bd020a6856274585e956bf7643a11f3db23c3131c7,Gaussian_ReactOT_exact/Gaussian_calcfc/rxn6890/ts_guess.xyz
rxn6893,12,0,1,rxn6893.xyz,876dfca7a837951aef805d2982c40f1bc8a5cb756fddad39574f648282273005,Gaussian_ReactOT_exact/Gaussian_calcfc/rxn6893/ts_guess.xyz
rxn6895,12,0,1,rxn6895.xyz,f34d03e2fa841663d4d872d159f28b9d779bbcc1c86ffcf308d6caaf566dc48e,Gaussian_ReactOT_exact/Gaussian_calcfc/rxn6895/ts_guess.xyz
rxn6930,11,0,1,rxn6930.xyz,8c31fdb1057b9058a14c1e311323f7c1ccd00179a7f7749fb6375537c431938f,Gaussian_ReactOT_exact/Gaussian_calcfc/rxn6930/ts_guess.xyz
rxn6949,15,0,1,rxn6949.xyz,04b2f71ae544d1cd1c6c5d6a963a01428338a25e34e85a765195f9a621b40de1,Gaussian_ReactOT_exact/Gaussian_calcfc/rxn6949/ts_guess.xyz
rxn6955,9,0,1,rxn6955.xyz,286ed0ce7bd1a0447fd00757e4b65955f19144160b9a6222367dcba7062dfd69,Gaussian_ReactOT_exact/Gaussian_calcfc/rxn6955/ts_guess.xyz
rxn6961,18,0,1,rxn6961.xyz,1c629f242bd23a76167bf1d7654281ded5fed68c93f085585b740e76026a79af,Gaussian_ReactOT_exact/Gaussian_calcfc/rxn6961/ts_guess.xyz
rxn6983,14,0,1,rxn6983.xyz,742a00356b8cc69ed7f26128d0440292883db9235e9980e3cd2205b1ee0c684b,Gaussian_ReactOT_exact/Gaussian_calcfc/rxn6983/ts_guess.xyz
rxn6990,19,0,1,rxn6990.xyz,e0655b8065c9608c2cb4ae5a19cef412ef5bf5cfbb094435be481a104b1eddc7,Gaussian_ReactOT_exact/Gaussian_calcfc/rxn6990/ts_guess.xyz
rxn7014,14,0,1,rxn7014.xyz,2f18fbb682a49e7de31b49bb6841fd7554cc9f05286a4ce5ab36f8c4895c0957,Gaussian_ReactOT_exact/Gaussian_calcfc/rxn7014/ts_guess.xyz
rxn7016,14,0,1,rxn7016.xyz,4a47d3b20a31b1d41d3f44fce9c1fe5acdb8ad8f9fc0744b2bb35d2182436bd6,Gaussian_ReactOT_exact/Gaussian_calcfc/rxn7016/ts_guess.xyz
rxn7018,14,0,1,rxn7018.xyz,5da908e4a8c02e17c3ca46c48002ca8a2559069c5370997f947b78d40355d866,Gaussian_ReactOT_exact/Gaussian_calcfc/rxn7018/ts_guess.xyz
rxn7030,15,0,1,rxn7030.xyz,60947bac16530b6c7c803dae25d4f7da6c50e766ab4094e3f981422e528220f3,Gaussian_ReactOT_exact/Gaussian_calcfc/rxn7030/ts_guess.xyz
rxn7036,15,0,1,rxn7036.xyz,3e9c08c95b99a8dbb0f727b05fecd0b868148e824dba02df0809b80cc01dbe66,Gaussian_ReactOT_exact/Gaussian_calcfc/rxn7036/ts_guess.xyz
rxn7041,16,0,1,rxn7041.xyz,bef95a3648c21179801c5fca15e8126e2ab9b4d8dd2531abb3ae8c47053d9076,Gaussian_ReactOT_exact/Gaussian_calcfc/rxn7041/ts_guess.xyz
rxn7048,16,0,1,rxn7048.xyz,3f25180b2dd3afdee8397f98dbc2956ebb067f4c7323b554b97a17d5c08ff229,Gaussian_ReactOT_exact/Gaussian_calcfc/rxn7048/ts_guess.xyz
rxn7058,10,0,1,rxn7058.xyz,1959fa21d3b2a13780ef29b473809b2786101e63c3b384b93302b04dccc17e3a,Gaussian_ReactOT_exact/Gaussian_calcfc/rxn7058/ts_guess.xyz
rxn7070,10,0,1,rxn7070.xyz,a9ca3446d4b4a19b4c07a87c0360b12472e03091cef7eb54c5fe84af35673f13,Gaussian_ReactOT_exact/Gaussian_calcfc/rxn7070/ts_guess.xyz
rxn7071,10,0,1,rxn7071.xyz,66f1dc9e3979830cc15b1cabfeb8a0219327982a55141390e568bded73eb963f,Gaussian_ReactOT_exact/Gaussian_calcfc/rxn7071/ts_guess.xyz
rxn7084,14,0,1,rxn7084.xyz,c559c7041d05d58152eda29c7360b6a254d3240370187e6eb656ed2c1c25e09f,Gaussian_ReactOT_exact/Gaussian_calcfc/rxn7084/ts_guess.xyz
rxn7088,14,0,1,rxn7088.xyz,f68fae9e59d2e1a8660e8fc470681d93e06e5300413bf0a0e7af2287fc6403cc,Gaussian_ReactOT_exact/Gaussian_calcfc/rxn7088/ts_guess.xyz
rxn7093,14,0,1,rxn7093.xyz,5cb38a12ab311dc1a18d2127cc551d3bbd6cd8939bb9da153abe6ea160a046e9,Gaussian_ReactOT_exact/Gaussian_calcfc/rxn7093/ts_guess.xyz
rxn7108,19,0,1,rxn7108.xyz,3d112ac4218b9f9f483830467059f93f376ccc13d10f534af248437acda0e0a0,Gaussian_ReactOT_exact/Gaussian_calcfc/rxn7108/ts_guess.xyz
rxn7110,11,0,1,rxn7110.xyz,57a3a1f5eb06238de8fcea407154b028e388ac487626117db120c704b80a7697,Gaussian_ReactOT_exact/Gaussian_calcfc/rxn7110/ts_guess.xyz
rxn7130,13,0,1,rxn7130.xyz,d71922c426d3b9ad37bd05602acf5dfe77915dd072beeda6d66d7599691640c3,Gaussian_ReactOT_exact/Gaussian_calcfc/rxn7130/ts_guess.xyz
rxn7136,13,0,1,rxn7136.xyz,154a6d82cb7a3476653198cc9b212e6e498d7b34c4f682b8a4551376fd605932,Gaussian_ReactOT_exact/Gaussian_calcfc/rxn7136/ts_guess.xyz
rxn7145,13,0,1,rxn7145.xyz,30e60a8a180a272a5bd30bf1e457914a89ed7acbe9996f7ca43b56c3030e66a7,Gaussian_ReactOT_exact/Gaussian_calcfc/rxn7145/ts_guess.xyz
rxn7151,14,0,1,rxn7151.xyz,8113dbe052ec511580116ff9900e632c80755319516e2ebf4ac53747a4f74361,Gaussian_ReactOT_exact/Gaussian_calcfc/rxn7151/ts_guess.xyz
rxn7158,14,0,1,rxn7158.xyz,6aecd8ac83bfe6080e3ddb3dd464bdf9ada86c1ca122daf69761279a44bd8a8f,Gaussian_ReactOT_exact/Gaussian_calcfc/rxn7158/ts_guess.xyz
rxn7184,14,0,1,rxn7184.xyz,823c5772d1bb1d312d90289a0c2c7955639f13eac36fc3691b863dddb5119792,Gaussian_ReactOT_exact/Gaussian_calcfc/rxn7184/ts_guess.xyz
rxn7185,14,0,1,rxn7185.xyz,338b1d0580fb343058c34edeed37fd68844f820b3248036c6f2aa382da5750cb,Gaussian_ReactOT_exact/Gaussian_calcfc/rxn7185/ts_guess.xyz
rxn7193,17,0,1,rxn7193.xyz,cb32e13a679985865fe7cf861c8f8295ae1702e582a3c3f394ac3bbddf04f166,Gaussian_ReactOT_exact/Gaussian_calcfc/rxn7193/ts_guess.xyz
rxn7210,17,0,1,rxn7210.xyz,b87c4aae55aef410683f4c1cca3676ac0b1d60b89bd75e0890b1873c565d611b,Gaussian_ReactOT_exact/Gaussian_calcfc/rxn7210/ts_guess.xyz
rxn7222,16,0,1,rxn7222.xyz,ef863fddff5d2a0744fd89b7575f5384681091b164ce857ea1718a4bc1036bf4,Gaussian_ReactOT_exact/Gaussian_calcfc/rxn7222/ts_guess.xyz
rxn7241,15,0,1,rxn7241.xyz,7197b882934da36f0b33a046041d09ee8d517daa6bef26dae93e78c9a7597a7c,Gaussian_ReactOT_exact/Gaussian_calcfc/rxn7241/ts_guess.xyz
rxn7298,13,0,1,rxn7298.xyz,ae7350bed6de0b5cebb4ad00b01aa3c92faec618100063f85d981ade7b7a155b,Gaussian_ReactOT_exact/Gaussian_calcfc/rxn7298/ts_guess.xyz
rxn7303,15,0,1,rxn7303.xyz,f39d22e76b60b851af9d6590a879bce5159c6741a516e2f37a06a6fe22d21074,Gaussian_ReactOT_exact/Gaussian_calcfc/rxn7303/ts_guess.xyz
rxn7309,15,0,1,rxn7309.xyz,6fcae772636d9920878ab533dea7d5cd0f121a992db71e5ce2b543b7cdc59ce8,Gaussian_ReactOT_exact/Gaussian_calcfc/rxn7309/ts_guess.xyz
rxn7317,19,0,1,rxn7317.xyz,4600942ff1d54af2948306f061b15338d2ec77bf6b7d9de2a3ed1bb1e7dd14a5,Gaussian_ReactOT_exact/Gaussian_calcfc/rxn7317/ts_guess.xyz
rxn7323,15,0,1,rxn7323.xyz,e38e9a3d78b2c3fb9a3d999eec179dd95776d6d874b094f4bde1db30a2bf848c,Gaussian_ReactOT_exact/Gaussian_calcfc/rxn7323/ts_guess.xyz
rxn7344,14,0,1,rxn7344.xyz,728601e2676bf0e29656bdc10b9568953945dfbe1d19acda051c982e5962703a,Gaussian_ReactOT_exact/Gaussian_calcfc/rxn7344/ts_guess.xyz
rxn7357,12,0,1,rxn7357.xyz,c90ffcd3c6bfac65445dabd03a8428ef2d893f49d21fe8501ce375e39352c416,Gaussian_ReactOT_exact/Gaussian_calcfc/rxn7357/ts_guess.xyz
rxn7361,13,0,1,rxn7361.xyz,7e38635d64307c2825e7cca80bd14bb268cc3445935d870412ed0fe7346f20c7,Gaussian_ReactOT_exact/Gaussian_calcfc/rxn7361/ts_guess.xyz
rxn7364,13,0,1,rxn7364.xyz,e153d234466bb65543b4236ebecc40a5e0985af1bd83fe379b6455166c425dc9,Gaussian_ReactOT_exact/Gaussian_calcfc/rxn7364/ts_guess.xyz
rxn7374,21,0,1,rxn7374.xyz,43eb798deb8d3230af46be9e16b9979775fbf6e8d0698112d236d2ce1b82e9fd,Gaussian_ReactOT_exact/Gaussian_calcfc/rxn7374/ts_guess.xyz
rxn7378,12,0,1,rxn7378.xyz,3419d81a9062d4f4bd52b17eadc0864cc8c2d48be06384e189cef1706eee2041,Gaussian_ReactOT_exact/Gaussian_calcfc/rxn7378/ts_guess.xyz
rxn7398,17,0,1,rxn7398.xyz,348d1cb697e7dc04e0eed578ab6c611defc9b192eabb9aff1083ecf235a60a19,Gaussian_ReactOT_exact/Gaussian_calcfc/rxn7398/ts_guess.xyz
rxn7424,13,0,1,rxn7424.xyz,4f5c2179ddd9245fca3ddab2897cba9fb2fc3f6c931111deffb4c02fb5e9f6e6,Gaussian_ReactOT_exact/Gaussian_calcfc/rxn7424/ts_guess.xyz
rxn7427,13,0,1,rxn7427.xyz,50ccd5ee2aeb6b492d0186ed0f7850a33518abfd31a54a35a14ad1f84940c86b,Gaussian_ReactOT_exact/Gaussian_calcfc/rxn7427/ts_guess.xyz
rxn7428,13,0,1,rxn7428.xyz,b0c3f0aa1b118a01869465bdf3cfb6d31e93f08bb913fb518edef31170cdf602,Gaussian_ReactOT_exact/Gaussian_calcfc/rxn7428/ts_guess.xyz
rxn7430,16,0,1,rxn7430.xyz,e2fa31931a2559fe7758f1f455bce6cc34f4db12c262b63f634eb76fee04227d,Gaussian_ReactOT_exact/Gaussian_calcfc/rxn7430/ts_guess.xyz
rxn7436,16,0,1,rxn7436.xyz,e8550d16ef0e54b2b75c870acc9df7cda7e6b5ca62bf46d0e72aba4f8a9a9052,Gaussian_ReactOT_exact/Gaussian_calcfc/rxn7436/ts_guess.xyz
rxn7492,19,0,1,rxn7492.xyz,81cdd1ce26c81ecb2472b52d65e5a6d3888a7743fd3301674d968cfb6d48422f,Gaussian_ReactOT_exact/Gaussian_calcfc/rxn7492/ts_guess.xyz
rxn7493,19,0,1,rxn7493.xyz,8e73475ed197b23e986414bf3093a41e34861d4bf51d6b562c8f5d28bbb6f8fe,Gaussian_ReactOT_exact/Gaussian_calcfc/rxn7493/ts_guess.xyz
rxn7511,16,0,1,rxn7511.xyz,b825d1a3c7c8a369a12db43c5eca2b53fcd86d0b858ad9f41a34f865bf6cd7b5,Gaussian_ReactOT_exact/Gaussian_calcfc/rxn7511/ts_guess.xyz
rxn7521,14,0,1,rxn7521.xyz,b81f33a056e599a2753e2ed170f54b85887233e678b9fe8715159ed0258eae90,Gaussian_ReactOT_exact/Gaussian_calcfc/rxn7521/ts_guess.xyz
rxn7524,14,0,1,rxn7524.xyz,670d890e39aa8fdc449c92959148aa190e0dccc8d4218b65db0fd66e83ae5b44,Gaussian_ReactOT_exact/Gaussian_calcfc/rxn7524/ts_guess.xyz
rxn7529,14,0,1,rxn7529.xyz,9968aeb4ce9860b2d8dd27d0d55374d7c72f0dee6ee264ab26025982f97defe6,Gaussian_ReactOT_exact/Gaussian_calcfc/rxn7529/ts_guess.xyz
rxn7533,14,0,1,rxn7533.xyz,79b19d312004fb0ba8003acadc538f38cec6393969ed7b26533142d7d8167482,Gaussian_ReactOT_exact/Gaussian_calcfc/rxn7533/ts_guess.xyz
rxn7535,10,0,1,rxn7535.xyz,3041cd4b7bb2a6c9272068f94728a25247c0e5b2e3de86768b4e679fade75b36,Gaussian_ReactOT_exact/Gaussian_calcfc/rxn7535/ts_guess.xyz
rxn7539,10,0,1,rxn7539.xyz,35d154b8282c0cb9bed6ce067ebc93e8cefda4bbd69ae90d6baa92c34795984f,Gaussian_ReactOT_exact/Gaussian_calcfc/rxn7539/ts_guess.xyz
rxn7544,16,0,1,rxn7544.xyz,a1958f51cbfd2d1d67b0e72226bfa4b254957808cb8c803098f84ef8f8cde70f,Gaussian_ReactOT_exact/Gaussian_calcfc/rxn7544/ts_guess.xyz
rxn7549,12,0,1,rxn7549.xyz,72aba5b229e30b2308251644f4ead0d8751499e656b492a3ffd689d2c8035d30,Gaussian_ReactOT_exact/Gaussian_calcfc/rxn7549/ts_guess.xyz
rxn7560,13,0,1,rxn7560.xyz,e6713f9c41bbea1d8006d054550b1198c60aed52796c2f9abbe62c0d00ee7187,Gaussian_ReactOT_exact/Gaussian_calcfc/rxn7560/ts_guess.xyz
rxn7566,16,0,1,rxn7566.xyz,7ad7cb6742b74cc6b8abea1bd057a38a5d334640e85309bae21a6185ef274b94,Gaussian_ReactOT_exact/Gaussian_calcfc/rxn7566/ts_guess.xyz
rxn7569,16,0,1,rxn7569.xyz,a97472259d1e0bcb130158f2f9f817c25abd9ce7adcbfee55318910869a7570b,Gaussian_ReactOT_exact/Gaussian_calcfc/rxn7569/ts_guess.xyz
rxn7570,16,0,1,rxn7570.xyz,4eb8206e33c2fbb4bae35c2c117bc879fa04a78f864fdf026359694a3a309807,Gaussian_ReactOT_exact/Gaussian_calcfc/rxn7570/ts_guess.xyz
rxn7578,19,0,1,rxn7578.xyz,94b102f4e7b23076c5dbffaedbe7a85ac987eaf052dac3809cc72c16d47fed96,Gaussian_ReactOT_exact/Gaussian_calcfc/rxn7578/ts_guess.xyz
rxn7579,19,0,1,rxn7579.xyz,342a437e1ef90ee0c905007c90ad942938477037c40593548214eda182ce54c8,Gaussian_ReactOT_exact/Gaussian_calcfc/rxn7579/ts_guess.xyz
rxn7581,19,0,1,rxn7581.xyz,ced957f4fa334a556788f2ce069408a2e59640689e5c4cfc6a05f00675b54dd1,Gaussian_ReactOT_exact/Gaussian_calcfc/rxn7581/ts_guess.xyz
rxn7599,17,0,1,rxn7599.xyz,d48926ad75213af214ef6f9bf90f30733788300c7f26f8141b6ab17c21ce4d3f,Gaussian_ReactOT_exact/Gaussian_calcfc/rxn7599/ts_guess.xyz
rxn7600,11,0,1,rxn7600.xyz,636fe104a5d9eeeeab70740cefdb0247df9556563d17b32496dd4ff7c0d68899,Gaussian_ReactOT_exact/Gaussian_calcfc/rxn7600/ts_guess.xyz
rxn7606,17,0,1,rxn7606.xyz,2ad103e6b141e240c77caadc804f1c325d81d05a1f319c1369145c0e7650d6af,Gaussian_ReactOT_exact/Gaussian_calcfc/rxn7606/ts_guess.xyz
rxn7638,14,0,1,rxn7638.xyz,4c2ea5af046a299a48b424a61c44a67276b8aa2afd2da62d5ed725ae9e9ab06f,Gaussian_ReactOT_exact/Gaussian_calcfc/rxn7638/ts_guess.xyz
rxn7648,14,0,1,rxn7648.xyz,2cfee66b65f786a00c04cdaece529759e1ca68be93a3210c292603bf5913bcfe,Gaussian_ReactOT_exact/Gaussian_calcfc/rxn7648/ts_guess.xyz
rxn7674,13,0,1,rxn7674.xyz,7396f1980cc9e2c493608e6ce9bca4a8c157bb853c14a77a2c737b0749a96f1f,Gaussian_ReactOT_exact/Gaussian_calcfc/rxn7674/ts_guess.xyz
rxn7681,13,0,1,rxn7681.xyz,a2515d3e63ce63f8eb908dd4caeb338a2adef46d453aee5a48eff03a92a916f1,Gaussian_ReactOT_exact/Gaussian_calcfc/rxn7681/ts_guess.xyz
rxn7689,14,0,1,rxn7689.xyz,1ad9234712fe647295b38b3b209aca668fe99939861241270b55b4534aa455e4,Gaussian_ReactOT_exact/Gaussian_calcfc/rxn7689/ts_guess.xyz
rxn7719,15,0,1,rxn7719.xyz,feecbb6afc67f7ca7b6702520365914e8545168ee0a32ad8ac1bfe51667d7857,Gaussian_ReactOT_exact/Gaussian_calcfc/rxn7719/ts_guess.xyz
rxn7728,10,0,1,rxn7728.xyz,7f32d50197f1d3079ce39da8e61f94f9a803f2f142de669ff19082d08092deae,Gaussian_ReactOT_exact/Gaussian_calcfc/rxn7728/ts_guess.xyz
rxn7742,21,0,1,rxn7742.xyz,38da425a46a359b7b21f99e78747e1a85369008e365b0fd4d1fcb0fc29f57c30,Gaussian_ReactOT_exact/Gaussian_calcfc/rxn7742/ts_guess.xyz
rxn7754,21,0,1,rxn7754.xyz,e38049becff87331927767e0ecbb78aa8080ff1983def9bc9bff1a588c428f19,Gaussian_ReactOT_exact/Gaussian_calcfc/rxn7754/ts_guess.xyz
rxn7756,21,0,1,rxn7756.xyz,f48385d9e197fdaa58c5479bd1905c5aa7415b4d4673caa880fb23e607ce29e2,Gaussian_ReactOT_exact/Gaussian_calcfc/rxn7756/ts_guess.xyz
rxn7764,15,0,1,rxn7764.xyz,7576535ee2a5be3188037f34c6014f27ab0741808fa7956ad4c7a500b243711d,Gaussian_ReactOT_exact/Gaussian_calcfc/rxn7764/ts_guess.xyz
rxn7769,15,0,1,rxn7769.xyz,b0f0120175474cec5e3694dcb2cc4b4236635bb15b50a1cbb1a69a4983982ea4,Gaussian_ReactOT_exact/Gaussian_calcfc/rxn7769/ts_guess.xyz
rxn7797,19,0,1,rxn7797.xyz,481ad3c19f7d3b1cd3e3cdfe1705023913c1448799aaf88d78916dafdd371962,Gaussian_ReactOT_exact/Gaussian_calcfc/rxn7797/ts_guess.xyz
rxn7808,13,0,1,rxn7808.xyz,20b68e25da731f0304bd3511a477d95035aa908596d54ebddb657c0224d0014d,Gaussian_ReactOT_exact/Gaussian_calcfc/rxn7808/ts_guess.xyz
rxn7829,15,0,1,rxn7829.xyz,dcb455aa7a54ff00457150daa2c3634a66414afa1b34e89c3283bbd34b57f922,Gaussian_ReactOT_exact/Gaussian_calcfc/rxn7829/ts_guess.xyz
rxn7833,15,0,1,rxn7833.xyz,b999c6bb808fd239f4a90a377c324339bd893216decdca15490bc04e2f32f8ec,Gaussian_ReactOT_exact/Gaussian_calcfc/rxn7833/ts_guess.xyz
rxn7855,15,0,1,rxn7855.xyz,ae99e8008b3da095658be5e35e0cc6ae766a6c36b6607d27409199c3249650c4,Gaussian_ReactOT_exact/Gaussian_calcfc/rxn7855/ts_guess.xyz
rxn7884,15,0,1,rxn7884.xyz,d8b5f95c3f765d798e205700e33ad517d6ae13b7d0c6d540b09981b6d6d37cc3,Gaussian_ReactOT_exact/Gaussian_calcfc/rxn7884/ts_guess.xyz
rxn7890,14,0,1,rxn7890.xyz,2554fbd5507eb7b747a738e1a1d18741231af7906f2374d1d44934abbf2d0c7b,Gaussian_ReactOT_exact/Gaussian_calcfc/rxn7890/ts_guess.xyz
rxn7895,14,0,1,rxn7895.xyz,2327c48644542931e124b31dcbb4ebf1c6a3d1a2b613bba6fd8077efbe543473,Gaussian_ReactOT_exact/Gaussian_calcfc/rxn7895/ts_guess.xyz
rxn7896,14,0,1,rxn7896.xyz,d2c7849ec3688d978e18b6a0cbde26eba5c8e9b1d3307501c3d3630c4a2c0e25,Gaussian_ReactOT_exact/Gaussian_calcfc/rxn7896/ts_guess.xyz
rxn7930,14,0,1,rxn7930.xyz,ca34eb114995722b740c83f41185978b1c36e869f7ca112de732f8e6c6c537e4,Gaussian_ReactOT_exact/Gaussian_calcfc/rxn7930/ts_guess.xyz
rxn7932,17,0,1,rxn7932.xyz,400804b19bf3124f53622a0ac38c2bab2a66da1d82f54eb4e0a98934c54a9742,Gaussian_ReactOT_exact/Gaussian_calcfc/rxn7932/ts_guess.xyz
rxn7938,12,0,1,rxn7938.xyz,bfdbe2091823676751cee95129d7a677b6459017c555f39d37665ec09e85f07b,Gaussian_ReactOT_exact/Gaussian_calcfc/rxn7938/ts_guess.xyz
rxn7941,12,0,1,rxn7941.xyz,fcc80f1b07019059edf5ae68cbdcb861130d8a3784bee87b4ae2cdda7a2f8d0d,Gaussian_ReactOT_exact/Gaussian_calcfc/rxn7941/ts_guess.xyz
rxn7947,12,0,1,rxn7947.xyz,4c7f8869eecef354ca153da9ed3867906f873294da64db4b5199f91753690d1c,Gaussian_ReactOT_exact/Gaussian_calcfc/rxn7947/ts_guess.xyz
rxn7957,12,0,1,rxn7957.xyz,aa5bc703d1aedcad3153e2bbf6e9d6cefe480812b14db8717129ae86629d3656,Gaussian_ReactOT_exact/Gaussian_calcfc/rxn7957/ts_guess.xyz
rxn7961,12,0,1,rxn7961.xyz,c9269aa8088a78a196f14c2211cf67d0c6bf07975a12d3544a0173d3994f2df1,Gaussian_ReactOT_exact/Gaussian_calcfc/rxn7961/ts_guess.xyz
rxn7965,15,0,1,rxn7965.xyz,48293b8bb29ee6e65b1cbebb82c8075474d775aad2b1cfa4351bf1d0ea6cf024,Gaussian_ReactOT_exact/Gaussian_calcfc/rxn7965/ts_guess.xyz
rxn7975,15,0,1,rxn7975.xyz,a3fce099a9228a1835db5caded1396e5bed11a2a88c9311624cc6b7b710cb1e0,Gaussian_ReactOT_exact/Gaussian_calcfc/rxn7975/ts_guess.xyz
rxn7979,15,0,1,rxn7979.xyz,d5c3aafd5ad2daa8c152a8c06a02308f5aeac0f6e34e10a600b8aa67d9a5a8f3,Gaussian_ReactOT_exact/Gaussian_calcfc/rxn7979/ts_guess.xyz
rxn7981,16,0,1,rxn7981.xyz,3ba22573f66b62b79d16f3edef55b9b098f8fd20b7c7bd0cb90520bacd6f6098,Gaussian_ReactOT_exact/Gaussian_calcfc/rxn7981/ts_guess.xyz
rxn8026,14,0,1,rxn8026.xyz,5280e73ba2a6810c8476b49d464a52b8c4324ec440e254a61a3b439cb3ead6bb,Gaussian_ReactOT_exact/Gaussian_calcfc/rxn8026/ts_guess.xyz
rxn8034,13,0,1,rxn8034.xyz,0ff14015c6b8cd63afd8334589682351f4f23d502ab1245656067611c5e9ab0b,Gaussian_ReactOT_exact/Gaussian_calcfc/rxn8034/ts_guess.xyz
rxn8036,13,0,1,rxn8036.xyz,257d0ca6d074396e31b0e61de0bc658f070fe7bd13b665e76cc05b88c64b78ef,Gaussian_ReactOT_exact/Gaussian_calcfc/rxn8036/ts_guess.xyz
rxn8062,13,0,1,rxn8062.xyz,6b2df312021bc6857b211196cba493cd3d0decede1ea0d548a6e68dca3472db6,Gaussian_ReactOT_exact/Gaussian_calcfc/rxn8062/ts_guess.xyz
rxn8081,17,0,1,rxn8081.xyz,58e804f1e13b920f56a4e7335e457a7906b53375bd744348f99d8de73e799906,Gaussian_ReactOT_exact/Gaussian_calcfc/rxn8081/ts_guess.xyz
rxn8083,17,0,1,rxn8083.xyz,79bdd533b87dad7d63070d7320c1e367b04ec89f2a19cf95c3e576f4b79d4870,Gaussian_ReactOT_exact/Gaussian_calcfc/rxn8083/ts_guess.xyz
rxn8085,11,0,1,rxn8085.xyz,5d9fdd413b1b89f387d744dcca20a19af68e2c870c2c8fc99a5733284a038088,Gaussian_ReactOT_exact/Gaussian_calcfc/rxn8085/ts_guess.xyz
rxn8087,11,0,1,rxn8087.xyz,a9b0553da965f695103703f631f8dcabf3e274f442f6f70033dbf6ecdbe136d4,Gaussian_ReactOT_exact/Gaussian_calcfc/rxn8087/ts_guess.xyz
rxn8103,17,0,1,rxn8103.xyz,c349d81663cdb49e7413f39d5c8ba155b7f22d78ac0d8ba045d5f297a9409409,Gaussian_ReactOT_exact/Gaussian_calcfc/rxn8103/ts_guess.xyz
rxn8113,21,0,1,rxn8113.xyz,d4dd2f25e5cd7ee36767a49ed7b29f98eebd1833e56780154b2dde616c492515,Gaussian_ReactOT_exact/Gaussian_calcfc/rxn8113/ts_guess.xyz
rxn8125,16,0,1,rxn8125.xyz,47f677d179be0056048d0e21d0d7a2a567edddda0912680cfe6bf2c9fe93d005,Gaussian_ReactOT_exact/Gaussian_calcfc/rxn8125/ts_guess.xyz
rxn8133,11,0,1,rxn8133.xyz,76fbb099dd928522a2aec47ecb4f3a928bc70b79c7cbad3d27a3985efab07476,Gaussian_ReactOT_exact/Gaussian_calcfc/rxn8133/ts_guess.xyz
rxn8149,15,0,1,rxn8149.xyz,7c4e4a5c2e7423e3ded673b6e05d184de2e7ab346eaa8cb33b39eaa44c4ab28a,Gaussian_ReactOT_exact/Gaussian_calcfc/rxn8149/ts_guess.xyz
rxn8151,17,0,1,rxn8151.xyz,720154226fdb2912b3f762672a02b6aa6af013335ef4528d4ffc0824ff11ab79,Gaussian_ReactOT_exact/Gaussian_calcfc/rxn8151/ts_guess.xyz
rxn8152,17,0,1,rxn8152.xyz,5c2974dbb637ab77f09765bc1462f797a09749580ab4071600fdd2e9a1761734,Gaussian_ReactOT_exact/Gaussian_calcfc/rxn8152/ts_guess.xyz
rxn8176,19,0,1,rxn8176.xyz,4521c514074cbc4d31d493634e01fac51e66095941fc9d72bd11cf033d07ff71,Gaussian_ReactOT_exact/Gaussian_calcfc/rxn8176/ts_guess.xyz
rxn8178,19,0,1,rxn8178.xyz,d3510f172fd43e0b1e9ff2906c30a26af04c7599da0001d18e6b427bb1fb66f7,Gaussian_ReactOT_exact/Gaussian_calcfc/rxn8178/ts_guess.xyz
rxn8180,19,0,1,rxn8180.xyz,a30e1fb3f20672b7a3eae6d516af80906519d83203b8cfa2b3edb14cfad7c07a,Gaussian_ReactOT_exact/Gaussian_calcfc/rxn8180/ts_guess.xyz
rxn8190,17,0,1,rxn8190.xyz,c4c838a417eac6c597a6e0ddadf0792832ecb02b2a10939f40a65ce5516d81ed,Gaussian_ReactOT_exact/Gaussian_calcfc/rxn8190/ts_guess.xyz
rxn8191,17,0,1,rxn8191.xyz,5f2c23b94f2b3517aab64f1960496e6be7e1a700e50d7cbb761e528bdf8ff9e2,Gaussian_ReactOT_exact/Gaussian_calcfc/rxn8191/ts_guess.xyz
rxn8219,14,0,1,rxn8219.xyz,1cf8fdd6a8a5e59cfa4632a483d67a32a9482e02a3b6fedcf735c20c77e805b0,Gaussian_ReactOT_exact/Gaussian_calcfc/rxn8219/ts_guess.xyz
rxn8228,15,0,1,rxn8228.xyz,c221e7fe6ee61efa9767bf929a44e59858bb849c6b97ca1bea2c385e18edd5f6,Gaussian_ReactOT_exact/Gaussian_calcfc/rxn8228/ts_guess.xyz
rxn8235,15,0,1,rxn8235.xyz,25b4ed3e49854a8159dabab78a1def155fe4369177dd8c2378dde6bf8a7eb14e,Gaussian_ReactOT_exact/Gaussian_calcfc/rxn8235/ts_guess.xyz
rxn8241,16,0,1,rxn8241.xyz,2b7a22bb1150973d5f88b5eeb36e7ee6be87e719e5c0d765dd913471d68aab60,Gaussian_ReactOT_exact/Gaussian_calcfc/rxn8241/ts_guess.xyz
rxn8259,15,0,1,rxn8259.xyz,398b3230811b00150769611a83da2768daebebf91e9029dffb38e6183e9fcd53,Gaussian_ReactOT_exact/Gaussian_calcfc/rxn8259/ts_guess.xyz
rxn8278,19,0,1,rxn8278.xyz,18fdde1aff61a71610393422f16da07fbe78e1b2957fcda1dbbb50b89a829e10,Gaussian_ReactOT_exact/Gaussian_calcfc/rxn8278/ts_guess.xyz
rxn8289,19,0,1,rxn8289.xyz,effb035a1af55c700caaace3982f81f8577124be66f22ce3852b2006cd2a844f,Gaussian_ReactOT_exact/Gaussian_calcfc/rxn8289/ts_guess.xyz
rxn8297,17,0,1,rxn8297.xyz,774fdc96797fdf966b14025a981eb1cb72ba8ae9125838c875297c3d4be4ceba,Gaussian_ReactOT_exact/Gaussian_calcfc/rxn8297/ts_guess.xyz
rxn8315,15,0,1,rxn8315.xyz,ddf024a75d11287371dc45db89b343bd17ed2babeb1af152c7724cec87b0619d,Gaussian_ReactOT_exact/Gaussian_calcfc/rxn8315/ts_guess.xyz
rxn8329,18,0,1,rxn8329.xyz,479515737d1c76e3d6bb6327af642fb5c264ae587552bfd5c255470f99c5c05f,Gaussian_ReactOT_exact/Gaussian_calcfc/rxn8329/ts_guess.xyz
rxn8330,18,0,1,rxn8330.xyz,bee736e4b9fdc8ba4247f5283a0d9e6a9845f65e08468ecb44b1491ab01f3f6f,Gaussian_ReactOT_exact/Gaussian_calcfc/rxn8330/ts_guess.xyz
rxn8345,14,0,1,rxn8345.xyz,62ff407e6a78d194fca29de9804b05b5a8bb1f18696be79d114d90ef7df037bf,Gaussian_ReactOT_exact/Gaussian_calcfc/rxn8345/ts_guess.xyz
rxn8346,14,0,1,rxn8346.xyz,18e9f4e903c0e46b24ca169c9fdb5f8b32be97ad5f137c8c53ca0d1c3f0c495c,Gaussian_ReactOT_exact/Gaussian_calcfc/rxn8346/ts_guess.xyz
rxn8358,19,0,1,rxn8358.xyz,b24e9380fb38245e3f42493bbef112e9e0cac3dd04ba82f718c781f85a9346eb,Gaussian_ReactOT_exact/Gaussian_calcfc/rxn8358/ts_guess.xyz
rxn8378,17,0,1,rxn8378.xyz,ebbccdce3e9697b50a9e93e1b965810265718615a028d9f934eaadb069bb1b11,Gaussian_ReactOT_exact/Gaussian_calcfc/rxn8378/ts_guess.xyz
rxn8383,12,0,1,rxn8383.xyz,e9fa1c2777b2ce2c8ba6ce9edf95a9df5cb0d5aa215f04f89b9e6ca905bbda4a,Gaussian_ReactOT_exact/Gaussian_calcfc/rxn8383/ts_guess.xyz
rxn8395,15,0,1,rxn8395.xyz,d6f98538511493a0bd801632152f14e522d737412c351489390f78411fa9a015,Gaussian_ReactOT_exact/Gaussian_calcfc/rxn8395/ts_guess.xyz
rxn8398,15,0,1,rxn8398.xyz,4972447f3e02893785ded41da9365014b2b6b2c69546e1696af477a6f4ca6ebe,Gaussian_ReactOT_exact/Gaussian_calcfc/rxn8398/ts_guess.xyz
rxn8413,14,0,1,rxn8413.xyz,21c93f12d39051a7c268b52cfa650028a5be7c3c6bcec48fe1e2235fa0a71b35,Gaussian_ReactOT_exact/Gaussian_calcfc/rxn8413/ts_guess.xyz
rxn8418,14,0,1,rxn8418.xyz,f1839bee8e2a26c267073a62dafbfee0a4814bed88bfc290483d1fd9c32a4439,Gaussian_ReactOT_exact/Gaussian_calcfc/rxn8418/ts_guess.xyz
rxn8431,16,0,1,rxn8431.xyz,8c5fdc2354126bda5a051ac97c2ab499aa5f6a70170673ba2d5e02f37a5e0946,Gaussian_ReactOT_exact/Gaussian_calcfc/rxn8431/ts_guess.xyz
rxn8439,16,0,1,rxn8439.xyz,bae9f126794a9dfc1786a064ece415a323c2b85a6ae297b5da8c4701c8b23d63,Gaussian_ReactOT_exact/Gaussian_calcfc/rxn8439/ts_guess.xyz
rxn8442,13,0,1,rxn8442.xyz,d03f83149de8f08cd03a4f757ada9c3b473eb22db7407b746db17841e1eb7ceb,Gaussian_ReactOT_exact/Gaussian_calcfc/rxn8442/ts_guess.xyz
rxn8446,13,0,1,rxn8446.xyz,e9786a51d6b9339a9f4e70ff2f9a9c6c95fb901ef15900c71752f02fdf46361e,Gaussian_ReactOT_exact/Gaussian_calcfc/rxn8446/ts_guess.xyz
rxn8449,13,0,1,rxn8449.xyz,bec0e372d354355c0177e3fd82079b7f7041549dd767dd0b42be0547f8e44188,Gaussian_ReactOT_exact/Gaussian_calcfc/rxn8449/ts_guess.xyz
rxn8505,16,0,1,rxn8505.xyz,ef4b7305822f079e7edc17d11f52ff54ec3e368ea66760b2dfcb522be2bacb4a,Gaussian_ReactOT_exact/Gaussian_calcfc/rxn8505/ts_guess.xyz
rxn8532,16,0,1,rxn8532.xyz,0b99f518860e35ea0edcbd3550f0fd7cb583d24c617b5186c51c83c108aa4d96,Gaussian_ReactOT_exact/Gaussian_calcfc/rxn8532/ts_guess.xyz
rxn8540,15,0,1,rxn8540.xyz,3038f4864815934b616f16bc504a9395a105dd4bb9a7815b5e9d36ec8ea436d8,Gaussian_ReactOT_exact/Gaussian_calcfc/rxn8540/ts_guess.xyz
rxn8543,15,0,1,rxn8543.xyz,890c9d671841dd6c2c4e6c166a303360cce0982bf659c5d9e354d7629f8841b4,Gaussian_ReactOT_exact/Gaussian_calcfc/rxn8543/ts_guess.xyz
rxn8548,10,0,1,rxn8548.xyz,96751afba65a6dafc17f6ced3d9063cc51f01c73e3bff10279d995eca7397759,Gaussian_ReactOT_exact/Gaussian_calcfc/rxn8548/ts_guess.xyz
rxn8557,14,0,1,rxn8557.xyz,7b8952bf89090360a28f3759f23c6b48c9fde428cfd4562c0aa5040063536eaa,Gaussian_ReactOT_exact/Gaussian_calcfc/rxn8557/ts_guess.xyz
rxn8562,14,0,1,rxn8562.xyz,9c2cdb72d2ec4f573e39eef0b3992f0e1d9d30c28525068f8215f429acaec0a3,Gaussian_ReactOT_exact/Gaussian_calcfc/rxn8562/ts_guess.xyz
rxn8603,15,0,1,rxn8603.xyz,559e94fae36b5ebc304251d8c5a9865311b8993b95a141e696627ce794c0f888,Gaussian_ReactOT_exact/Gaussian_calcfc/rxn8603/ts_guess.xyz
rxn8610,14,0,1,rxn8610.xyz,5fd4a4abf9bab1900ca1e63b89ce60d2d331cc98e8b9e5ae6875e49e3778497b,Gaussian_ReactOT_exact/Gaussian_calcfc/rxn8610/ts_guess.xyz
rxn8624,11,0,1,rxn8624.xyz,a6356111e88ea1b2bdf9df1788b14def736b08a6a20bebd0918d79b67d48cf1e,Gaussian_ReactOT_exact/Gaussian_calcfc/rxn8624/ts_guess.xyz
rxn8634,17,0,1,rxn8634.xyz,cbce7d0c04f3b0f6cfc6a3553413b03257a7d20eb75133ce7a7d244ca211130d,Gaussian_ReactOT_exact/Gaussian_calcfc/rxn8634/ts_guess.xyz
rxn8638,17,0,1,rxn8638.xyz,1172f7d0d545fff37dd152fe07a3bdfa4ae6cd499957779be7025cc1d11d7cf8,Gaussian_ReactOT_exact/Gaussian_calcfc/rxn8638/ts_guess.xyz
rxn8652,17,0,1,rxn8652.xyz,eeb1776bf809c74247efae68e0ed66fd525fdb587d1eabb4197a45bc84ddb764,Gaussian_ReactOT_exact/Gaussian_calcfc/rxn8652/ts_guess.xyz
rxn8680,15,0,1,rxn8680.xyz,2f6166a093ff0f55c7606ae562f8672371fdbea8fc623423cb7621487f370370,Gaussian_ReactOT_exact/Gaussian_calcfc/rxn8680/ts_guess.xyz
rxn8684,12,0,1,rxn8684.xyz,d6c499185745558e7d8713442b34aa953f23a83cef1648cbd60999c361ba9758,Gaussian_ReactOT_exact/Gaussian_calcfc/rxn8684/ts_guess.xyz
rxn8686,12,0,1,rxn8686.xyz,ef14a01833f87c7d9749e917c197c5682b590340f3830799e9e4c01eab725466,Gaussian_ReactOT_exact/Gaussian_calcfc/rxn8686/ts_guess.xyz
rxn8689,12,0,1,rxn8689.xyz,ac94c0be4fdcb2ea92265f2344d6bc5073847bf1694f64a1eaefa5fdaec6062f,Gaussian_ReactOT_exact/Gaussian_calcfc/rxn8689/ts_guess.xyz
rxn8690,12,0,1,rxn8690.xyz,1a8be80de353d6b4b400596b1121365d6d2d50065ed630228897ea3aff213a9c,Gaussian_ReactOT_exact/Gaussian_calcfc/rxn8690/ts_guess.xyz
rxn8695,12,0,1,rxn8695.xyz,b7fabfe6a19f21764f0b4b1cb897d7ec1d893c5f3f66d2fdd7d004d5d1d87a1e,Gaussian_ReactOT_exact/Gaussian_calcfc/rxn8695/ts_guess.xyz
rxn8696,15,0,1,rxn8696.xyz,bd0fcd490b717519e526058a1c255d057e9d48f4c24892a5c08862ea09543d29,Gaussian_ReactOT_exact/Gaussian_calcfc/rxn8696/ts_guess.xyz
rxn8697,15,0,1,rxn8697.xyz,c3d1aad9cac4451956585db9dcb08f1e110593b39773a97dafc769dc07d29d08,Gaussian_ReactOT_exact/Gaussian_calcfc/rxn8697/ts_guess.xyz
rxn8708,13,0,1,rxn8708.xyz,52f3a666ff48e5d3d0ecb5e601884632af3ee2552731f0844b4d9bf5b6b14e4a,Gaussian_ReactOT_exact/Gaussian_calcfc/rxn8708/ts_guess.xyz
rxn8721,17,0,1,rxn8721.xyz,b8ee7f0e2a32c3b36cabbf740df7c03590b2bddb8d1062f8e56abd137abc5319,Gaussian_ReactOT_exact/Gaussian_calcfc/rxn8721/ts_guess.xyz
rxn8722,17,0,1,rxn8722.xyz,ed299ad587a3f4b98c61070f5085ea76629b6938c2eca78edcbeef9e51f89548,Gaussian_ReactOT_exact/Gaussian_calcfc/rxn8722/ts_guess.xyz
rxn8725,11,0,1,rxn8725.xyz,c63c55d0b5f7b62586202de2ed0393b2ccf24f5742f05190892be5677eb81617,Gaussian_ReactOT_exact/Gaussian_calcfc/rxn8725/ts_guess.xyz
rxn8730,11,0,1,rxn8730.xyz,ab081f74c4ee30668a0929df8a7c11083ad443f4ba14238b2d1f10983e7deb17,Gaussian_ReactOT_exact/Gaussian_calcfc/rxn8730/ts_guess.xyz
rxn8733,15,0,1,rxn8733.xyz,22bd7135dd8e9e27ba32b4b8ee31de00b302565d3027fca66bc9e265953449c8,Gaussian_ReactOT_exact/Gaussian_calcfc/rxn8733/ts_guess.xyz
rxn8751,14,0,1,rxn8751.xyz,e0d5fb11335a9062e6d19a202578b557ba9ffa586198b6ba3fde620526f59922,Gaussian_ReactOT_exact/Gaussian_calcfc/rxn8751/ts_guess.xyz
rxn8759,16,0,1,rxn8759.xyz,730fab000e09e331486bdf967e11421883bbf41d44e23da0f78208f12043a680,Gaussian_ReactOT_exact/Gaussian_calcfc/rxn8759/ts_guess.xyz
rxn8760,16,0,1,rxn8760.xyz,bb09454748bbd971724196c34c635ae4edc34c92291c970fbe1f08d130ab7d0d,Gaussian_ReactOT_exact/Gaussian_calcfc/rxn8760/ts_guess.xyz
rxn8765,16,0,1,rxn8765.xyz,87b2d13819d24ad11201ea28d68217a6634151ae878ca60aa4c661b83af30ac8,Gaussian_ReactOT_exact/Gaussian_calcfc/rxn8765/ts_guess.xyz
rxn8802,11,0,1,rxn8802.xyz,47d77e4b8dedc8dec6cac15ba1b731b85b5dc1fa496b06ef1a2414ec09d62b67,Gaussian_ReactOT_exact/Gaussian_calcfc/rxn8802/ts_guess.xyz
rxn8806,14,0,1,rxn8806.xyz,def2774798f05f41400fbd661bd59a8db721698db25cc85bbf6c045234a06a24,Gaussian_ReactOT_exact/Gaussian_calcfc/rxn8806/ts_guess.xyz
rxn8818,16,0,1,rxn8818.xyz,4a651fec0d60cb62148d77e4fd6821233a8ce20d1a62a40535daf04e212dc534,Gaussian_ReactOT_exact/Gaussian_calcfc/rxn8818/ts_guess.xyz
rxn8823,15,0,1,rxn8823.xyz,b65360b2739faed21002224f7e28dc829cc83776acedc97dbcc4d29089efab50,Gaussian_ReactOT_exact/Gaussian_calcfc/rxn8823/ts_guess.xyz
rxn8851,15,0,1,rxn8851.xyz,11422a12868270c62f1dc32d32a17399903bf44e1294b6ca86adc5c9686f90ce,Gaussian_ReactOT_exact/Gaussian_calcfc/rxn8851/ts_guess.xyz
rxn8854,15,0,1,rxn8854.xyz,f726073c1873e97a1628b18d8649f6c33466d995aa8a8eb6661870baa88d0a7e,Gaussian_ReactOT_exact/Gaussian_calcfc/rxn8854/ts_guess.xyz
rxn8866,19,0,1,rxn8866.xyz,93bd2bd7b2d5043b4c4702e509d9c68b760314cdfe6a3a53345cfbea1e467e1f,Gaussian_ReactOT_exact/Gaussian_calcfc/rxn8866/ts_guess.xyz
rxn8880,15,0,1,rxn8880.xyz,4a3b4e917be87ef474907bcff214620c1e432730150952600ee7fcc3a30d4b40,Gaussian_ReactOT_exact/Gaussian_calcfc/rxn8880/ts_guess.xyz
rxn8902,17,0,1,rxn8902.xyz,9204244228af5e154f4689f2ac1238aa25b90ba463ba5b04ac80cc2759169d17,Gaussian_ReactOT_exact/Gaussian_calcfc/rxn8902/ts_guess.xyz
rxn8931,15,0,1,rxn8931.xyz,1900b2bbcaa7daee691f00dce87aff5817ebad5d1c42b539f8e2cc0b2bfaa7a9,Gaussian_ReactOT_exact/Gaussian_calcfc/rxn8931/ts_guess.xyz
rxn8936,15,0,1,rxn8936.xyz,0463444e4c05888713daa77a51a6fdffa03970866ccfe84e866562c4378f6881,Gaussian_ReactOT_exact/Gaussian_calcfc/rxn8936/ts_guess.xyz
rxn8949,14,0,1,rxn8949.xyz,f94d5c56e722ce1cd815e8b766ca42168700f0f0faabf92170af2e6affeabb56,Gaussian_ReactOT_exact/Gaussian_calcfc/rxn8949/ts_guess.xyz
rxn8960,12,0,1,rxn8960.xyz,3fc644b88417b12da914123c32c1746d5c978bdf72f2328b68e6063c3eccd497,Gaussian_ReactOT_exact/Gaussian_calcfc/rxn8960/ts_guess.xyz
rxn8964,10,0,1,rxn8964.xyz,8774159f0466e42213a873d0106e26acca10447721977ff66f6a0362231aa210,Gaussian_ReactOT_exact/Gaussian_calcfc/rxn8964/ts_guess.xyz
rxn8973,13,0,1,rxn8973.xyz,e80705ba3e02a8d08009e6c8c65dab930035c49e82480c1aea7a1890b9bff1c1,Gaussian_ReactOT_exact/Gaussian_calcfc/rxn8973/ts_guess.xyz
rxn8991,11,0,1,rxn8991.xyz,8cfeaa0078429281063b7b8bbe006f067b3ef50ddb1309c5944d23618e344870,Gaussian_ReactOT_exact/Gaussian_calcfc/rxn8991/ts_guess.xyz
rxn9000,12,0,1,rxn9000.xyz,ba2e37506591d924d7a8bacfa48339d003bffc229e8287e050d86e8fb2f6d4cd,Gaussian_ReactOT_exact/Gaussian_calcfc/rxn9000/ts_guess.xyz
rxn9044,10,0,1,rxn9044.xyz,0327fd52e3b91d9c2ed1f0dd9f91e76beb9e649c8d43a5cec6e696622bad1f53,Gaussian_ReactOT_exact/Gaussian_calcfc/rxn9044/ts_guess.xyz
rxn9058,11,0,1,rxn9058.xyz,a85577d8adaae75b02baec7b689e424b9e2e21071d01521aa66d68598f738758,Gaussian_ReactOT_exact/Gaussian_calcfc/rxn9058/ts_guess.xyz
rxn9094,10,0,1,rxn9094.xyz,481292c6526fff3dfeed13233a8166a723685087cf1eb28f9f5df017c734fbfd,Gaussian_ReactOT_exact/Gaussian_calcfc/rxn9094/ts_guess.xyz
rxn9185,12,0,1,rxn9185.xyz,7119d10612274af8ceba39d3462c6ae0df25b079257aef41628ebf698c1d54c7,Gaussian_ReactOT_exact/Gaussian_calcfc/rxn9185/ts_guess.xyz
rxn9201,14,0,1,rxn9201.xyz,6896dd6badbc55a0214d4d5f2b294b6ab686f73a3f368665eca3dc8bb30a8556,Gaussian_ReactOT_exact/Gaussian_calcfc/rxn9201/ts_guess.xyz
rxn9228,16,0,1,rxn9228.xyz,764e3ccec76e7117750f63ae5a1b0cbba7abbe333536529e91e8854f601f95c0,Gaussian_ReactOT_exact/Gaussian_calcfc/rxn9228/ts_guess.xyz
rxn9252,12,0,1,rxn9252.xyz,3a11a3100389fae4fdedb8b5fead334f5245969466c460762e1686c699cb5005,Gaussian_ReactOT_exact/Gaussian_calcfc/rxn9252/ts_guess.xyz
rxn9262,15,0,1,rxn9262.xyz,5bdf2dd0dec1310c98d385a67b2743011b3e9e0cc88168ece15be89193ab30da,Gaussian_ReactOT_exact/Gaussian_calcfc/rxn9262/ts_guess.xyz
rxn9286,16,0,1,rxn9286.xyz,79a5e15cfc3403664f46b5b5de27130f0a8a4ea52ec92b5a9eaa84b622876c87,Gaussian_ReactOT_exact/Gaussian_calcfc/rxn9286/ts_guess.xyz
rxn9298,16,0,1,rxn9298.xyz,1bc3abde617f34ff4d7e08123398848b09633e47695fac534d9f4b7d40c829dd,Gaussian_ReactOT_exact/Gaussian_calcfc/rxn9298/ts_guess.xyz
rxn9310,9,0,1,rxn9310.xyz,4d0e69df9aecdad7522e9be2465ada0586132f0739af76de97d19964c58209c0,Gaussian_ReactOT_exact/Gaussian_calcfc/rxn9310/ts_guess.xyz
rxn9322,12,0,1,rxn9322.xyz,9d123719ce359d864f5cc8a435b19cea4b9a7b0628804b3625029408fd56e18d,Gaussian_ReactOT_exact/Gaussian_calcfc/rxn9322/ts_guess.xyz
rxn9325,16,0,1,rxn9325.xyz,f1990680e7e639d3649276c93d8081b4f45ff1e182b3d935b262ff37d7352944,Gaussian_ReactOT_exact/Gaussian_calcfc/rxn9325/ts_guess.xyz
rxn9338,11,0,1,rxn9338.xyz,782a49a4a4daaa9873665ae964491e9bf9a2fd38c63cb85e58ad180132e090df,Gaussian_ReactOT_exact/Gaussian_calcfc/rxn9338/ts_guess.xyz
rxn9365,18,0,1,rxn9365.xyz,c7d7cffcc22a120c25f13d78c1bab31c3935d091a448aadc3f1722202d2d0abd,Gaussian_ReactOT_exact/Gaussian_calcfc/rxn9365/ts_guess.xyz
rxn9375,6,0,1,rxn9375.xyz,c762ffebc441d20e9209d10b4dd38aba282f4320437f0eb8e939442de0f5a285,Gaussian_ReactOT_exact/Gaussian_calcfc/rxn9375/ts_guess.xyz
rxn9379,14,0,1,rxn9379.xyz,79d996ad6b09ad198bad6256b9f8d4273ed035d653a6132ad598182bb3b94c81,Gaussian_ReactOT_exact/Gaussian_calcfc/rxn9379/ts_guess.xyz
rxn9422,9,0,1,rxn9422.xyz,daf4c5f8eb0b5f0d9dfbe77e2fd57f03f37fe27135b0b9e2c87ac43a5c1ac239,Gaussian_ReactOT_exact/Gaussian_calcfc/rxn9422/ts_guess.xyz
rxn9433,11,0,1,rxn9433.xyz,df40abdbc857f18a6860e58f49f177dad06e9d7ae126aea66034e6f447f3bc00,Gaussian_ReactOT_exact/Gaussian_calcfc/rxn9433/ts_guess.xyz
rxn9439,15,0,1,rxn9439.xyz,b3a23e4e0dc4d4d1e41ec3583ef329cedc3f3c9ce34500c57c667077864afe57,Gaussian_ReactOT_exact/Gaussian_calcfc/rxn9439/ts_guess.xyz
rxn9445,16,0,1,rxn9445.xyz,b78563c7ca54cdab9d075792a205b371771f0ca713340936ad283cba215ec3da,Gaussian_ReactOT_exact/Gaussian_calcfc/rxn9445/ts_guess.xyz
rxn9446,16,0,1,rxn9446.xyz,94354bf74cd7c71aaec8cc4e9c7f805744fd51d8902f41b78b3fc0fcb1c42e44,Gaussian_ReactOT_exact/Gaussian_calcfc/rxn9446/ts_guess.xyz
rxn9460,12,0,1,rxn9460.xyz,eba81e3b0b4e4958ccb4095108d2a7119adc75a566b9b46bbdc1c63d61f5b9f8,Gaussian_ReactOT_exact/Gaussian_calcfc/rxn9460/ts_guess.xyz
rxn9465,16,0,1,rxn9465.xyz,49fe543c926efc62725afe127ce4755ffc482656480b24e60c6bed7eeccaa964,Gaussian_ReactOT_exact/Gaussian_calcfc/rxn9465/ts_guess.xyz
rxn9498,14,0,1,rxn9498.xyz,9c157a07fbaa6cd79e2ef58895c626a317eab4041b381e4d6edd1d661cdedfda,Gaussian_ReactOT_exact/Gaussian_calcfc/rxn9498/ts_guess.xyz
rxn9513,19,0,1,rxn9513.xyz,4593eeb0aba6fa39210a80bb818f7091a70a9e053a053783d6a9d9fe0344e60a,Gaussian_ReactOT_exact/Gaussian_calcfc/rxn9513/ts_guess.xyz
rxn9520,16,0,1,rxn9520.xyz,2f5457ae3cb69f6c33eac6ba368d8f12a22c3127119a7e5c84cfd9242a631b55,Gaussian_ReactOT_exact/Gaussian_calcfc/rxn9520/ts_guess.xyz
rxn9526,16,0,1,rxn9526.xyz,b9a71abecf42f49b58c85a0acdadd4074f2c7851c7fe362fb5974424f27313ee,Gaussian_ReactOT_exact/Gaussian_calcfc/rxn9526/ts_guess.xyz
rxn9543,17,0,1,rxn9543.xyz,7f63ec67650eaaf716713aec4dcae785e4539ea22aafcf3b97df4ba452e3a4d5,Gaussian_ReactOT_exact/Gaussian_calcfc/rxn9543/ts_guess.xyz
rxn9547,12,0,1,rxn9547.xyz,fb5d5fdec4d7b07fcdec5be0131038b825e52edb684bb3faffb2befc0f06052b,Gaussian_ReactOT_exact/Gaussian_calcfc/rxn9547/ts_guess.xyz
rxn9554,14,0,1,rxn9554.xyz,56c0febd83a63fec8c081e3cb2e594054e4c4542cdf0adb76f88c153017279cf,Gaussian_ReactOT_exact/Gaussian_calcfc/rxn9554/ts_guess.xyz
rxn9555,14,0,1,rxn9555.xyz,a74772408fc7b9c6028682f1c0a34f18754eedd87b47c33272896497469a8a05,Gaussian_ReactOT_exact/Gaussian_calcfc/rxn9555/ts_guess.xyz
rxn9600,16,0,1,rxn9600.xyz,7a310e326b7c7a594af5c5f8cb4bb3d05fc908a95a51ee7bafbd7ac5813cf52f,Gaussian_ReactOT_exact/Gaussian_calcfc/rxn9600/ts_guess.xyz
rxn9605,19,0,1,rxn9605.xyz,33b9eb2b890d2fa5fa9a3e909bd57db288aef7c9ad6d5578beaea843b6b41cc7,Gaussian_ReactOT_exact/Gaussian_calcfc/rxn9605/ts_guess.xyz
rxn9627,17,0,1,rxn9627.xyz,8941a04738f8cd523c8e4b23e5d8391fd4970921062b6b8aa20e6eb6d60bf4b5,Gaussian_ReactOT_exact/Gaussian_calcfc/rxn9627/ts_guess.xyz
rxn9658,18,0,1,rxn9658.xyz,e585999f1a35cc972c08a89aac49393477dcf231813df17ac685502dcc4fdfae,Gaussian_ReactOT_exact/Gaussian_calcfc/rxn9658/ts_guess.xyz
rxn9680,19,0,1,rxn9680.xyz,e611e066adb210384d59744f972989272c6cd73d90169907d612ee244d144870,Gaussian_ReactOT_exact/Gaussian_calcfc/rxn9680/ts_guess.xyz
rxn9683,16,0,1,rxn9683.xyz,3ba3754294c674c9c0730a04f60462a16f8dc660a843dd3cb497acf1a9744b20,Gaussian_ReactOT_exact/Gaussian_calcfc/rxn9683/ts_guess.xyz
rxn9704,17,0,1,rxn9704.xyz,f8baa9c75f29b91894c3a22cd4ea60561533c8ac305739c3519b905d4992606d,Gaussian_ReactOT_exact/Gaussian_calcfc/rxn9704/ts_guess.xyz
rxn9705,13,0,1,rxn9705.xyz,268de7faf6642db92c5479335179edb4a1c5342dcba7bc02aded891f31f1d8fb,Gaussian_ReactOT_exact/Gaussian_calcfc/rxn9705/ts_guess.xyz
rxn9711,13,0,1,rxn9711.xyz,d42c1d18045a4353c6cacc4cbf1226c4e85c1c8264757a6d676b000e79727f99,Gaussian_ReactOT_exact/Gaussian_calcfc/rxn9711/ts_guess.xyz
rxn9715,11,0,1,rxn9715.xyz,186b7dc0e7e6bf950beae227484ae65367d641f4437c1668b21c3a768a055bd1,Gaussian_ReactOT_exact/Gaussian_calcfc/rxn9715/ts_guess.xyz
rxn9721,19,0,1,rxn9721.xyz,2148111441529ea1289b26fdb5d25bbf67fd1c7553de0867f5d297c00ae4808b,Gaussian_ReactOT_exact/Gaussian_calcfc/rxn9721/ts_guess.xyz
rxn9734,15,0,1,rxn9734.xyz,b83d5956dc3509b573d3c8eaed0521201613c978e9b4bd7606de2a06805c98c7,Gaussian_ReactOT_exact/Gaussian_calcfc/rxn9734/ts_guess.xyz
rxn9737,13,0,1,rxn9737.xyz,520b744f32ab2f5252cb599fe957d66352858e95a406163bead4f0ae323b9416,Gaussian_ReactOT_exact/Gaussian_calcfc/rxn9737/ts_guess.xyz
rxn9789,15,0,1,rxn9789.xyz,48e50759835c0c66ef73f6d4c734bf6aa0ed3171de71d331764b9385edf1ec4e,Gaussian_ReactOT_exact/Gaussian_calcfc/rxn9789/ts_guess.xyz
rxn9790,15,0,1,rxn9790.xyz,e7db25b6ac79c50d60602d74c0caeb9bce0750c2d8a8405723b9ac90ae350640,Gaussian_ReactOT_exact/Gaussian_calcfc/rxn9790/ts_guess.xyz
rxn9799,11,0,1,rxn9799.xyz,f4eb42406362796eecee452c56f69e41089a0cf17f63a3846ef9d801e646a7a3,Gaussian_ReactOT_exact/Gaussian_calcfc/rxn9799/ts_guess.xyz
rxn9803,12,0,1,rxn9803.xyz,ef56eb9bc17d319fbc0e3a7dfb1595bd8302331a189b7e66ca17cef3e38a2829,Gaussian_ReactOT_exact/Gaussian_calcfc/rxn9803/ts_guess.xyz
rxn9828,15,0,1,rxn9828.xyz,acdc0ecb0f1454c5a4570670d1e4c4d2b9b7b3748fb9b4d39287d8b4ce1d9e7b,Gaussian_ReactOT_exact/Gaussian_calcfc/rxn9828/ts_guess.xyz
rxn9855,16,0,1,rxn9855.xyz,a81eb7d343b1c8fc45ff668cb0033abf468ae8040891d8f7cf4ad773e94644f8,Gaussian_ReactOT_exact/Gaussian_calcfc/rxn9855/ts_guess.xyz
rxn9863,17,0,1,rxn9863.xyz,078fb5ecca8e89222ccc98674b64c378301a25dca7d0247911c13892ffbe1015,Gaussian_ReactOT_exact/Gaussian_calcfc/rxn9863/ts_guess.xyz
rxn9864,17,0,1,rxn9864.xyz,1c145a1e3bf4213b15f8e1f15f5d7c5d0145706bfcde9d5fa0969535be783f39,Gaussian_ReactOT_exact/Gaussian_calcfc/rxn9864/ts_guess.xyz
rxn9883,11,0,1,rxn9883.xyz,bf6f4cc59f5db637d6bfa7e116691bab48829dad215cfd5a511be7e22e7e75bc,Gaussian_ReactOT_exact/Gaussian_calcfc/rxn9883/ts_guess.xyz
rxn9887,10,0,1,rxn9887.xyz,33d540384d9b0e0c7438d1198367978c4f3c8e5c3584f332d01364731d0b3d55,Gaussian_ReactOT_exact/Gaussian_calcfc/rxn9887/ts_guess.xyz
rxn9907,15,0,1,rxn9907.xyz,e0ad3d2c907e547ebca6ce67a3faa913f45b86ec3e6efcec543b3e9e4244a0f7,Gaussian_ReactOT_exact/Gaussian_calcfc/rxn9907/ts_guess.xyz
rxn9910,15,0,1,rxn9910.xyz,8b54297a4548dc60b311d961f60d9f3c3a99ed0005180197bd9e39f2b728d471,Gaussian_ReactOT_exact/Gaussian_calcfc/rxn9910/ts_guess.xyz
rxn9928,16,0,1,rxn9928.xyz,dab276e26fafee850d7170b0b9000b69f8146b0c51205e2abf46e7b9c7792e07,Gaussian_ReactOT_exact/Gaussian_calcfc/rxn9928/ts_guess.xyz
rxn9941,19,0,1,rxn9941.xyz,d01575d65bdd9378bd48f71a84179af5909daf5ab826b6c28df6d73dd1640368,Gaussian_ReactOT_exact/Gaussian_calcfc/rxn9941/ts_guess.xyz
rxn9952,19,0,1,rxn9952.xyz,26a27e388dd60ed0e22af4deaf91e4b0f7c30d9a10140d5ec51f53f7a648c571,Gaussian_ReactOT_exact/Gaussian_calcfc/rxn9952/ts_guess.xyz
rxn9953,19,0,1,rxn9953.xyz,a2492364517cbf509e49540f9d819b1bca18ac6e6fbd93831a965fac84fa99e0,Gaussian_ReactOT_exact/Gaussian_calcfc/rxn9953/ts_guess.xyz
rxn9963,17,0,1,rxn9963.xyz,b9a20c44362997ce4afee89fe3b59b178b89e83e309c803f8161c599e48c0479,Gaussian_ReactOT_exact/Gaussian_calcfc/rxn9963/ts_guess.xyz
rxn9989,16,0,1,rxn9989.xyz,6c10e7ac88d0de10ad02d8afb68fd2d170fc183f6c286899d774b4d013add27a,Gaussian_ReactOT_exact/Gaussian_calcfc/rxn9989/ts_guess.xyz
rxn10019,17,0,1,rxn10019.xyz,6d0412dd6284060740f56c4168ada97ca6e082de574b8b3c547a8aeb3f38df72,Gaussian_ReactOT_exact/Gaussian_calcfc/rxn10019/ts_guess.xyz
rxn10032,17,0,1,rxn10032.xyz,f2f8ea279eed4108f72757f0dba65df5397748a19c98d8166ea3f731a11bb5a2,Gaussian_ReactOT_exact/Gaussian_calcfc/rxn10032/ts_guess.xyz
rxn10038,14,0,1,rxn10038.xyz,a2bf28cea73732aec5b1ff69b6f47bfdc266cd00b6b6f07e16096afb310f8965,Gaussian_ReactOT_exact/Gaussian_calcfc/rxn10038/ts_guess.xyz
rxn10042,14,0,1,rxn10042.xyz,7cef415388c100cbf441a4c45f89919a3219e0ef484813fd976c96abbecb4d44,Gaussian_ReactOT_exact/Gaussian_calcfc/rxn10042/ts_guess.xyz
rxn10054,12,0,1,rxn10054.xyz,f3f618d04f4b624fb9fe99cbe05f44d463a688de1b6823d2d6d58cae888b05e8,Gaussian_ReactOT_exact/Gaussian_calcfc/rxn10054/ts_guess.xyz
rxn10071,15,0,1,rxn10071.xyz,be1a5153a0263deada25e4bbc707f53be3d24f86da83e79b7b0b38f8bd725d42,Gaussian_ReactOT_exact/Gaussian_calcfc/rxn10071/ts_guess.xyz
