reaction_id,atom_count,charge,multiplicity,file,sha256,source
rxn9,16,0,1,rxn9.xyz,462d9135aada303708d71867b8b63450e471c07f0cc17de4d77dd8d54b34e262,Gaussian_GSM_eqV2/Gaussian_calcfc/rxn9/ts_guess.xyz
rxn26,16,0,1,rxn26.xyz,667a0029c2804926e8efd8c9efcffebbffc9cc90b74487484b5a80faad7f5030,Gaussian_GSM_eqV2/Gaussian_calcfc/rxn26/ts_guess.xyz
rxn31,16,0,1,rxn31.xyz,fe0685302a64c4a445acaa017c5f6e5e9fb4840e366b2d921140b8869b624fb7,Gaussian_GSM_eqV2/Gaussian_calcfc/rxn31/ts_guess.xyz
rxn39,12,0,1,rxn39.xyz,f9d2381eecebc9d94befcdd7fbc87d5f4b20b8aab3a571b6497d4b7b7d0039f4,Gaussian_GSM_eqV2/Gaussian_calcfc/rxn39/ts_guess.xyz
rxn53,15,0,1,rxn53.xyz,b28a125e0de63560721fd6349afb6797691a005cfaddd32bd09a67e4d50fb54f,Gaussian_GSM_eqV2/Gaussian_calcfc/rxn53/ts_guess.xyz
rxn57,13,0,1,rxn57.xyz,29a3e87f5e3c5ca5084d79c44899a697f4e43ccbbb6a8bcb3832671d5e9e999c,Gaussian_GSM_eqV2/Gaussian_calcfc/rxn57/ts_guess.xyz
rxn59,13,0,1,rxn59.xyz,5948778c67d8bdb2a023e0017e2bfa5a95d76ae3b84fd33a94944352ac30b6b3,Gaussian_GSM_eqV2/Gaussian_calcfc/rxn59/ts_guess.xyz
rxn61,13,0,1,rxn61.xyz,5cb44b979399ba2231d135cee08b8a26b9cafdbc583fd82ef488dbbd7f561390,Gaussian_GSM_eqV2/Gaussian_calcfc/rxn61/ts_guess.xyz
rxn64,11,0,1,rxn64.xyz,226ff40a3d0a8537d417aa6048b67baa7e6c36553bd0e0013c808d9e445ad016,Gaussian_GSM_eqV2/Gaussian_calcfc/rxn64/ts_guess.xyz
rxn66,11,0,1,rxn66.xyz,f42b05f6f538444af28b5b128dcbea1e0a2b0e4a1f145a211e33432c216a2002,Gaussian_GSM_eqV2/Gaussian_calcfc/rxn66/ts_guess.xyz
rxn72,11,0,1,rxn72.xyz,5f70cdadb1190844f8913f6aeb50448fe6f1f928c5a64560031e7bf73489e6ec,Gaussian_GSM_eqV2/Gaussian_calcfc/rxn72/ts_guess.xyz
rxn74,13,0,1,rxn74.xyz,84308871ff3e7758f0be77a656b8a17f137d93d50a38ad30eb0417be981f9235,Gaussian_GSM_eqV2/Gaussian_calcfc/rxn74/ts_guess.xyz
rxn78,13,0,1,rxn78.xyz,11974a9a3af3e29308835e2eeeb035d64b943eeb493b969ead176269c595dee5,Gaussian_GSM_eqV2/Gaussian_calcfc/rxn78/ts_guess.xyz
rxn79,13,0,1,rxn79.xyz,ca9411ff8a3c944480f523c98cec98d759e8304bd3101d47ac04c307a9739a3d,Gaussian_GSM_eqV2/Gaussian_calcfc/rxn79/ts_guess.xyz
rxn102,11,0,1,rxn102.xyz,be8b1c42372d0f1f42797ac645fbadf17c9260c4af8a8ad6f129071bb9967b8f,Gaussian_GSM_eqV2/Gaussian_calcfc/rxn102/ts_guess.xyz
rxn123,10,0,1,rxn123.xyz,5c4add5ceee5769f928f407eb166a329b19ba7bf70769234e87ca9cd15f9b4e4,Gaussian_GSM_eqV2/Gaussian_calcfc/rxn123/ts_guess.xyz
rxn124,10,0,1,rxn124.xyz,11dbe6543523bf4228e3d09dd40189923429f4264866c2342078b4dad3374593,Gaussian_GSM_eqV2/Gaussian_calcfc/rxn124/ts_guess.xyz
rxn143,14,0,1,rxn143.xyz,7be854c085f5fc497759e43f270135e12681943046f5ee1f2fd4f57859520b93,Gaussian_GSM_eqV2/Gaussian_calcfc/rxn143/ts_guess.xyz
rxn144,14,0,1,rxn144.xyz,d54283fd11ad92607243675aec24eb90bdf065bcfef920b959b4a340cddd3287,Gaussian_GSM_eqV2/Gaussian_calcfc/rxn144/ts_guess.xyz
rxn148,11,0,1,rxn148.xyz,67d5bf30df0c166c2f53ed0cd71f3e466e0df61f365887fcddc413fe95a9b368,Gaussian_GSM_eqV2/Gaussian_calcfc/rxn148/ts_guess.xyz
rxn160,11,0,1,rxn160.xyz,2d3d085332ff4b1db94cf1740c652acf3c4ec49bf707e56ae326b823eb3d33c8,Gaussian_GSM_eqV2/Gaussian_calcfc/rxn160/ts_guess.xyz
rxn170,12,0,1,rxn170.xyz,8305a6a70fd7c5fa0fa44811e3c5ee88e8e2158c130093842e578921d102c7cd,Gaussian_GSM_eqV2/Gaussian_calcfc/rxn170/ts_guess.xyz
rxn199,10,0,1,rxn199.xyz,c727aba302066707a1a000e519ece550182b5a66f19c8543b27a2e02239c362a,Gaussian_GSM_eqV2/Gaussian_calcfc/rxn199/ts_guess.xyz
rxn220,14,0,1,rxn220.xyz,4348a272479f5ec50f04666c93fb7c51c3e69f31cdd47735bc1705d890c6aeaf,Gaussian_GSM_eqV2/Gaussian_calcfc/rxn220/ts_guess.xyz
rxn233,13,0,1,rxn233.xyz,c98e1b69f228ff5d0506f359cebce678b647d366f0d80b4c04647b5553873ea2,Gaussian_GSM_eqV2/Gaussian_calcfc/rxn233/ts_guess.xyz
rxn235,14,0,1,rxn235.xyz,e90e5f31322ae097078101b75664072486602b41c6f685c857b290f1f4b0920f,Gaussian_GSM_eqV2/Gaussian_calcfc/rxn235/ts_guess.xyz
rxn263,9,0,1,rxn263.xyz,9cb6c872ed9896326a2dd22fa90a6e842d4bda2581d4cbe84c91a5484a9eb076,Gaussian_GSM_eqV2/Gaussian_calcfc/rxn263/ts_guess.xyz
rxn282,8,0,1,rxn282.xyz,567a0279f860eaeedbbf6773dbc941481fb0faf7a1b900995ad729c1d8c5a46a,Gaussian_GSM_eqV2/Gaussian_calcfc/rxn282/ts_guess.xyz
rxn288,12,0,1,rxn288.xyz,ea3bda0e334409df74c157d92c5a07d984c5c27966c607de0c0212067235342e,Gaussian_GSM_eqV2/Gaussian_calcfc/rxn288/ts_guess.xyz
rxn293,12,0,1,rxn293.xyz,4edd2447d31d2c4b851bf88c8a5cf85c00917c44d981903d48e31f033b70ac53,Gaussian_GSM_eqV2/Gaussian_calcfc/rxn293/ts_guess.xyz
rxn296,8,0,1,rxn296.xyz,c379121d9ce082d72879a41337602315440a7c18ae341aba07f48b9cc826cdf6,Gaussian_GSM_eqV2/Gaussian_calcfc/rxn296/ts_guess.xyz
rxn298,8,0,1,rxn298.xyz,b07530f5711c16f8012b9776bf8ad3f914afc354ec36a4ac5f8c37f6114d8aae,Gaussian_GSM_eqV2/Gaussian_calcfc/rxn298/ts_guess.xyz
rxn313,10,0,1,rxn313.xyz,dc852a4f840b2cf25f9626ae68bca1c45f4d488fbe2b44ad94c64b0233a9c637,Gaussian_GSM_eqV2/Gaussian_calcfc/rxn313/ts_guess.xyz
rxn320,14,0,1,rxn320.xyz,2edb243c2aaec7d2f47accec2bb924b4a1af6d1d825277574793bc3fbb80b13e,Gaussian_GSM_eqV2/Gaussian_calcfc/rxn320/ts_guess.xyz
rxn326,14,0,1,rxn326.xyz,75e4b9edd35f0a964baa1f31a5806f66c19044aed98b9292153d9370c61e34d2,Gaussian_GSM_eqV2/Gaussian_calcfc/rxn326/ts_guess.xyz
rxn333,9,0,1,rxn333.xyz,8547edb01a149f6bd412a9e89162710cb27317fd243e0b34fed0843bdaeaecf8,Gaussian_GSM_eqV2/Gaussian_calcfc/rxn333/ts_guess.xyz
rxn336,9,0,1,rxn336.xyz,653784cbb1507dcb67dbd605a95c338bbb553004dde817c0bab1b9bc989c00a0,Gaussian_GSM_eqV2/Gaussian_calcfc/rxn336/ts_guess.xyz
rxn346,11,0,1,rxn346.xyz,fe0816ef6b033bbf616294ba1d782b87a072bac28255fcf253829c7ef5df8117,Gaussian_GSM_eqV2/Gaussian_calcfc/rxn346/ts_guess.xyz
rxn348,17,0,1,rxn348.xyz,12664d0f14d0116dd866540850b8907f4d6c8840ccc7577446b54f148f3cfc4b,Gaussian_GSM_eqV2/Gaussian_calcfc/rxn348/ts_guess.xyz
rxn356,17,0,1,rxn356.xyz,0d3a6132c3087159274a62718001cacb3ca8e59ed999164d098b0612866c4c17,Gaussian_GSM_eqV2/Gaussian_calcfc/rxn356/ts_guess.xyz
rxn388,13,0,1,rxn388.xyz,f6e7e043354d84f64a2dbab348be08c0d2511597d49a393ecd8e0a72c72cbd60,Gaussian_GSM_eqV2/Gaussian_calcfc/rxn388/ts_guess.xyz
rxn397,16,0,1,rxn397.xyz,a10ac9a7c2c35a2e970c172fc47d00a7a0056c24a6238e2c6c76b563106252ba,Gaussian_GSM_eqV2/Gaussian_calcfc/rxn397/ts_guess.xyz
rxn398,16,0,1,rxn398.xyz,3a7747649cb9783b73207608a8368d88b65c9b7d3e0416b9f67f5143e318f50b,Gaussian_GSM_eqV2/Gaussian_calcfc/rxn398/ts_guess.xyz
rxn403,16,0,1,rxn403.xyz,120c2bb24a4431a180cc742098c0955f6edd009386a5522249fc33f4e34e7620,Gaussian_GSM_eqV2/Gaussian_calcfc/rxn403/ts_guess.xyz
rxn408,11,0,1,rxn408.xyz,cc11e8f9c5ac85b43eb6d718d0d1c58518849cbf82def0455717899135851e39,Gaussian_GSM_eqV2/Gaussian_calcfc/rxn408/ts_guess.xyz
rxn411,11,0,1,rxn411.xyz,41ba8fe302df4349bcc58bd8a355572dcf768aad0f65c4c4b4b4fd504c5e9872,Gaussian_GSM_eqV2/Gaussian_calcfc/rxn411/ts_guess.xyz
rxn416,13,0,1,rxn416.xyz,6d2209b12eac89a88d476e2f1bd176145ac12760aaaef20d0d8fa6be740896ce,Gaussian_GSM_eqV2/Gaussian_calcfc/rxn416/ts_guess.xyz
rxn417,13,0,1,rxn417.xyz,73ee58bad2a1013475c375597fbf6ed62aa08dcb3985afc21c71c21f2689a92b,Gaussian_GSM_eqV2/Gaussian_calcfc/rxn417/ts_guess.xyz
rxn432,11,0,1,rxn432.xyz,b943a3c546b9b0b63e721ae347d817f243ada02d88d6640d258ea04bb3402813,Gaussian_GSM_eqV2/Gaussian_calcfc/rxn432/ts_guess.xyz
rxn436,11,0,1,rxn436.xyz,1b8e3fd293e645d64f53337574492af25e25dac2e43f6964aa6feaab3119bc0a,Gaussian_GSM_eqV2/Gaussian_calcfc/rxn436/ts_guess.xyz
rxn447,12,0,1,rxn447.xyz,205cdc6f49fa243d0d5c0d3f3433141f4c098851de2260747fe6ef31fc455f54,Gaussian_GSM_eqV2/Gaussian_calcfc/rxn447/ts_guess.xyz
rxn459,14,0,1,rxn459.xyz,7d03af3f9d95fc929a0708b47d8d7f5d8a82b4635814309388100fcf27386996,Gaussian_GSM_eqV2/Gaussian_calcfc/rxn459/ts_guess.xyz
rxn464,14,0,1,rxn464.xyz,1f78dd644bde51af900c014ad5bbc415a9c0ca3c7c3575cf1ac0adba91b0a739,Gaussian_GSM_eqV2/Gaussian_calcfc/rxn464/ts_guess.xyz
rxn479,12,0,1,rxn479.xyz,8a7f51ecc2861ee9ed14b7c4cbdd305f549f2589016e6c1e8948d317242a2548,Gaussian_GSM_eqV2/Gaussian_calcfc/rxn479/ts_guess.xyz
rxn487,8,0,1,rxn487.xyz,f3c985228d4117cc5c04e387c34fed9befdfb0a3eab27effb0003d781301b7ce,Gaussian_GSM_eqV2/Gaussian_calcfc/rxn487/ts_guess.xyz
rxn511,11,0,1,rxn511.xyz,7d20c4a3244e5b632f3d620b318ef398b791e6af413078fde44b63f53cadc238,Gaussian_GSM_eqV2/Gaussian_calcfc/rxn511/ts_guess.xyz
rxn522,14,0,1,rxn522.xyz,0d82550031b4182162d91427538ec40f85c58ab1d853192e0ff6052b2d29b6cf,Gaussian_GSM_eqV2/Gaussian_calcfc/rxn522/ts_guess.xyz
rxn526,14,0,1,rxn526.xyz,f20c1bc7063d9e2450886a38add0d87aa16c103269c4c1434bb383343d0a0734,Gaussian_GSM_eqV2/Gaussian_calcfc/rxn526/ts_guess.xyz
rxn532,14,0,1,rxn532.xyz,986f5ff8b373256814febbb26705a805ea0909d26b04571a968774c460c8ef24,Gaussian_GSM_eqV2/Gaussian_calcfc/rxn532/ts_guess.xyz
rxn548,13,0,1,rxn548.xyz,5eb7236e5bf2951ca2c9faeb1eca737bd12da8ddd18341d398e11fef13f7a963,Gaussian_GSM_eqV2/Gaussian_calcfc/rxn548/ts_guess.xyz
rxn575,13,0,1,rxn575.xyz,efad679607ae352360d071f00f43fadc109847a35c8d2012749d221ab79123d6,Gaussian_GSM_eqV2/Gaussian_calcfc/rxn575/ts_guess.xyz
rxn591,18,0,1,rxn591.xyz,9d788b8ee109cadf2f309a8319e07e2801339262a8b3de59f46a9bd8f1ff83a9,Gaussian_GSM_eqV2/Gaussian_calcfc/rxn591/ts_guess.xyz
rxn593,9,0,1,rxn593.xyz,de9ee2bd3ecbdd90577bb381ab0187eae0000dd7a3f3514533981222fb7eb9cd,Gaussian_GSM_eqV2/Gaussian_calcfc/rxn593/ts_guess.xyz
rxn596,11,0,1,rxn596.xyz,b243ce9a6c353b26cf247a418f4efcc0883c2ef3a4d62cea14e9a90586a87f5a,Gaussian_GSM_eqV2/Gaussian_calcfc/rxn596/ts_guess.xyz
rxn600,16,0,1,rxn600.xyz,af7d178627c75b57a8228678b7081a5e4fca2284028ba56d61c40603b5458c15,Gaussian_GSM_eqV2/Gaussian_calcfc/rxn600/ts_guess.xyz
rxn602,16,0,1,rxn602.xyz,360961b2d124c1c38fe694a3552e57e213949fccb2a4ae4d844cf706ac5653db,Gaussian_GSM_eqV2/Gaussian_calcfc/rxn602/ts_guess.xyz
rxn604,16,0,1,rxn604.xyz,f80a3705652b5a63573a1f36ea487f07d4e0dabc383420b695fb574c0e76e707,Gaussian_GSM_eqV2/Gaussian_calcfc/rxn604/ts_guess.xyz
rxn618,18,0,1,rxn618.xyz,86deeafa0518ba262339f584abf46da05cd43e167c9ebc1d23ddf24f8aee7bcc,Gaussian_GSM_eqV2/Gaussian_calcfc/rxn618/ts_guess.xyz
rxn662,14,0,1,rxn662.xyz,6e236eeda3fa6be28d12be9453529598c621caefff9569c06c27b0fd3e6e8634,Gaussian_GSM_eqV2/Gaussian_calcfc/rxn662/ts_guess.xyz
rxn670,10,0,1,rxn670.xyz,d2b64346df13be5e6812e7f76120a94877cbf0a84aaba7395eff6e76f864384c,Gaussian_GSM_eqV2/Gaussian_calcfc/rxn670/ts_guess.xyz
rxn677,18,0,1,rxn677.xyz,49f4f99410aa64b3bf2109b718aec2deae5942abc20655782e2952f7ee69e9e8,Gaussian_GSM_eqV2/Gaussian_calcfc/rxn677/ts_guess.xyz
rxn678,18,0,1,rxn678.xyz,65053ba7612f2e483fdfee296c6e7c5d1ae3b8e98ee8ac0b0d836d8b3f8a06be,Gaussian_GSM_eqV2/Gaussian_calcfc/rxn678/ts_guess.xyz
rxn697,11,0,1,rxn697.xyz,b350cca1d9b2f045023ae28cc1e6f72411763f2ea89b62d39e039f215163ae38,Gaussian_GSM_eqV2/Gaussian_calcfc/rxn697/ts_guess.xyz
rxn707,11,0,1,rxn707.xyz,84ba3f635ce89130c1787fe59b392d21ed0b369ddc4db3530a4ec2b6f9939e90,Gaussian_GSM_eqV2/Gaussian_calcfc/rxn707/ts_guess.xyz
rxn720,11,0,1,rxn720.xyz,9de815fcc6247e1c37b77587dfcfbe521aabea5a6af678d444c45f9feac5ce36,Gaussian_GSM_eqV2/Gaussian_calcfc/rxn720/ts_guess.xyz
rxn760,13,0,1,rxn760.xyz,b1582206ee56a6323a21453877b867a8ed5656bbaa8990fd61215a46cb3153bf,Gaussian_GSM_eqV2/Gaussian_calcfc/rxn760/ts_guess.xyz
rxn780,12,0,1,rxn780.xyz,fc7e2cb84da3eec6a0cd34b4271d8ded78f390317f598d49e7d34b8900c6547b,Gaussian_GSM_eqV2/Gaussian_calcfc/rxn780/ts_guess.xyz
rxn792,12,0,1,rxn792.xyz,6b73746e06224fb750c8c90c5c1f91151683916b6b775e9f607ee5673784d1c9,Gaussian_GSM_eqV2/Gaussian_calcfc/rxn792/ts_guess.xyz
rxn793,12,0,1,rxn793.xyz,4c114e4299b2040b7e1edbfcafc9a1bd28820788e68855b1e5e57442d55b9650,Gaussian_GSM_eqV2/Gaussian_calcfc/rxn793/ts_guess.xyz
rxn811,8,0,1,rxn811.xyz,b0db4d18d9db9b2c3acdd3ad0031053ddf9e33c30f3d33993e3690d6075ba547,Gaussian_GSM_eqV2/Gaussian_calcfc/rxn811/ts_guess.xyz
rxn843,12,0,1,rxn843.xyz,d63d4b8b3fedcabea9cbb7c5f35a6025a61df0e180e7567d0827114c0118a034,Gaussian_GSM_eqV2/Gaussian_calcfc/rxn843/ts_guess.xyz
rxn846,13,0,1,rxn846.xyz,aa2d5cc50f80c692c5692e82b0d425316e82574419f18c2ce77dcc6658c6d9fa,Gaussian_GSM_eqV2/Gaussian_calcfc/rxn846/ts_guess.xyz
rxn867,12,0,1,rxn867.xyz,e66a6a16e06d070a4ac5409221ed1b65b4efe62a1c8f8b143cd097b7d910c13c,Gaussian_GSM_eqV2/Gaussian_calcfc/rxn867/ts_guess.xyz
rxn874,10,0,1,rxn874.xyz,56c0bc6970d2d7485be39ac0eb337f949aff475650e8cb0f112df6df621ec54e,Gaussian_GSM_eqV2/Gaussian_calcfc/rxn874/ts_guess.xyz
rxn900,12,0,1,rxn900.xyz,ae4c7d724e87b7bb125ebced70209d41b49398b9866dd96fb97a28ca389f9926,Gaussian_GSM_eqV2/Gaussian_calcfc/rxn900/ts_guess.xyz
rxn914,12,0,1,rxn914.xyz,9e31c37ca02200710e5ba5502a3231b963b7f9da163a97c4ec6fa8f4ca6de35d,Gaussian_GSM_eqV2/Gaussian_calcfc/rxn914/ts_guess.xyz
rxn935,8,0,1,rxn935.xyz,d2f346ae37b8c6eb24efd1db63124e6e768439eab0503297cc04b96531862d86,Gaussian_GSM_eqV2/Gaussian_calcfc/rxn935/ts_guess.xyz
rxn942,14,0,1,rxn942.xyz,41fdc57ddbe85f873e6a38aafd7b713b9fcc548c3bc62ef2f6d76ef4affac569,Gaussian_GSM_eqV2/Gaussian_calcfc/rxn942/ts_guess.xyz
rxn956,13,0,1,rxn956.xyz,08313623fb358d6f701f4a772cc4cfb3264e1ed057792bb7236f8ffdbbfe73bc,Gaussian_GSM_eqV2/Gaussian_calcfc/rxn956/ts_guess.xyz
rxn957,13,0,1,rxn957.xyz,c5022314965a287e38332d80601e24a5978652d6d0536adc35f33858c68b64dc,Gaussian_GSM_eqV2/Gaussian_calcfc/rxn957/ts_guess.xyz
rxn958,13,0,1,rxn958.xyz,82ea4b476f4bbcb36bd76b324755be6def4e451a343573e43f2ef37fe10be107,Gaussian_GSM_eqV2/Gaussian_calcfc/rxn958/ts_guess.xyz
rxn966,9,0,1,rxn966.xyz,1c395c04f0f5d2b1dbf03f644b2517cc82aa8115605d2c534351e1e1000fd351,Gaussian_GSM_eqV2/Gaussian_calcfc/rxn966/ts_guess.xyz
rxn969,16,0,1,rxn969.xyz,bcbd6ec399689d10032fcc1b1e051ebdf77f326726eaebda6e3e6aa688b5cf94,Gaussian_GSM_eqV2/Gaussian_calcfc/rxn969/ts_guess.xyz
rxn981,10,0,1,rxn981.xyz,4629d2b7f66f373401fee37eb7ffd5d4dfc6f427d5d513e8e7e7b2637815b857,Gaussian_GSM_eqV2/Gaussian_calcfc/rxn981/ts_guess.xyz
rxn1024,16,0,1,rxn1024.xyz,0237c5b143f3c5218d27568d5436b729098eb0d531b1e40df4e9baa5c2af9e56,Gaussian_GSM_eqV2/Gaussian_calcfc/rxn1024/ts_guess.xyz
rxn1041,13,0,1,rxn1041.xyz,52e2c04517af027c6d8ff5bfaee115c91dd008f4e35fbc2fc8bf7a22bffb24f0,Gaussian_GSM_eqV2/Gaussian_calcfc/rxn1041/ts_guess.xyz
rxn1047,11,0,1,rxn1047.xyz,bf26734e5ead7cba61cd7258b8433d0947a43260632aab06e5c1d7c3e33e9b25,Gaussian_GSM_eqV2/Gaussian_calcfc/rxn1047/ts_guess.xyz
rxn1050,12,0,1,rxn1050.xyz,a7d116630d500d1c5ff93743119cc5d189c83621147f569f354e17efdb52a980,Gaussian_GSM_eqV2/Gaussian_calcfc/rxn1050/ts_guess.xyz
rxn1058,12,0,1,rxn1058.xyz,fc5758250c232c10b3e670aedd558b3d38013c4b62b28c6d260faf7be17ef838,Gaussian_GSM_eqV2/Gaussian_calcfc/rxn1058/ts_guess.xyz
rxn1076,15,0,1,rxn1076.xyz,33620f7a11960bbe5cb9d71dcb2d1c82b1e28c0c6eaaacb8e7b8d902c296cd78,Gaussian_GSM_eqV2/Gaussian_calcfc/rxn1076/ts_guess.xyz
rxn1077,15,0,1,rxn1077.xyz,4f4787ef6215689700264ae2945ead701c166569784cc239574812a9cfbf932b,Gaussian_GSM_eqV2/Gaussian_calcfc/rxn1077/ts_guess.xyz
rxn1079,15,0,1,rxn1079.xyz,328b704705bf161b1bc3638b0428d2e2dd695f314077b926c53cfbb3834b17a0,Gaussian_GSM_eqV2/Gaussian_calcfc/rxn1079/ts_guess.xyz
rxn1081,15,0,1,rxn1081.xyz,97c2f397093324b3513243a7b095e0c3bb8489d68f9d5687850831e0a37e72bc,Gaussian_GSM_eqV2/Gaussian_calcfc/rxn1081/ts_guess.xyz
rxn1086,11,0,1,rxn1086.xyz,0f985e54acd91f8e87ac4854cbc8d2c18e748432cdf58b0df63fa08e6393ecfc,Gaussian_GSM_eqV2/Gaussian_calcfc/rxn1086/ts_guess.xyz
rxn1148,11,0,1,rxn1148.xyz,4c9550b22aea331f3b64c791dc8c303bdf549016e991edbcd971314a26751d80,Gaussian_GSM_eqV2/Gaussian_calcfc/rxn1148/ts_guess.xyz
rxn1204,16,0,1,rxn1204.xyz,5002adde492174d0c22301a7933119ce42326e79c18fdfba026cde7ee060494b,Gaussian_GSM_eqV2/Gaussian_calcfc/rxn1204/ts_guess.xyz
rxn1208,16,0,1,rxn1208.xyz,de6476a4df86e58a593134fb988a1d58e283406259a4c6af0969547da17a799a,Gaussian_GSM_eqV2/Gaussian_calcfc/rxn1208/ts_guess.xyz
rxn1214,14,0,1,rxn1214.xyz,0dee69565ef7c81a82382876b0427132289f712698bda78391d821eb90eae9b7,Gaussian_GSM_eqV2/Gaussian_calcfc/rxn1214/ts_guess.xyz
rxn1216,14,0,1,rxn1216.xyz,f324be72dfd48efb6da4be4bb04e047da83a53202e05b388a9aa5f468a8b4aeb,Gaussian_GSM_eqV2/Gaussian_calcfc/rxn1216/ts_guess.xyz
rxn1218,14,0,1,rxn1218.xyz,0273cfd443741116b01fdf27a0156f0f952ddae567574ed853ffac73d537951f,Gaussian_GSM_eqV2/Gaussian_calcfc/rxn1218/ts_guess.xyz
rxn1220,14,0,1,rxn1220.xyz,19b8bb9f940626dd2bab4a3058eac3de50aa7c4ce1c3e75671f0befa5e2766b6,Gaussian_GSM_eqV2/Gaussian_calcfc/rxn1220/ts_guess.xyz
rxn1238,13,0,1,rxn1238.xyz,6601729182b4764ee0781734213ed943e4a5b243c1447d1e62b7b577f9775498,Gaussian_GSM_eqV2/Gaussian_calcfc/rxn1238/ts_guess.xyz
rxn1239,13,0,1,rxn1239.xyz,2aa6ff494a9cc30e57f4562399c7be69c22ebd0e24da7adeb7a25703db505c3e,Gaussian_GSM_eqV2/Gaussian_calcfc/rxn1239/ts_guess.xyz
rxn1249,11,0,1,rxn1249.xyz,51240090f2f8fac129d2efc892976bc2a06c1a1685a046e8cb8f037f5a408f01,Gaussian_GSM_eqV2/Gaussian_calcfc/rxn1249/ts_guess.xyz
rxn1251,11,0,1,rxn1251.xyz,34303f04e3a95b05f333871cb46bccbf2eff9f919b6b98d9dfefc32745be3e5d,Gaussian_GSM_eqV2/Gaussian_calcfc/rxn1251/ts_guess.xyz
rxn1279,11,0,1,rxn1279.xyz,afaeff7b1da0d3ac9a05ca131502711d5b6794ad94d42681c777e01954090a90,Gaussian_GSM_eqV2/Gaussian_calcfc/rxn1279/ts_guess.xyz
rxn1286,11,0,1,rxn1286.xyz,b557046f5d47aed4aceec6a42a91c2a0bf5ec5dfde601d227a74e164941c6b35,Gaussian_GSM_eqV2/Gaussian_calcfc/rxn1286/ts_guess.xyz
rxn1299,12,0,1,rxn1299.xyz,93444c188ad66cfaede320068fb9bde6874585b12879ae3358771dbdf2afdac2,Gaussian_GSM_eqV2/Gaussian_calcfc/rxn1299/ts_guess.xyz
rxn1311,12,0,1,rxn1311.xyz,f4226f59c32f7b80e3fd6f367e887ec343d7cc3c8c377125389af67bb095f705,Gaussian_GSM_eqV2/Gaussian_calcfc/rxn1311/ts_guess.xyz
rxn1312,8,0,1,rxn1312.xyz,1dee70f56892e93469527119774fa28eba8605c38c45bf2328a963241e45f477,Gaussian_GSM_eqV2/Gaussian_calcfc/rxn1312/ts_guess.xyz
rxn1318,11,0,1,rxn1318.xyz,6ee47716ffc03232bdfe176bbb9458cf675844c04729f66293ff5a1f4e374ad1,Gaussian_GSM_eqV2/Gaussian_calcfc/rxn1318/ts_guess.xyz
rxn1319,11,0,1,rxn1319.xyz,091c4cc3860bdec28ab89e0e35994871ab2d60c561e89f76abbfb7effe45346a,Gaussian_GSM_eqV2/Gaussian_calcfc/rxn1319/ts_guess.xyz
rxn1326,10,0,1,rxn1326.xyz,467d1855ab4cf8b01372df62cf7dcdeace4c9d63c96a70d470a6560dccba296e,Gaussian_GSM_eqV2/Gaussian_calcfc/rxn1326/ts_guess.xyz
rxn1327,12,0,1,rxn1327.xyz,8913419a046b3107931721e401907b769d6797ff409b30585588a09a142d4081,Gaussian_GSM_eqV2/Gaussian_calcfc/rxn1327/ts_guess.xyz
rxn1328,12,0,1,rxn1328.xyz,79c0e7d82a9f36e2ea7dcca2fdf28b0e1e0539a9ab444aa43c32add75034453d,Gaussian_GSM_eqV2/Gaussian_calcfc/rxn1328/ts_guess.xyz
rxn1341,14,0,1,rxn1341.xyz,29e5070839535d86b354f78f5bc1689fa544a594f1fa33a46c675bd0d17e8235,Gaussian_GSM_eqV2/Gaussian_calcfc/rxn1341/ts_guess.xyz
rxn1351,14,0,1,rxn1351.xyz,d43e12ce5b5304c2be3f842e3e765051f49024607f901df3bdb600cb6273d0c9,Gaussian_GSM_eqV2/Gaussian_calcfc/rxn1351/ts_guess.xyz
rxn1354,14,0,1,rxn1354.xyz,40f3af6cf79cbb4ab4fc665555281ae51dca629981465969cde1d5cf33744f82,Gaussian_GSM_eqV2/Gaussian_calcfc/rxn1354/ts_guess.xyz
rxn1366,13,0,1,rxn1366.xyz,c6ad58352b74d957e16536331d4c11096978899337785d67e5ce6963e88418af,Gaussian_GSM_eqV2/Gaussian_calcfc/rxn1366/ts_guess.xyz
rxn1376,11,0,1,rxn1376.xyz,1414c01e25b9f7265b3b3d92ff84099ecad99635bf827a344c905e61af914804,Gaussian_GSM_eqV2/Gaussian_calcfc/rxn1376/ts_guess.xyz
rxn1379,11,0,1,rxn1379.xyz,ed0598585371251bcb5da69a12906455c852d285e5b14514957bfdeb9d88004a,Gaussian_GSM_eqV2/Gaussian_calcfc/rxn1379/ts_guess.xyz
rxn1398,10,0,1,rxn1398.xyz,5bae7b33a60ed3095581b4cb7a3395dbb77cf2a6f409dba6eb6c59907ce9441b,Gaussian_GSM_eqV2/Gaussian_calcfc/rxn1398/ts_guess.xyz
rxn1417,13,0,1,rxn1417.xyz,7423cae30f60a7271b588403bddb4462811324d9f3ed987f55b86de01a2737a3,Gaussian_GSM_eqV2/Gaussian_calcfc/rxn1417/ts_guess.xyz
rxn1461,16,0,1,rxn1461.xyz,43bf764e023d8f548acc97aca9cc04b7eb2d272dfa4019abcdd8b5a8c2bdbc94,Gaussian_GSM_eqV2/Gaussian_calcfc/rxn1461/ts_guess.xyz
rxn1466,12,0,1,rxn1466.xyz,97e6d2cf2927809f384ecb040b5c95036eabbb0b0609844e5a1dc42fa728fa2c,Gaussian_GSM_eqV2/Gaussian_calcfc/rxn1466/ts_guess.xyz
rxn1476,14,0,1,rxn1476.xyz,e69a936cbf33815641fa7d6c1c2d76922fb7eb5df75adcd4eb18cec060a4eebd,Gaussian_GSM_eqV2/Gaussian_calcfc/rxn1476/ts_guess.xyz
rxn1488,16,0,1,rxn1488.xyz,1a9aba090e97116b093f2d3eb6ea177f11893783065c1dbb30d3c1948fe3cb67,Gaussian_GSM_eqV2/Gaussian_calcfc/rxn1488/ts_guess.xyz
rxn1493,12,0,1,rxn1493.xyz,58210592ef1c8be19600b8e1c8fcbe91ea0ac9f25bd8fc201a65f35536b1ea1e,Gaussian_GSM_eqV2/Gaussian_calcfc/rxn1493/ts_guess.xyz
rxn1498,12,0,1,rxn1498.xyz,66a3021fe387c477b4fa60ed64f4222b308b2489ae37d90d87b5891ab32c2efc,Gaussian_GSM_eqV2/Gaussian_calcfc/rxn1498/ts_guess.xyz
rxn1500,12,0,1,rxn1500.xyz,c87d33995b5f23c7785f795bad4774fcd05fdc41ec5c5f7558732fb56ed30101,Gaussian_GSM_eqV2/Gaussian_calcfc/rxn1500/ts_guess.xyz
rxn1509,8,0,1,rxn1509.xyz,cfe7ed3ea2df1899b6c4d04d2a4967e16c727fef70b682d7dc157a23f31427ac,Gaussian_GSM_eqV2/Gaussian_calcfc/rxn1509/ts_guess.xyz
rxn1523,13,0,1,rxn1523.xyz,fc5a89bf0e233074744827450da50641c9cfbd16bde44d3897e9ba3e1ccef973,Gaussian_GSM_eqV2/Gaussian_calcfc/rxn1523/ts_guess.xyz
rxn1590,16,0,1,rxn1590.xyz,9260076ce99b261dd78ad60fc8dbda40bea3b98e7b03d12c9c7aae6efe18b99a,Gaussian_GSM_eqV2/Gaussian_calcfc/rxn1590/ts_guess.xyz
rxn1593,16,0,1,rxn1593.xyz,ca389bfaac9cc22da3483103bf39b015e6be82bc14defb60dae140f2172fec17,Gaussian_GSM_eqV2/Gaussian_calcfc/rxn1593/ts_guess.xyz
rxn1595,13,0,1,rxn1595.xyz,1afb7612d0926fc4760255c1241543053587e575fe0a5c87a901a4adec12c607,Gaussian_GSM_eqV2/Gaussian_calcfc/rxn1595/ts_guess.xyz
rxn1596,13,0,1,rxn1596.xyz,a0fcd308d932917b7099ef052d8f10dc83da9a7d3fa5b409b4ec3713f8d8b1de,Gaussian_GSM_eqV2/Gaussian_calcfc/rxn1596/ts_guess.xyz
rxn1625,9,0,1,rxn1625.xyz,202f4c43f43d837023d22cdc710a0612fb845cc8c40f6d44e345cc5974601aa7,Gaussian_GSM_eqV2/Gaussian_calcfc/rxn1625/ts_guess.xyz
rxn1639,14,0,1,rxn1639.xyz,3f2c2e73ed8e3d2674f927bd987b02b75181d557e3a327d3ca586f14891a4f10,Gaussian_GSM_eqV2/Gaussian_calcfc/rxn1639/ts_guess.xyz
rxn1648,14,0,1,rxn1648.xyz,0c46275af779e68394b16d3a2e213c49d04eca9911e38e7cb4736a5fea92bc46,Gaussian_GSM_eqV2/Gaussian_calcfc/rxn1648/ts_guess.xyz
rxn1650,14,0,1,rxn1650.xyz,109f620a5e6f575ff1937097c3587d18aa9d515ce24667b83e376c76cba4fb6f,Gaussian_GSM_eqV2/Gaussian_calcfc/rxn1650/ts_guess.xyz
rxn1658,12,0,1,rxn1658.xyz,033a5f333c64a8fced2badc405782cb851d05eca4801c49fc621bc73a18fc9f0,Gaussian_GSM_eqV2/Gaussian_calcfc/rxn1658/ts_guess.xyz
rxn1661,11,0,1,rxn1661.xyz,846bf9eaca51e413e93ac211f09403bab1d7b4e6881e4a7dd91dc80f72035d7f,Gaussian_GSM_eqV2/Gaussian_calcfc/rxn1661/ts_guess.xyz
rxn1676,13,0,1,rxn1676.xyz,2a390318568347de655578215de8341ba880f3ebfd5f238c2134ced321d1a352,Gaussian_GSM_eqV2/Gaussian_calcfc/rxn1676/ts_guess.xyz
rxn1713,14,0,1,rxn1713.xyz,2e974437cb5d15e9b368d0c428b4a1ef5b6ff918075deca0a37193ed66313780,Gaussian_GSM_eqV2/Gaussian_calcfc/rxn1713/ts_guess.xyz
rxn1716,10,0,1,rxn1716.xyz,c87ebd3db93558341ae54d13453348909d7791bd3e5f000eb97ff254e36937e0,Gaussian_GSM_eqV2/Gaussian_calcfc/rxn1716/ts_guess.xyz
rxn1746,12,0,1,rxn1746.xyz,41db787af9e8f62f7234dce086cd5c32be3ddf97ebf4c68064b0f96ff298650d,Gaussian_GSM_eqV2/Gaussian_calcfc/rxn1746/ts_guess.xyz
rxn1749,12,0,1,rxn1749.xyz,7ff7b603ffe102333525c41ad8d24f22bedfed47bca4137437d80656a17a7429,Gaussian_GSM_eqV2/Gaussian_calcfc/rxn1749/ts_guess.xyz
rxn1758,13,0,1,rxn1758.xyz,19d90798eec5a0094a6440bf5e5c6ee38e2adb78b1196ff91e167b50b2facfbf,Gaussian_GSM_eqV2/Gaussian_calcfc/rxn1758/ts_guess.xyz
rxn1770,13,0,1,rxn1770.xyz,2fa410bd3fc6f948e5dd43a373138c73c08018e0a45402b4fcd002634d8b090f,Gaussian_GSM_eqV2/Gaussian_calcfc/rxn1770/ts_guess.xyz
rxn1772,14,0,1,rxn1772.xyz,60a82816a8d3572e8c3de230b3b1e7449cbe1d07a59e017e6a072dc6fa8746fa,Gaussian_GSM_eqV2/Gaussian_calcfc/rxn1772/ts_guess.xyz
rxn1783,12,0,1,rxn1783.xyz,acc0c7c6d154632b49b9d46417d49146e4e0410d395ec93c18a4c871223fdb2d,Gaussian_GSM_eqV2/Gaussian_calcfc/rxn1783/ts_guess.xyz
rxn1795,10,0,1,rxn1795.xyz,ec641105a3b5a7ccbb85bb3797da1e5056fe740bb7402cf66b5103e9da3b9da0,Gaussian_GSM_eqV2/Gaussian_calcfc/rxn1795/ts_guess.xyz
rxn1800,10,0,1,rxn1800.xyz,f5b69542b21b40c0cc0b503dea6368e7cbd25ec0aa1f1509df9e2a1ac39b14f3,Gaussian_GSM_eqV2/Gaussian_calcfc/rxn1800/ts_guess.xyz
rxn1810,13,0,1,rxn1810.xyz,72540f3ca91e9e3a546861f55292229c83063a330db8c383c6ebacaf9194b7a4,Gaussian_GSM_eqV2/Gaussian_calcfc/rxn1810/ts_guess.xyz
rxn1811,14,0,1,rxn1811.xyz,4e1745708407138b74529173e9e3436fd98e402c27d4855e6ddfb33d3b764d65,Gaussian_GSM_eqV2/Gaussian_calcfc/rxn1811/ts_guess.xyz
rxn1813,14,0,1,rxn1813.xyz,853cf495c3340aef0ceee515eea55402d14d1cdd32d5c1a3be0c910a4cbcaaaf,Gaussian_GSM_eqV2/Gaussian_calcfc/rxn1813/ts_guess.xyz
rxn1816,14,0,1,rxn1816.xyz,ffbb19ce8a6343d87ba148e2ea829baa7b0643a1aee405f96619d8bb5509568c,Gaussian_GSM_eqV2/Gaussian_calcfc/rxn1816/ts_guess.xyz
rxn1821,10,0,1,rxn1821.xyz,44989316990fd02f6963ef61b41ad254d8c1039d2bfd133a8d7f23fb4e8407cf,Gaussian_GSM_eqV2/Gaussian_calcfc/rxn1821/ts_guess.xyz
rxn1827,11,0,1,rxn1827.xyz,9b378d6a8619751f7c7d8a6f72a51f0be19810b1c09e2b6b9f4b1b7bdcdcc90d,Gaussian_GSM_eqV2/Gaussian_calcfc/rxn1827/ts_guess.xyz
rxn1836,11,0,1,rxn1836.xyz,76a86901740c0d4d1385b83e0d5306b53a9cf523fe9ff855fca1e45fb791dcc2,Gaussian_GSM_eqV2/Gaussian_calcfc/rxn1836/ts_guess.xyz
rxn1846,13,0,1,rxn1846.xyz,787e3b5fdab0e54ec9d39dc5df0a8b5b0afba7504ee30570ad4260afb4debf4e,Gaussian_GSM_eqV2/Gaussian_calcfc/rxn1846/ts_guess.xyz
rxn1847,13,0,1,rxn1847.xyz,6a98bbbc55c0f460b4cd67f2397d8623e7334d6c9fe31ac38ab656e7a962ea21,Gaussian_GSM_eqV2/Gaussian_calcfc/rxn1847/ts_guess.xyz
rxn1875,13,0,1,rxn1875.xyz,3874c2f9642c28fad3439b6c718f063e8ae12c1f793ed8472edfaa57a7e0a884,Gaussian_GSM_eqV2/Gaussian_calcfc/rxn1875/ts_guess.xyz
rxn1879,10,0,1,rxn1879.xyz,7f3666a03443d550d9c9865aad3d1272aafdc072f144fbf41d66492a03d221ca,Gaussian_GSM_eqV2/Gaussian_calcfc/rxn1879/ts_guess.xyz
rxn1897,10,0,1,rxn1897.xyz,300358d1fa3939b9ab75b0c825935a32380ad0ae8ecc23243fa8770682874b31,Gaussian_GSM_eqV2/Gaussian_calcfc/rxn1897/ts_guess.xyz
rxn1915,12,0,1,rxn1915.xyz,b9cb92e51165ec37def88cd433cea2f4c1107dc4baa94a28e6865125b80f2b8d,Gaussian_GSM_eqV2/Gaussian_calcfc/rxn1915/ts_guess.xyz
rxn1922,15,0,1,rxn1922.xyz,176a23d3658cb973b3140493dbc46baf83dec65fa120153cc480b7af77721887,Gaussian_GSM_eqV2/Gaussian_calcfc/rxn1922/ts_guess.xyz
rxn1929,6,0,1,rxn1929.xyz,b0739652a6906e87d3ee9bbe3df7f94ea7e72dcc31f278cb3b53c80a8c72d687,Gaussian_GSM_eqV2/Gaussian_calcfc/rxn1929/ts_guess.xyz
rxn1946,12,0,1,rxn1946.xyz,b9ebb8c87d08aa766dbd7f700f476b181f98110ef24501669f6bb69556d92104,Gaussian_GSM_eqV2/Gaussian_calcfc/rxn1946/ts_guess.xyz
rxn1961,10,0,1,rxn1961.xyz,c42a79b8d86fec1fd10c3fcbcafe7cfc49ad38e56951357cba6e30dec0c96738,Gaussian_GSM_eqV2/Gaussian_calcfc/rxn1961/ts_guess.xyz
rxn1976,14,0,1,rxn1976.xyz,6ede1c6c666faed3cf62608cff40524d124a9b1e4718f1e1df0b92f38fdd8a10,Gaussian_GSM_eqV2/Gaussian_calcfc/rxn1976/ts_guess.xyz
rxn1983,12,0,1,rxn1983.xyz,f8f3088f29cdd77cb7f5a018e70a2ecc1eac81780eb2d96fc4176113efbdce92,Gaussian_GSM_eqV2/Gaussian_calcfc/rxn1983/ts_guess.xyz
rxn1984,12,0,1,rxn1984.xyz,de400cd571ca1a26725cc6ca11f23b7a976056d88191bcccd5e18c3f84401a1d,Gaussian_GSM_eqV2/Gaussian_calcfc/rxn1984/ts_guess.xyz
rxn1991,12,0,1,rxn1991.xyz,27aa93071a3b508dfd6527c47ed63072dff0243bcb7875b1a857b5932b9dc954,Gaussian_GSM_eqV2/Gaussian_calcfc/rxn1991/ts_guess.xyz
rxn2009,12,0,1,rxn2009.xyz,bcc6e2531de412c78b878af0bddd1e849a3d4a06062888413a67b965ff98f572,Gaussian_GSM_eqV2/Gaussian_calcfc/rxn2009/ts_guess.xyz
rxn2012,9,0,1,rxn2012.xyz,b2401752e4f22a5c7f012e455bb7a2fce78028c10d3b2e4b567db441890db788,Gaussian_GSM_eqV2/Gaussian_calcfc/rxn2012/ts_guess.xyz
rxn2024,11,0,1,rxn2024.xyz,56df92b3e96b0fe28779f0347404a232117b09ee6e17cc56ca1ce1542494436e,Gaussian_GSM_eqV2/Gaussian_calcfc/rxn2024/ts_guess.xyz
rxn2032,14,0,1,rxn2032.xyz,40069ef1a4a11c1467a8ec3620197b101e13b1c167b31b6e32aa46ddbb4bf055,Gaussian_GSM_eqV2/Gaussian_calcfc/rxn2032/ts_guess.xyz
rxn2034,14,0,1,rxn2034.xyz,80fd097ed81365ec0e61b636ef1db08af2b361820545c927325dfbe7330d5216,Gaussian_GSM_eqV2/Gaussian_calcfc/rxn2034/ts_guess.xyz
rxn2065,13,0,1,rxn2065.xyz,10a9f8754dbd5d61f7f0d2a2daae64171b1bb1758016b2ed5bfeb571eacef693,Gaussian_GSM_eqV2/Gaussian_calcfc/rxn2065/ts_guess.xyz
rxn2070,13,0,1,rxn2070.xyz,a5ed2c9a92074e5800dc5546484b35342bc75d0f8913d12c2eae574ba4596b9d,Gaussian_GSM_eqV2/Gaussian_calcfc/rxn2070/ts_guess.xyz
rxn2073,13,0,1,rxn2073.xyz,0c41a51bbdb178c33b533c25f3fea2b2403441ff58c93533dc0a0446292b8857,Gaussian_GSM_eqV2/Gaussian_calcfc/rxn2073/ts_guess.xyz
rxn2088,16,0,1,rxn2088.xyz,9c7e739b82e1030ac52bf6112249513b982a918f7b963eaca4519a3f267579d2,Gaussian_GSM_eqV2/Gaussian_calcfc/rxn2088/ts_guess.xyz
rxn2099,12,0,1,rxn2099.xyz,1734c2407ef034068e9845a78ceeea159baad0defa49d0be61b61cd1e54bc462,Gaussian_GSM_eqV2/Gaussian_calcfc/rxn2099/ts_guess.xyz
rxn2104,9,0,1,rxn2104.xyz,780b1a123a65067234d238bfa536991a97e943e7a1e8cd863b6e68344136edd0,Gaussian_GSM_eqV2/Gaussian_calcfc/rxn2104/ts_guess.xyz
rxn2131,14,0,1,rxn2131.xyz,f337a248b0a9a811db88cf3fa5d8a372876f4a930e38a87836f81eb00032c30d,Gaussian_GSM_eqV2/Gaussian_calcfc/rxn2131/ts_guess.xyz
rxn2149,11,0,1,rxn2149.xyz,0c0b680672e99f11869d61e08c641ffe1e84c8a0e5bd3f129245e9cf3535b47d,Gaussian_GSM_eqV2/Gaussian_calcfc/rxn2149/ts_guess.xyz
rxn2176,16,0,1,rxn2176.xyz,82d202ebf21c248214d7d0ac3044027e26abc71aa5d7dbcb9385422941b1f70c,Gaussian_GSM_eqV2/Gaussian_calcfc/rxn2176/ts_guess.xyz
rxn2179,16,0,1,rxn2179.xyz,6338feae913ac597cd0010d35574f6f6fc2c6f98d3d9e2d59e32467f01728013,Gaussian_GSM_eqV2/Gaussian_calcfc/rxn2179/ts_guess.xyz
rxn2195,13,0,1,rxn2195.xyz,07d3517c333bb44fea8cc1a6c9651a06ba77234a0e88139f00db5eadcc655442,Gaussian_GSM_eqV2/Gaussian_calcfc/rxn2195/ts_guess.xyz
rxn2212,17,0,1,rxn2212.xyz,d0a0c43dea9d86c8e5a38774b5f3a89c59622dd4662993e9b84b8d5aa65a14d7,Gaussian_GSM_eqV2/Gaussian_calcfc/rxn2212/ts_guess.xyz
rxn2226,14,0,1,rxn2226.xyz,212eeef2f5f4ddb740aae6fd284b79b7d287098a2329ce488480299bb6c8e0c3,Gaussian_GSM_eqV2/Gaussian_calcfc/rxn2226/ts_guess.xyz
rxn2271,16,0,1,rxn2271.xyz,44ba017617003dc5bfb5ff2e758684d893f1e88fb31976f652372a83f8ef428b,Gaussian_GSM_eqV2/Gaussian_calcfc/rxn2271/ts_guess.xyz
rxn2279,12,0,1,rxn2279.xyz,9a401423a5b9dee0ec31ba06739fd8ec1c7b2e26c0a8b74aaeec4806a8c4913b,Gaussian_GSM_eqV2/Gaussian_calcfc/rxn2279/ts_guess.xyz
rxn2289,14,0,1,rxn2289.xyz,07965b0b6b4dd9988df84aa94abb8bf6cd0c32480466885ccdce618228fd16d9,Gaussian_GSM_eqV2/Gaussian_calcfc/rxn2289/ts_guess.xyz
rxn2306,10,0,1,rxn2306.xyz,2457dd5fa9792d814192319bbaeacfd9ef45ff45d20edd507c0883566ebdaca9,Gaussian_GSM_eqV2/Gaussian_calcfc/rxn2306/ts_guess.xyz
rxn2317,10,0,1,rxn2317.xyz,7b32f7fb7b49210fbf854c822dc410fd05a6dfd3a79060eda8e562a0f416c26a,Gaussian_GSM_eqV2/Gaussian_calcfc/rxn2317/ts_guess.xyz
rxn2318,10,0,1,rxn2318.xyz,f0c27bf7d6daf43f42a65476214eb0bdc69dbeb2d0b69e56ec787b659d8eefd1,Gaussian_GSM_eqV2/Gaussian_calcfc/rxn2318/ts_guess.xyz
rxn2337,11,0,1,rxn2337.xyz,43f85d1d7ec2bca2bf6b3ed3d36bfa89fecadcbcb35fb529ac71674859cef065,Gaussian_GSM_eqV2/Gaussian_calcfc/rxn2337/ts_guess.xyz
rxn2349,11,0,1,rxn2349.xyz,da1fb5dea03777a4291d0507dc1f88428023ab87abc7025bc995906675ffed0d,Gaussian_GSM_eqV2/Gaussian_calcfc/rxn2349/ts_guess.xyz
rxn2356,11,0,1,rxn2356.xyz,a1827bf4b85bef880426e38c8b283d8b5635d6c52ac3e25d4f0d2fc117c677de,Gaussian_GSM_eqV2/Gaussian_calcfc/rxn2356/ts_guess.xyz
rxn2357,12,0,1,rxn2357.xyz,3f8ef71114b98006f428f6af1a9ef92957e7bd71638dfb15346a08b24e363d69,Gaussian_GSM_eqV2/Gaussian_calcfc/rxn2357/ts_guess.xyz
rxn2382,9,0,1,rxn2382.xyz,2e579874858bf462c39ea0d50f1e67e1755b5ee8a82b663c64bd92479eaf8772,Gaussian_GSM_eqV2/Gaussian_calcfc/rxn2382/ts_guess.xyz
rxn2395,10,0,1,rxn2395.xyz,7bcdf01205b0f742da03c70931fa73a2677eb62d3ffbbf532915ecfac0e2757b,Gaussian_GSM_eqV2/Gaussian_calcfc/rxn2395/ts_guess.xyz
rxn2407,12,0,1,rxn2407.xyz,95f8489542c15431bff1cb547a8977e4f5c4787d083fe1bebea5f1ce72677aa1,Gaussian_GSM_eqV2/Gaussian_calcfc/rxn2407/ts_guess.xyz
rxn2410,12,0,1,rxn2410.xyz,ccca57a48a0e9da8e3017643b6e52be5fcecafd43cdabe2ec3a3dc0733e8c031,Gaussian_GSM_eqV2/Gaussian_calcfc/rxn2410/ts_guess.xyz
rxn2411,12,0,1,rxn2411.xyz,f3f7b4c632b8edea2aa61bd145566099089a91cf919762a27c519dda73930ae6,Gaussian_GSM_eqV2/Gaussian_calcfc/rxn2411/ts_guess.xyz
rxn2417,13,0,1,rxn2417.xyz,3a9618793aa085c1828a8536a31b183722ac569976ca131353017c4c3db4d82f,Gaussian_GSM_eqV2/Gaussian_calcfc/rxn2417/ts_guess.xyz
rxn2421,12,0,1,rxn2421.xyz,c6c294b33bd2708e288bfad30694352d8720ba7c0df283cded07a8dc615a30c2,Gaussian_GSM_eqV2/Gaussian_calcfc/rxn2421/ts_guess.xyz
rxn2422,16,0,1,rxn2422.xyz,8f2b5a8bcd39099bbed3039b43ec115c05a57c9573d1447f692924fb7d40eddd,Gaussian_GSM_eqV2/Gaussian_calcfc/rxn2422/ts_guess.xyz
rxn2440,14,0,1,rxn2440.xyz,aaa9809c6ade5eb2aaffcc40fe90f7bccd8233dc8df0bb6616984e23c21c6b2e,Gaussian_GSM_eqV2/Gaussian_calcfc/rxn2440/ts_guess.xyz
rxn2445,14,0,1,rxn2445.xyz,16cac4229d87df9dcbac10d97e36c56c5507ef0ff720f481ecdee531a95285b8,Gaussian_GSM_eqV2/Gaussian_calcfc/rxn2445/ts_guess.xyz
rxn2446,14,0,1,rxn2446.xyz,abe7ed3367888f4703c9c6e683ced6580c6cf1dd7bc81f3abd63c183f2a53dee,Gaussian_GSM_eqV2/Gaussian_calcfc/rxn2446/ts_guess.xyz
rxn2461,13,0,1,rxn2461.xyz,c75b9296dcc0900835d4bdc16b6a482f28e3560c5112e856205c434e724ce383,Gaussian_GSM_eqV2/Gaussian_calcfc/rxn2461/ts_guess.xyz
rxn2478,13,0,1,rxn2478.xyz,d558fdd221dfb86cb3b440dd30825e54a0e6fa228c348e95f26fb6badfb1ec41,Gaussian_GSM_eqV2/Gaussian_calcfc/rxn2478/ts_guess.xyz
rxn2500,13,0,1,rxn2500.xyz,212b1f0f23c362bf743632afc89bf09d63ec5f5cc519b288110e6c91703a53d2,Gaussian_GSM_eqV2/Gaussian_calcfc/rxn2500/ts_guess.xyz
rxn2501,13,0,1,rxn2501.xyz,a30b56fd25c3a529dd244496b4c533cd89cdbf5c99fd36e3c5499537176a33a8,Gaussian_GSM_eqV2/Gaussian_calcfc/rxn2501/ts_guess.xyz
rxn2510,14,0,1,rxn2510.xyz,6e4e0d59f5a9359ddb21e7d7453c5516e8513c84a69c2be7ab1fe0deaf51cd42,Gaussian_GSM_eqV2/Gaussian_calcfc/rxn2510/ts_guess.xyz
rxn2564,13,0,1,rxn2564.xyz,661c5b63c0ccf794b5cc635e11b3683dc476ca7917156d63656af89b46b651d6,Gaussian_GSM_eqV2/Gaussian_calcfc/rxn2564/ts_guess.xyz
rxn2567,13,0,1,rxn2567.xyz,565969315b744bc090e5ac174055ee2c1d646d281deedf25e3ff91c2048cba67,Gaussian_GSM_eqV2/Gaussian_calcfc/rxn2567/ts_guess.xyz
rxn2574,12,0,1,rxn2574.xyz,6fd09762e5c912fcff33e0a142e0aa51e36d410818ceb2ae8f90b02f4316ea20,Gaussian_GSM_eqV2/Gaussian_calcfc/rxn2574/ts_guess.xyz
rxn2591,18,0,1,rxn2591.xyz,e6be7e196542f23bfeacd61a3fe73068fc43ce83934fb6067a9b058a80e41915,Gaussian_GSM_eqV2/Gaussian_calcfc/rxn2591/ts_guess.xyz
rxn2608,14,0,1,rxn2608.xyz,37fa7b115a61b6ca6c80e11aa85bd0a3a9fb3f9110d4b2fda37bc3e0bbefbb27,Gaussian_GSM_eqV2/Gaussian_calcfc/rxn2608/ts_guess.xyz
rxn2646,16,0,1,rxn2646.xyz,59b8cb4cfaceeda0eecde66b8ee76b6d7f7d048ea3b9faec3e1f625561c7a2e3,Gaussian_GSM_eqV2/Gaussian_calcfc/rxn2646/ts_guess.xyz
rxn2651,14,0,1,rxn2651.xyz,6d725216d9cb70d7b112ab065c02bc19569135ac72bfe83e37ad1648eab3cf78,Gaussian_GSM_eqV2/Gaussian_calcfc/rxn2651/ts_guess.xyz
rxn2656,14,0,1,rxn2656.xyz,38b696ed1697498d636c7f4516bb3f60ca528287cef772012bdccb038676cae3,Gaussian_GSM_eqV2/Gaussian_calcfc/rxn2656/ts_guess.xyz
rxn2669,14,0,1,rxn2669.xyz,515bb0e323f445c6bd1746cd23a4969f06fa25f187b6e4fd743ddc484cc70046,Gaussian_GSM_eqV2/Gaussian_calcfc/rxn2669/ts_guess.xyz
rxn2672,16,0,1,rxn2672.xyz,771280609a5d9799c7ea9c188f9bf78d81fd0be4b1b16adee8d3d479e4e25fe1,Gaussian_GSM_eqV2/Gaussian_calcfc/rxn2672/ts_guess.xyz
rxn2673,16,0,1,rxn2673.xyz,c32e05db06ea144254614059559f1e3195bc4237182121c54d3f6a7448181449,Gaussian_GSM_eqV2/Gaussian_calcfc/rxn2673/ts_guess.xyz
rxn2675,9,0,1,rxn2675.xyz,e968a16d72be7cfbf835e162176f61426c0581c982c1bbba6a408d4c611ddde0,Gaussian_GSM_eqV2/Gaussian_calcfc/rxn2675/ts_guess.xyz
rxn2687,12,0,1,rxn2687.xyz,4b4abea317a0d2aeaa3feeebef6faab87340449dbfb3272c9f1a0356da59e821,Gaussian_GSM_eqV2/Gaussian_calcfc/rxn2687/ts_guess.xyz
rxn2692,12,0,1,rxn2692.xyz,c3e1cda0103d775b1137d3ba135a58f5a8cbe6e02d3878c48e2a643264ab0041,Gaussian_GSM_eqV2/Gaussian_calcfc/rxn2692/ts_guess.xyz
rxn2706,11,0,1,rxn2706.xyz,56cc26fa65343558bd1ffc4e0f09b76a2a42bd5fe829a61f4b7ec7b9cb8ef5eb,Gaussian_GSM_eqV2/Gaussian_calcfc/rxn2706/ts_guess.xyz
rxn2722,13,0,1,rxn2722.xyz,b126bf58d5c398d29a4753d7c206a731d29ef75b83604494dd23a1f2c0366df3,Gaussian_GSM_eqV2/Gaussian_calcfc/rxn2722/ts_guess.xyz
rxn2730,10,0,1,rxn2730.xyz,6e2221154b8ffd583c853ea027eb45d36f51cf2737d4e07d9566c01fc16d0315,Gaussian_GSM_eqV2/Gaussian_calcfc/rxn2730/ts_guess.xyz
rxn2738,10,0,1,rxn2738.xyz,fcc8864fcce113cd57097369f1ec2eed8e845760f2b084a69523fdf1e8c1f15e,Gaussian_GSM_eqV2/Gaussian_calcfc/rxn2738/ts_guess.xyz
rxn2756,13,0,1,rxn2756.xyz,97defb52c9760388d2ee373e9db2abf8dcdb20e70649b73bc0ac0cfdb14473c5,Gaussian_GSM_eqV2/Gaussian_calcfc/rxn2756/ts_guess.xyz
rxn2757,13,0,1,rxn2757.xyz,ec3993280da77f06704ed84331d6bde07cdc63e5f3c29294a074a1801211aea4,Gaussian_GSM_eqV2/Gaussian_calcfc/rxn2757/ts_guess.xyz
rxn2779,11,0,1,rxn2779.xyz,84a001a6c57e59e09f65be8952a2ed3863d31e09c49bab75c58a47282cc7e06e,Gaussian_GSM_eqV2/Gaussian_calcfc/rxn2779/ts_guess.xyz
rxn2788,14,0,1,rxn2788.xyz,73aa951b77c349a1becf8ed6e9be90609c06e6643de0c8d4e6bbca641262dd41,Gaussian_GSM_eqV2/Gaussian_calcfc/rxn2788/ts_guess.xyz
rxn2817,13,0,1,rxn2817.xyz,2dbad5c7f9d130f8c2a83cc2d2d137213ff45cf66f165df2194ee3ab66e92be3,Gaussian_GSM_eqV2/Gaussian_calcfc/rxn2817/ts_guess.xyz
rxn2823,14,0,1,rxn2823.xyz,34481e0481644ebfa2795173c6482dc8b6e7d0dab68f004beeed3d0b59418e4e,Gaussian_GSM_eqV2/Gaussian_calcfc/rxn2823/ts_guess.xyz
rxn2834,12,0,1,rxn2834.xyz,fb054d64d504e316e051c909832e3ac159cac37ef9a3a0da7e5f77209c3bb350,Gaussian_GSM_eqV2/Gaussian_calcfc/rxn2834/ts_guess.xyz
rxn2839,12,0,1,rxn2839.xyz,6cafc046a2354242cf5710a2a9cef038403cde9be61e27f2d54863c301ab93fe,Gaussian_GSM_eqV2/Gaussian_calcfc/rxn2839/ts_guess.xyz
rxn2847,11,0,1,rxn2847.xyz,3dbc80bad3ec8ead3dc1b27a01f1419636c5b10b119627fca7126b2123e2fb04,Gaussian_GSM_eqV2/Gaussian_calcfc/rxn2847/ts_guess.xyz
rxn2858,6,0,1,rxn2858.xyz,1a0ec9cb7e63ea30a54a7b66047495cd6c51a2c5493e958d979034f2c844feb8,Gaussian_GSM_eqV2/Gaussian_calcfc/rxn2858/ts_guess.xyz
rxn2877,12,0,1,rxn2877.xyz,5d4bccb2fe30117863929a0ab6f4eb815c03c6bc8039226095384b48ca5e25d9,Gaussian_GSM_eqV2/Gaussian_calcfc/rxn2877/ts_guess.xyz
rxn2881,12,0,1,rxn2881.xyz,8c7221247ef524c82d513b2f7ac92a9a4120622e8ff69a10ec1ba60ae8a62a30,Gaussian_GSM_eqV2/Gaussian_calcfc/rxn2881/ts_guess.xyz
rxn2897,12,0,1,rxn2897.xyz,5f196836d961683bc31e84b807ea8e3114637a517f6f7cf76b4d07deac87e994,Gaussian_GSM_eqV2/Gaussian_calcfc/rxn2897/ts_guess.xyz
rxn2902,12,0,1,rxn2902.xyz,6729fd645861f27e636a26a1841d096bd268afc4b99072e084d3da714aca0ec8,Gaussian_GSM_eqV2/Gaussian_calcfc/rxn2902/ts_guess.xyz
rxn2909,16,0,1,rxn2909.xyz,dba32561a546d0ee946406d98761c31f33308259706f37ab5266a60488f3a4d6,Gaussian_GSM_eqV2/Gaussian_calcfc/rxn2909/ts_guess.xyz
rxn2912,16,0,1,rxn2912.xyz,ab9c90211215eeffcaab02001a6a7bd7e83c1a67fc60ab044289ae0d3f2ada3b,Gaussian_GSM_eqV2/Gaussian_calcfc/rxn2912/ts_guess.xyz
rxn2917,8,0,1,rxn2917.xyz,5b61894141f0c5710358b9a6a49fb8f6eb6ee04a392c52cfe3efe4eec6e88c4b,Gaussian_GSM_eqV2/Gaussian_calcfc/rxn2917/ts_guess.xyz
rxn2920,16,0,1,rxn2920.xyz,7ff3dca79929aa0c2219a00e426d87b6e8e4459f64207ecb900853e0e2d18e09,Gaussian_GSM_eqV2/Gaussian_calcfc/rxn2920/ts_guess.xyz
rxn2932,16,0,1,rxn2932.xyz,5b0a29abba29c6a961ee36b657b1ee2523d477ca0535b20b42dfbeecba0e1832,Gaussian_GSM_eqV2/Gaussian_calcfc/rxn2932/ts_guess.xyz
rxn2950,14,0,1,rxn2950.xyz,5a44d39300c40969b068119fe3730dd5a9cd08e8be272747ce5eaac8b4b45c23,Gaussian_GSM_eqV2/Gaussian_calcfc/rxn2950/ts_guess.xyz
rxn2957,14,0,1,rxn2957.xyz,6e448f200475fefb61d64c9f8927fc9c347f49508d0a5d73a56273a51f0271e8,Gaussian_GSM_eqV2/Gaussian_calcfc/rxn2957/ts_guess.xyz
rxn2961,11,0,1,rxn2961.xyz,c3bef9367717f44f9e8c8908cdaa852e5131ffbef095bc0479bfed85a4e20ddf,Gaussian_GSM_eqV2/Gaussian_calcfc/rxn2961/ts_guess.xyz
rxn2972,8,0,1,rxn2972.xyz,a10a2bc1df65f461c8e8bc8ca3022d66df23b3abe851cf81d64955fc6906486c,Gaussian_GSM_eqV2/Gaussian_calcfc/rxn2972/ts_guess.xyz
rxn2973,16,0,1,rxn2973.xyz,7171f0dd4f2e4624d387549a382e91c664512488d80bfc11f0792b68b005e0c3,Gaussian_GSM_eqV2/Gaussian_calcfc/rxn2973/ts_guess.xyz
rxn2978,14,0,1,rxn2978.xyz,1d7fbc42df34b8cebbfbbe55cb237dbc6dfba713be1f3350747989c3c7febdb8,Gaussian_GSM_eqV2/Gaussian_calcfc/rxn2978/ts_guess.xyz
rxn2983,13,0,1,rxn2983.xyz,7adfc240718d94aca94bae7e817c2c4d3ec8a27be2aa5114287b1f483381fd20,Gaussian_GSM_eqV2/Gaussian_calcfc/rxn2983/ts_guess.xyz
rxn2986,14,0,1,rxn2986.xyz,bef2b76f5e2fe5a0a410a66819e242e1c5d5fb8844dbac15403e00c8ab5cb1f5,Gaussian_GSM_eqV2/Gaussian_calcfc/rxn2986/ts_guess.xyz
rxn3010,12,0,1,rxn3010.xyz,4b2d34d29da69e55101932e0b4664dbc45b169b6f217a9024010e8db86d19995,Gaussian_GSM_eqV2/Gaussian_calcfc/rxn3010/ts_guess.xyz
rxn3015,10,0,1,rxn3015.xyz,e007d3a3a985dccb2d52aebdffe25f28222e555084151d82174edb0484f5258c,Gaussian_GSM_eqV2/Gaussian_calcfc/rxn3015/ts_guess.xyz
rxn3053,16,0,1,rxn3053.xyz,7f365813cac3048f0fe1d9d51497f26145b0ccd561a40baa88485ed284b27ca5,Gaussian_GSM_eqV2/Gaussian_calcfc/rxn3053/ts_guess.xyz
rxn3068,14,0,1,rxn3068.xyz,175c191f437f9e578cccd8a8cca9b20db65c19efd2ef795532c761815c66b836,Gaussian_GSM_eqV2/Gaussian_calcfc/rxn3068/ts_guess.xyz
rxn3075,9,0,1,rxn3075.xyz,ba401f98606929792afb59f0ae6d9d8b6d961c3c419df3d1012df047fc62f84a,Gaussian_GSM_eqV2/Gaussian_calcfc/rxn3075/ts_guess.xyz
rxn3086,13,0,1,rxn3086.xyz,173a056e5fb4f644dab7d93ea343fcbfe83cebfc7b56367aa77204489f8f2f99,Gaussian_GSM_eqV2/Gaussian_calcfc/rxn3086/ts_guess.xyz
rxn3092,13,0,1,rxn3092.xyz,9a323d7aaabfc14ee02cad681839f591fbe879c220b75f9ee8eb793efbc87f7d,Gaussian_GSM_eqV2/Gaussian_calcfc/rxn3092/ts_guess.xyz
rxn3100,14,0,1,rxn3100.xyz,158c035018bb1459ba636ed14d0b2079fe0878fd15044c03ba06dd13f06e1e6e,Gaussian_GSM_eqV2/Gaussian_calcfc/rxn3100/ts_guess.xyz
rxn3108,11,0,1,rxn3108.xyz,4d7b2d09125efc5a925826af42160cd72350078e0db8e9614f9100aa29bc91b7,Gaussian_GSM_eqV2/Gaussian_calcfc/rxn3108/ts_guess.xyz
rxn3111,14,0,1,rxn3111.xyz,72ead487f674a8e56272ce53347d14c49351d926e8545f8d1119b47faadafb2d,Gaussian_GSM_eqV2/Gaussian_calcfc/rxn3111/ts_guess.xyz
rxn3122,7,0,1,rxn3122.xyz,1e4b235f58bee6bac3b043f5f157ac1bb2ad18a13a3fbac43844b9536439cde4,Gaussian_GSM_eqV2/Gaussian_calcfc/rxn3122/ts_guess.xyz
rxn3133,11,0,1,rxn3133.xyz,9ee24db447f8a6ef187bd5c1dff6c470d0c410a3e2a98067be7d21db32fe11d9,Gaussian_GSM_eqV2/Gaussian_calcfc/rxn3133/ts_guess.xyz
rxn3144,14,0,1,rxn3144.xyz,9e0b150b498f37adfe139d43498d75188b3e9a80c53f4c89f6a2c47cac7d79d3,Gaussian_GSM_eqV2/Gaussian_calcfc/rxn3144/ts_guess.xyz
rxn3154,9,0,1,rxn3154.xyz,e8226e30c899aea692547e36cd8704142219cb4ddebfedf12f63903f8960b1f3,Gaussian_GSM_eqV2/Gaussian_calcfc/rxn3154/ts_guess.xyz
rxn3162,12,0,1,rxn3162.xyz,9ce4b062580a41224aa14f63cc875753f99799856e987fcd0783eb7025309371,Gaussian_GSM_eqV2/Gaussian_calcfc/rxn3162/ts_guess.xyz
rxn3168,12,0,1,rxn3168.xyz,e486045240bd4f0b1dd7d2f1c45d12b4008de3735b872316c1b92b13730b5f4a,Gaussian_GSM_eqV2/Gaussian_calcfc/rxn3168/ts_guess.xyz
rxn3173,12,0,1,rxn3173.xyz,81a893ea7ee8f32c0cb22ec735ae2ff11c41a2768d9629039a95af0511ebcabf,Gaussian_GSM_eqV2/Gaussian_calcfc/rxn3173/ts_guess.xyz
rxn3174,12,0,1,rxn3174.xyz,87c55ba99b4f9c0dd1ff5fd60a2460f90e32c7d2136025d26f1bdce6d5d9f533,Gaussian_GSM_eqV2/Gaussian_calcfc/rxn3174/ts_guess.xyz
rxn3177,12,0,1,rxn3177.xyz,229c166a43092ff9b5b602f3d17888fb577df172afa4ba5804afef9f4a8b7ecb,Gaussian_GSM_eqV2/Gaussian_calcfc/rxn3177/ts_guess.xyz
rxn3194,9,0,1,rxn3194.xyz,9b2e3fe4b9a22efbf98c1b71e60b6f200134b932e99bf42ae556a5eae097833a,Gaussian_GSM_eqV2/Gaussian_calcfc/rxn3194/ts_guess.xyz
rxn3196,10,0,1,rxn3196.xyz,c11a2b98b08fec84f85cd6f314274346171daf7e757dfe619e3e55d00cc916a7,Gaussian_GSM_eqV2/Gaussian_calcfc/rxn3196/ts_guess.xyz
rxn3202,10,0,1,rxn3202.xyz,6c2de7933666cec81dd35842d6153b7234adbc2f2a14579f4abcf690d5a7c189,Gaussian_GSM_eqV2/Gaussian_calcfc/rxn3202/ts_guess.xyz
rxn3206,10,0,1,rxn3206.xyz,99dc93e2acbd38a836cb60ff43a2fc787065917bfe01236b978c56e812141a40,Gaussian_GSM_eqV2/Gaussian_calcfc/rxn3206/ts_guess.xyz
rxn3214,16,0,1,rxn3214.xyz,b2c3e57db46df599319f371456669a282d2026a1bae1e7c0f48eec0ee4181b66,Gaussian_GSM_eqV2/Gaussian_calcfc/rxn3214/ts_guess.xyz
rxn3217,16,0,1,rxn3217.xyz,d73cf6b9bcbc27278f5ff35e7eb9d2dcfca3b31b4323c79c7d0c2237e0685bf1,Gaussian_GSM_eqV2/Gaussian_calcfc/rxn3217/ts_guess.xyz
rxn3221,14,0,1,rxn3221.xyz,a827b66afd4e17100c1447baead80582f235199d39d2d56be6ab032778319310,Gaussian_GSM_eqV2/Gaussian_calcfc/rxn3221/ts_guess.xyz
rxn3233,17,0,1,rxn3233.xyz,cc4b91e969bad8ef833ca7e2466bb7d52c0661e38c0e390a6bd4fec435e8ec9a,Gaussian_GSM_eqV2/Gaussian_calcfc/rxn3233/ts_guess.xyz
rxn3235,17,0,1,rxn3235.xyz,6fc23c5374295146b4d62374f732898d7d47c2eb98f1625f5f6c9c4a16ac0228,Gaussian_GSM_eqV2/Gaussian_calcfc/rxn3235/ts_guess.xyz
rxn3244,12,0,1,rxn3244.xyz,fae69eee3e9f359f19c7b907988f91ebce919857e39a1bf3213d08baaf3c1845,Gaussian_GSM_eqV2/Gaussian_calcfc/rxn3244/ts_guess.xyz
rxn3246,12,0,1,rxn3246.xyz,9e6a1543b5c93281e99c6b5240be966be63cfc8a405fd852ac6c10334536890f,Gaussian_GSM_eqV2/Gaussian_calcfc/rxn3246/ts_guess.xyz
rxn3256,12,0,1,rxn3256.xyz,4a2a995fb55f6282f7155b21ad1b65da7bd146aa37c2cc76edd127407f8921c5,Gaussian_GSM_eqV2/Gaussian_calcfc/rxn3256/ts_guess.xyz
rxn3264,8,0,1,rxn3264.xyz,6a78d533a93ce02d815b08dc961b12c27d41611f5a3bc491da8caefa87dadc09,Gaussian_GSM_eqV2/Gaussian_calcfc/rxn3264/ts_guess.xyz
rxn3277,11,0,1,rxn3277.xyz,78468221062cca5d0bcff09b211b56df8168819b7e3e599f4ae0f1a3de445447,Gaussian_GSM_eqV2/Gaussian_calcfc/rxn3277/ts_guess.xyz
rxn3295,14,0,1,rxn3295.xyz,32c62db95007bda0f88ac766e881789ff23491a36c7074c5242ba001d74f606b,Gaussian_GSM_eqV2/Gaussian_calcfc/rxn3295/ts_guess.xyz
rxn3305,11,0,1,rxn3305.xyz,635c06d1f82da6da2b3f985489bbf3781f6c9a109ea2a6d2e8e359a1d96bd4d5,Gaussian_GSM_eqV2/Gaussian_calcfc/rxn3305/ts_guess.xyz
rxn3309,10,0,1,rxn3309.xyz,11174914b192da36789f6d511a544042c27ab69361be42a51d2e36f07aa017bf,Gaussian_GSM_eqV2/Gaussian_calcfc/rxn3309/ts_guess.xyz
rxn3323,10,0,1,rxn3323.xyz,db66b63111215d89e71380b139c7a11538d5580caef1d7509f559487a4463014,Gaussian_GSM_eqV2/Gaussian_calcfc/rxn3323/ts_guess.xyz
rxn3329,12,0,1,rxn3329.xyz,bf6b01780da22fe00e60ab6954ef1024d4861c7a705bcee17f58950f9eb8dc4f,Gaussian_GSM_eqV2/Gaussian_calcfc/rxn3329/ts_guess.xyz
rxn3335,10,0,1,rxn3335.xyz,d42bf7a34773221cff3c7f566749907867491ddea020036d712df3de9855b2a9,Gaussian_GSM_eqV2/Gaussian_calcfc/rxn3335/ts_guess.xyz
rxn3338,10,0,1,rxn3338.xyz,b214e20851a7f246194102a8488c374652d8dd751b0fe45d33e84636a6e1a7b8,Gaussian_GSM_eqV2/Gaussian_calcfc/rxn3338/ts_guess.xyz
rxn3339,10,0,1,rxn3339.xyz,117ccc80acfe98d96770fec307ba30ccf05a5582b99c9aa1b5dc1b2858c1e242,Gaussian_GSM_eqV2/Gaussian_calcfc/rxn3339/ts_guess.xyz
rxn3343,16,0,1,rxn3343.xyz,70b5ddabf1ae85854c1f47b0e001f329bff89f7eba5027a4249857628b68fe1f,Gaussian_GSM_eqV2/Gaussian_calcfc/rxn3343/ts_guess.xyz
rxn3345,16,0,1,rxn3345.xyz,e5f9c3850ca37b4ad0be59ee617d741f69df92f11b4131637afa4658261d72ab,Gaussian_GSM_eqV2/Gaussian_calcfc/rxn3345/ts_guess.xyz
rxn3387,13,0,1,rxn3387.xyz,0003c5130507e726d5f33f03919f4b2a7ccb2cda548b631367364cd6b2e2ab64,Gaussian_GSM_eqV2/Gaussian_calcfc/rxn3387/ts_guess.xyz
rxn3398,13,0,1,rxn3398.xyz,5856401aac718898446f043e1797e75e4c89cb760a559e65e51ef042e977e7fb,Gaussian_GSM_eqV2/Gaussian_calcfc/rxn3398/ts_guess.xyz
rxn3422,13,0,1,rxn3422.xyz,cc25d47f282a9040510cd5540e5042764d6512314e24b735ce70f77912708e23,Gaussian_GSM_eqV2/Gaussian_calcfc/rxn3422/ts_guess.xyz
rxn3429,18,0,1,rxn3429.xyz,f25ff9f9f80acdbac8ddc0edba32c1546d96c6b6e6911d560d9cfd5d56b7418a,Gaussian_GSM_eqV2/Gaussian_calcfc/rxn3429/ts_guess.xyz
rxn3464,16,0,1,rxn3464.xyz,529f2ae32e5c23f2e85b25229baff3a5933734e8c7344c21a9589960aea337c3,Gaussian_GSM_eqV2/Gaussian_calcfc/rxn3464/ts_guess.xyz
rxn3466,16,0,1,rxn3466.xyz,8347115f3456e279c78d9afa9b150bbd48c68330855633c034f5b7e91374577a,Gaussian_GSM_eqV2/Gaussian_calcfc/rxn3466/ts_guess.xyz
rxn3485,14,0,1,rxn3485.xyz,032a7caefe354fe97e2ff8dbee0090261ca5bcc81831bad715b752a5ce766b7a,Gaussian_GSM_eqV2/Gaussian_calcfc/rxn3485/ts_guess.xyz
rxn3514,12,0,1,rxn3514.xyz,caab0f4899362f9d3957130d525fe5b78a1c7b7dd11cd4e9c4d68debd234cb90,Gaussian_GSM_eqV2/Gaussian_calcfc/rxn3514/ts_guess.xyz
rxn3528,11,0,1,rxn3528.xyz,91914c0ba4ec8f83417480b00e7f6e921f4d5b79f6fd0ee670a03c7447c16122,Gaussian_GSM_eqV2/Gaussian_calcfc/rxn3528/ts_guess.xyz
rxn3536,8,0,1,rxn3536.xyz,e47c0f9889dc3e0a6eec264c2a26d0bff73af4024f61022785d9245cf709bb4f,Gaussian_GSM_eqV2/Gaussian_calcfc/rxn3536/ts_guess.xyz
rxn3575,12,0,1,rxn3575.xyz,6d604c6cdc67f5da934706cf70f2463d76cf48facad3b8e3e5c2ab1f523024e9,Gaussian_GSM_eqV2/Gaussian_calcfc/rxn3575/ts_guess.xyz
rxn3596,10,0,1,rxn3596.xyz,327b835278890749e536069ca6011a3e91a87b7565421598a51fe40523d5d441,Gaussian_GSM_eqV2/Gaussian_calcfc/rxn3596/ts_guess.xyz
rxn3600,10,0,1,rxn3600.xyz,11762c5026458e1e72ae6279b8bd89ebd43e400b2aba3945e25abc2c621b6923,Gaussian_GSM_eqV2/Gaussian_calcfc/rxn3600/ts_guess.xyz
rxn3607,10,0,1,rxn3607.xyz,907a6b88108019c718d84c2242d250a3015a0c7265661c79c9a5f8a10c324d10,Gaussian_GSM_eqV2/Gaussian_calcfc/rxn3607/ts_guess.xyz
rxn3618,13,0,1,rxn3618.xyz,871a08c52c9db0c7bc9e3f4855e6bee33beea41cd207fd892c7418efc8cbedd4,Gaussian_GSM_eqV2/Gaussian_calcfc/rxn3618/ts_guess.xyz
rxn3631,15,0,1,rxn3631.xyz,47e8fae224242a04f79481b29169aaeaca0697be730b2e9858b12fccbb198942,Gaussian_GSM_eqV2/Gaussian_calcfc/rxn3631/ts_guess.xyz
rxn3639,12,0,1,rxn3639.xyz,d2482de7c7ebf8e534e59ece424f7c0d62a015231a374e8f08bcaf532860a3a0,Gaussian_GSM_eqV2/Gaussian_calcfc/rxn3639/ts_guess.xyz
rxn3642,12,0,1,rxn3642.xyz,0d55eb125e6f0f016264cd1f4b6cddc7ad683bc2c593fbce0c1da5c5d8a13f18,Gaussian_GSM_eqV2/Gaussian_calcfc/rxn3642/ts_guess.xyz
rxn3645,12,0,1,rxn3645.xyz,39cc0601b705d27a6bde13080f17b2781c794b8846fe3bbdc6a32a1ae5d6b092,Gaussian_GSM_eqV2/Gaussian_calcfc/rxn3645/ts_guess.xyz
rxn3654,13,0,1,rxn3654.xyz,1dd4c16f613c3a6700e1fca5b0fd26cf7478ed8bae07d066559ffd8043b5bb9e,Gaussian_GSM_eqV2/Gaussian_calcfc/rxn3654/ts_guess.xyz
rxn3655,13,0,1,rxn3655.xyz,fc0ec502f7f36fe71a8dd5925bbcd601e885134ab24e43f20d78a3165ca46d2a,Gaussian_GSM_eqV2/Gaussian_calcfc/rxn3655/ts_guess.xyz
rxn3657,13,0,1,rxn3657.xyz,8d1e0c1e7336482b324986480585173cdda854f784fc27dcc9c96bb47b2d5665,Gaussian_GSM_eqV2/Gaussian_calcfc/rxn3657/ts_guess.xyz
rxn3674,16,0,1,rxn3674.xyz,fcaeb4eedfb1561f7945bd854251376ff061a916d63d8626cc1ff08d96fe0e49,Gaussian_GSM_eqV2/Gaussian_calcfc/rxn3674/ts_guess.xyz
rxn3675,16,0,1,rxn3675.xyz,99153e415936db281956f5616dc3845c45a81942082be31491c03ac84c3e66ed,Gaussian_GSM_eqV2/Gaussian_calcfc/rxn3675/ts_guess.xyz
rxn3688,12,0,1,rxn3688.xyz,6c413faf3cdda708e569e3aab4b52d0091a69d64e5621452b6f60b00b843eb8e,Gaussian_GSM_eqV2/Gaussian_calcfc/rxn3688/ts_guess.xyz
rxn3692,12,0,1,rxn3692.xyz,06a8ba2c42ca1e03c8def75c2e4a02309655056ecce35536235482b0d79223f2,Gaussian_GSM_eqV2/Gaussian_calcfc/rxn3692/ts_guess.xyz
rxn3705,6,0,1,rxn3705.xyz,bae6497477d32f0e8d43cb306b65f664383279dd276bc5742c2d72a0e33789d0,Gaussian_GSM_eqV2/Gaussian_calcfc/rxn3705/ts_guess.xyz
rxn3710,11,0,1,rxn3710.xyz,4f699f379d61e87a73981e1cf36eacf1dc4a432ebe8c2ba5e0207a1a86c4a860,Gaussian_GSM_eqV2/Gaussian_calcfc/rxn3710/ts_guess.xyz
rxn3726,7,0,1,rxn3726.xyz,9f59bcbd60691773d032d7d6f912d39243b30b751fd4237ac9c4d358ae3aa928,Gaussian_GSM_eqV2/Gaussian_calcfc/rxn3726/ts_guess.xyz
rxn3729,14,0,1,rxn3729.xyz,797c7ea2d2108c83e1d84c8be1e1a35adce222acdabd2c4910bdb1209b5db53a,Gaussian_GSM_eqV2/Gaussian_calcfc/rxn3729/ts_guess.xyz
rxn3748,13,0,1,rxn3748.xyz,d5a88afb94035277f1218e15b2d9e3cbacc3d707065a81c4f49b96210721e81d,Gaussian_GSM_eqV2/Gaussian_calcfc/rxn3748/ts_guess.xyz
rxn3764,13,0,1,rxn3764.xyz,a56cac91f25acfa08bf7d99cdcc1f24768c463081fc173f88f4421c9bf0a39e1,Gaussian_GSM_eqV2/Gaussian_calcfc/rxn3764/ts_guess.xyz
rxn3774,16,0,1,rxn3774.xyz,8e009bd1ea8065e20ada1ffb32dcc2ab567f24302c74d974fffd38358f3a9237,Gaussian_GSM_eqV2/Gaussian_calcfc/rxn3774/ts_guess.xyz
rxn3790,16,0,1,rxn3790.xyz,ffdf750cc41fee4db3ec793c090ea490b1860fcc02b264f85d9a90ca862aa247,Gaussian_GSM_eqV2/Gaussian_calcfc/rxn3790/ts_guess.xyz
rxn3801,15,0,1,rxn3801.xyz,38566ef1a17e4f6ad0da2771ea76ca8c07415bc0d6cd8c24fa14e6e4cdc34a54,Gaussian_GSM_eqV2/Gaussian_calcfc/rxn3801/ts_guess.xyz
rxn3802,15,0,1,rxn3802.xyz,fa3279af0466293773fa2b76e495cf6f3a0df12b3f7ebbcf33b046a4e000a234,Gaussian_GSM_eqV2/Gaussian_calcfc/rxn3802/ts_guess.xyz
rxn3811,14,0,1,rxn3811.xyz,4b45179b9a2c1a7dfdb51db2a22c8df62c22ea6b037813f910b3547abb8a6f67,Gaussian_GSM_eqV2/Gaussian_calcfc/rxn3811/ts_guess.xyz
rxn3813,14,0,1,rxn3813.xyz,7bf92780859d9fd3645830663913ab51893846b37de89c3d997adf8f97c8dfb0,Gaussian_GSM_eqV2/Gaussian_calcfc/rxn3813/ts_guess.xyz
rxn3818,14,0,1,rxn3818.xyz,392269464eaad935ce0ea11a68f101d1864c58fe4ee49a88654dd9df06c9131e,Gaussian_GSM_eqV2/Gaussian_calcfc/rxn3818/ts_guess.xyz
rxn3832,11,0,1,rxn3832.xyz,1f4432f1b663bde7b18fc2fda5a2b1025b05d1dcc9e97bb3d048cbba6e4e7fcc,Gaussian_GSM_eqV2/Gaussian_calcfc/rxn3832/ts_guess.xyz
rxn3835,11,0,1,rxn3835.xyz,bb675b783ef743597c1a52fbc8b1daf9fbac34bffd6f1f26c10b3359543892d8,Gaussian_GSM_eqV2/Gaussian_calcfc/rxn3835/ts_guess.xyz
rxn3837,11,0,1,rxn3837.xyz,134020b1cf5f7804ae694d3531d48b1ea7e3152d24947736aa427823ba5b0731,Gaussian_GSM_eqV2/Gaussian_calcfc/rxn3837/ts_guess.xyz
rxn3843,9,0,1,rxn3843.xyz,1aa104d125e525def24ac4543ffeff451f04da70cef4bdfd31ae1f923889d806,Gaussian_GSM_eqV2/Gaussian_calcfc/rxn3843/ts_guess.xyz
rxn3845,9,0,1,rxn3845.xyz,b9d9d722672c0240881c0d09b1efee6fec4bcffc774121d2fb5f20b49814b99c,Gaussian_GSM_eqV2/Gaussian_calcfc/rxn3845/ts_guess.xyz
rxn3847,9,0,1,rxn3847.xyz,8abb12ecf3df2db1f5580618c75531ec03f02b110919d7c04cd2d08d79f15c85,Gaussian_GSM_eqV2/Gaussian_calcfc/rxn3847/ts_guess.xyz
rxn3854,11,0,1,rxn3854.xyz,7bca2118648be85536f095ba93c45823c3f7325f51de8d919e533da7f39c0c1e,Gaussian_GSM_eqV2/Gaussian_calcfc/rxn3854/ts_guess.xyz
rxn3881,16,0,1,rxn3881.xyz,b9c25e097465f70c20aec9a7b47527364e6ac326bd84299c2f4babefd751fe84,Gaussian_GSM_eqV2/Gaussian_calcfc/rxn3881/ts_guess.xyz
rxn3908,18,0,1,rxn3908.xyz,74efb733a9ec2dcbf17c67beda295a3b90653acc3a1f68b5d38e546acdeda3fa,Gaussian_GSM_eqV2/Gaussian_calcfc/rxn3908/ts_guess.xyz
rxn3914,10,0,1,rxn3914.xyz,8f55d9d06f8438066b4ed759d1e3d347ed1a235e4ffd980348a3906e099f5a2e,Gaussian_GSM_eqV2/Gaussian_calcfc/rxn3914/ts_guess.xyz
rxn3920,8,0,1,rxn3920.xyz,8ea9fe0d90bdc45e5bf04dc02be92b401689a13299edaac4786ff108c365717b,Gaussian_GSM_eqV2/Gaussian_calcfc/rxn3920/ts_guess.xyz
rxn3922,8,0,1,rxn3922.xyz,d5836f9c126875b08fb7d429eeceed39ea21472f8309f5eeea3b032b2bd9c77c,Gaussian_GSM_eqV2/Gaussian_calcfc/rxn3922/ts_guess.xyz
rxn3934,12,0,1,rxn3934.xyz,492e6c1a118b24494e894d47e5c881aa5ac97128edf71e0d272a772a027ce085,Gaussian_GSM_eqV2/Gaussian_calcfc/rxn3934/ts_guess.xyz
rxn3943,14,0,1,rxn3943.xyz,c5d95527dd5c6ba57e8cf688629a0b57ac47eef474b12062807854e013268e24,Gaussian_GSM_eqV2/Gaussian_calcfc/rxn3943/ts_guess.xyz
rxn3952,12,0,1,rxn3952.xyz,fcdd79716af29120d7ca4cf11ada953a9a37e35d35ef95ff68bc6f16ea1ad60c,Gaussian_GSM_eqV2/Gaussian_calcfc/rxn3952/ts_guess.xyz
rxn3984,10,0,1,rxn3984.xyz,6b54f2805d34b5291fdd53aa8d32a9a320f4958bde31f6d7fb2ec46d0a5fdcb1,Gaussian_GSM_eqV2/Gaussian_calcfc/rxn3984/ts_guess.xyz
rxn3994,12,0,1,rxn3994.xyz,956e4b1762fbd6425d553831c99367f268b492eaf2ae9ebf4e60bd0f568c2c78,Gaussian_GSM_eqV2/Gaussian_calcfc/rxn3994/ts_guess.xyz
rxn4011,14,0,1,rxn4011.xyz,0381bdf0526b1fa7765d34b1a9c6071eb925dfd9549e2b294ea5cfe500e29195,Gaussian_GSM_eqV2/Gaussian_calcfc/rxn4011/ts_guess.xyz
rxn4023,12,0,1,rxn4023.xyz,f3d9e6f4656d8f4e21cfae24f0086595fb9fb4d66c6fead4134f0a6957fcbf54,Gaussian_GSM_eqV2/Gaussian_calcfc/rxn4023/ts_guess.xyz
rxn4043,12,0,1,rxn4043.xyz,bcd0157dc99e34fadc8d646d7244567830bfdee1fbb14546beaaa25d49d59efc,Gaussian_GSM_eqV2/Gaussian_calcfc/rxn4043/ts_guess.xyz
rxn4059,14,0,1,rxn4059.xyz,10d24369952572013339d3df7861a85aab3d42040a0d822f94ffd3979299341a,Gaussian_GSM_eqV2/Gaussian_calcfc/rxn4059/ts_guess.xyz
rxn4064,11,0,1,rxn4064.xyz,ecba34723c38d767edbba27b268a1cb534b82c10c1be3e4010233581993b0dc8,Gaussian_GSM_eqV2/Gaussian_calcfc/rxn4064/ts_guess.xyz
rxn4066,11,0,1,rxn4066.xyz,8981236382df9147e1b41d9d6bef14b71627212ed55c1787f6e05e817318b42d,Gaussian_GSM_eqV2/Gaussian_calcfc/rxn4066/ts_guess.xyz
rxn4082,14,0,1,rxn4082.xyz,4d2537e50b292dccda86fe2c7edcc339abeeddebbf1e18b5192e507133a9397a,Gaussian_GSM_eqV2/Gaussian_calcfc/rxn4082/ts_guess.xyz
rxn4086,14,0,1,rxn4086.xyz,3948ad8e65c01070b68353114d71eaff0f4724ecf0d4f1f31ba16ad44b8c774d,Gaussian_GSM_eqV2/Gaussian_calcfc/rxn4086/ts_guess.xyz
rxn4087,14,0,1,rxn4087.xyz,31745fca976cfccb89bf3d56b1f3fef7294a5db9bb8066f41ceb93d2992562e3,Gaussian_GSM_eqV2/Gaussian_calcfc/rxn4087/ts_guess.xyz
rxn4091,14,0,1,rxn4091.xyz,6aeca76e77983e4f81672668dc972293097852e9dd6a7c8e6ed09409d4f2afc4,Gaussian_GSM_eqV2/Gaussian_calcfc/rxn4091/ts_guess.xyz
rxn4101,10,0,1,rxn4101.xyz,e69ac36b27cc2ca03c679d7d74365ed295becc8ce9f44ae66f4a9fdd942a7095,Gaussian_GSM_eqV2/Gaussian_calcfc/rxn4101/ts_guess.xyz
rxn4103,11,0,1,rxn4103.xyz,a93bb3811ed27225887013aad664911eaba76561ae02b5367cbe0ea1209e6829,Gaussian_GSM_eqV2/Gaussian_calcfc/rxn4103/ts_guess.xyz
rxn4107,11,0,1,rxn4107.xyz,d7e97c05c9111db852d57af3d8fa224707b19b9cd0e198d291b0b6f363c19f73,Gaussian_GSM_eqV2/Gaussian_calcfc/rxn4107/ts_guess.xyz
rxn4111,11,0,1,rxn4111.xyz,c1811048e4749018f9a1269bbb18406cc284398dbcb8dda1e6f3d12bf6b74290,Gaussian_GSM_eqV2/Gaussian_calcfc/rxn4111/ts_guess.xyz
rxn4119,11,0,1,rxn4119.xyz,21b12c42b45a23e39c0570e99b42ee9646ebe184babb6da4f8cdf456a839f64f,Gaussian_GSM_eqV2/Gaussian_calcfc/rxn4119/ts_guess.xyz
rxn4202,12,0,1,rxn4202.xyz,95e73b22a90c405933a141aa27711c344a518f950b712230aff010e93892d96e,Gaussian_GSM_eqV2/Gaussian_calcfc/rxn4202/ts_guess.xyz
rxn4205,12,0,1,rxn4205.xyz,100a892d49e6542a6282717b58e0026da26b227a8ed3fed9ad81216a6ad713ea,Gaussian_GSM_eqV2/Gaussian_calcfc/rxn4205/ts_guess.xyz
rxn4218,14,0,1,rxn4218.xyz,53d8e8c3d036a76d3781d12776c5f70572d7ba0b73abed3c27702371ebfc0ba0,Gaussian_GSM_eqV2/Gaussian_calcfc/rxn4218/ts_guess.xyz
rxn4228,9,0,1,rxn4228.xyz,4cf59f2c2df4e155dc0bbdf6aaa2ae0779fadd4f5509185839bc7cb171b33af3,Gaussian_GSM_eqV2/Gaussian_calcfc/rxn4228/ts_guess.xyz
rxn4260,12,0,1,rxn4260.xyz,f2aa4ede25d76b8fbe638e205f71085200a2df9411b834ec7378af343fe15775,Gaussian_GSM_eqV2/Gaussian_calcfc/rxn4260/ts_guess.xyz
rxn4298,12,0,1,rxn4298.xyz,f62324837d7fd3ca30dfebc7e0cbe383631b658851918bede3d9373e9f29320f,Gaussian_GSM_eqV2/Gaussian_calcfc/rxn4298/ts_guess.xyz
rxn4314,11,0,1,rxn4314.xyz,1edc7e727478dc41393cc8586f04d47078e7e99d2e8beeca842ecf23dd2f8be1,Gaussian_GSM_eqV2/Gaussian_calcfc/rxn4314/ts_guess.xyz
rxn4317,11,0,1,rxn4317.xyz,64d26d12ae68eb95af3b419463a2248f7ed39b92855314578cb657d3b0d761b5,Gaussian_GSM_eqV2/Gaussian_calcfc/rxn4317/ts_guess.xyz
rxn4321,10,0,1,rxn4321.xyz,5b4a430bb9e8ad0b08484c063acca4171900b0e4c916b8d88523cea19508f7cf,Gaussian_GSM_eqV2/Gaussian_calcfc/rxn4321/ts_guess.xyz
rxn4323,10,0,1,rxn4323.xyz,d0d708c4bc3914d7e5a0e2e9febcc329c448816dc9f3c8eec28dbadbda87c9c7,Gaussian_GSM_eqV2/Gaussian_calcfc/rxn4323/ts_guess.xyz
rxn4324,10,0,1,rxn4324.xyz,a9749ac98b962b0f9e4428ef0e1158182add8d0914e4ed0c88327771c3a137bf,Gaussian_GSM_eqV2/Gaussian_calcfc/rxn4324/ts_guess.xyz
rxn4326,10,0,1,rxn4326.xyz,1204594aef79a14eedb2ce37e6680cfea0378df086dcfad48bd24be4ec831a7e,Gaussian_GSM_eqV2/Gaussian_calcfc/rxn4326/ts_guess.xyz
rxn4345,14,0,1,rxn4345.xyz,a589869bd9b68dfc9376bfeafc2fc03176fcbdf40599ee92fe323a62b311529c,Gaussian_GSM_eqV2/Gaussian_calcfc/rxn4345/ts_guess.xyz
rxn4384,14,0,1,rxn4384.xyz,67ff980452bd5f100cafb4b63ceacdfd05adebd7bc592d4dfa0257a2629929a1,Gaussian_GSM_eqV2/Gaussian_calcfc/rxn4384/ts_guess.xyz
rxn4389,12,0,1,rxn4389.xyz,04917f259e03009f16475d7cadfd581537facc9ece58b5090f65a76b50836ecf,Gaussian_GSM_eqV2/Gaussian_calcfc/rxn4389/ts_guess.xyz
rxn4391,12,0,1,rxn4391.xyz,7a1485a4554b3942e9abe0191e284a1f1c098902166bbca94106750ab0f1edc7,Gaussian_GSM_eqV2/Gaussian_calcfc/rxn4391/ts_guess.xyz
rxn4392,12,0,1,rxn4392.xyz,1747363c35a4b31194a089763d4fa04af9e6590e4b7dba9e6d7e9b3fba320001,Gaussian_GSM_eqV2/Gaussian_calcfc/rxn4392/ts_guess.xyz
rxn4414,11,0,1,rxn4414.xyz,15b93c9964490e2f107e38415c57bf09f317487091ab85534ffde477a57029ef,Gaussian_GSM_eqV2/Gaussian_calcfc/rxn4414/ts_guess.xyz
rxn4419,11,0,1,rxn4419.xyz,e37a00a240f44aafb315653984257912e193a131b7809806057eaf4f631052b4,Gaussian_GSM_eqV2/Gaussian_calcfc/rxn4419/ts_guess.xyz
rxn4424,15,0,1,rxn4424.xyz,f75c45ac120332c2a4a5453ea7ff5b382549cb5dadec369ded86e660cc6019d2,Gaussian_GSM_eqV2/Gaussian_calcfc/rxn4424/ts_guess.xyz
rxn4425,15,0,1,rxn4425.xyz,d0cc78007a4614208c8bbc85eb4c2364eae5d27da32f8518350694844029aaef,Gaussian_GSM_eqV2/Gaussian_calcfc/rxn4425/ts_guess.xyz
rxn4428,8,0,1,rxn4428.xyz,2498c64d042116649b722f60b9113d9b6d84df173ebadbe697ea382fefdd7cdc,Gaussian_GSM_eqV2/Gaussian_calcfc/rxn4428/ts_guess.xyz
rxn4440,5,0,1,rxn4440.xyz,a7967e8a1ab2ceffb3ab68df6d83bf58f3dbad29eeef6a2012a23cd7c8091751,Gaussian_GSM_eqV2/Gaussian_calcfc/rxn4440/ts_guess.xyz
rxn4467,12,0,1,rxn4467.xyz,82156fb576ec4de4e9dbbbbf96c3ff93e2fe24a05a4cac5152a1278f346ef6e9,Gaussian_GSM_eqV2/Gaussian_calcfc/rxn4467/ts_guess.xyz
rxn4468,12,0,1,rxn4468.xyz,4107c433cc78837c940ca3fd1a999410dea14ef39d122c6f3c246264dc89d96a,Gaussian_GSM_eqV2/Gaussian_calcfc/rxn4468/ts_guess.xyz
rxn4477,11,0,1,rxn4477.xyz,205c1e92410864df17b4fc9473c3374f0b697cc3a6c9e8bd88573bd4f2d9f0f8,Gaussian_GSM_eqV2/Gaussian_calcfc/rxn4477/ts_guess.xyz
rxn4484,15,0,1,rxn4484.xyz,cd9c786ecb2ca182f993d9787764a1d42f0550a95ffecd75daf4d52b0123f711,Gaussian_GSM_eqV2/Gaussian_calcfc/rxn4484/ts_guess.xyz
rxn4490,13,0,1,rxn4490.xyz,671a21abc7def9c0d59847d368f50705b85c7a71571a8ff58309e7f18d8954e2,Gaussian_GSM_eqV2/Gaussian_calcfc/rxn4490/ts_guess.xyz
rxn4496,13,0,1,rxn4496.xyz,496a5fb3bcdc665827c9d70d6e79b41b999be1b6969bb60fe0159c61af176f22,Gaussian_GSM_eqV2/Gaussian_calcfc/rxn4496/ts_guess.xyz
rxn4497,11,0,1,rxn4497.xyz,ec21ecacb9468942d2a5a27a940af0ace3c5420e2231be536a227cee5a615027,Gaussian_GSM_eqV2/Gaussian_calcfc/rxn4497/ts_guess.xyz
rxn4507,10,0,1,rxn4507.xyz,cb22830d66a8b758f9215f31f57f90e3050ba06e95101a0e62a6772e5b559c1d,Gaussian_GSM_eqV2/Gaussian_calcfc/rxn4507/ts_guess.xyz
rxn4528,12,0,1,rxn4528.xyz,48187684229c57215dc6800e0a8c3eb6e22eb13c2bcbc9fcba6dbdca32379416,Gaussian_GSM_eqV2/Gaussian_calcfc/rxn4528/ts_guess.xyz
rxn4535,15,0,1,rxn4535.xyz,45bd00160bafff0e07d139ed8fc3d6f489b15da6c6ef3e0223d24b78fb3050b4,Gaussian_GSM_eqV2/Gaussian_calcfc/rxn4535/ts_guess.xyz
rxn4544,14,0,1,rxn4544.xyz,e7d851455970ca5eee8a43a641aaa60d0062fa87c293f96c0daf02e7604bb96a,Gaussian_GSM_eqV2/Gaussian_calcfc/rxn4544/ts_guess.xyz
rxn4555,14,0,1,rxn4555.xyz,093462c2e8842c336d05819a08855c84f20cfc6eada7596c263846ab530a05b1,Gaussian_GSM_eqV2/Gaussian_calcfc/rxn4555/ts_guess.xyz
rxn4567,13,0,1,rxn4567.xyz,b79f008735307a982ece59c7e3948e24072158b224743f457f7a4db37b779e67,Gaussian_GSM_eqV2/Gaussian_calcfc/rxn4567/ts_guess.xyz
rxn4569,13,0,1,rxn4569.xyz,f36535d2bda9f99dc2c3fb71491754fae54fc86a81000271e09ce3a718ae912e,Gaussian_GSM_eqV2/Gaussian_calcfc/rxn4569/ts_guess.xyz
rxn4574,14,0,1,rxn4574.xyz,77d7a2ddbe80b528d169200598b5101ecfba93dcc1ad05547ae813bdab220371,Gaussian_GSM_eqV2/Gaussian_calcfc/rxn4574/ts_guess.xyz
rxn4583,10,0,1,rxn4583.xyz,02120589d5528fbed7546714abb82b75b9604d6be5f2ee4276ee12fd2ea75eae,Gaussian_GSM_eqV2/Gaussian_calcfc/rxn4583/ts_guess.xyz
rxn4608,14,0,1,rxn4608.xyz,c69a2bbe48f1f114497d8afec6f4fc13ea705a1689c4e97a5804f501a673af51,Gaussian_GSM_eqV2/Gaussian_calcfc/rxn4608/ts_guess.xyz
rxn4618,15,0,1,rxn4618.xyz,65ddf8da9e1ab6abe02ec3bdfa124fd153266a2c8f39324b087b12c2e4e803f6,Gaussian_GSM_eqV2/Gaussian_calcfc/rxn4618/ts_guess.xyz
rxn4620,15,0,1,rxn4620.xyz,5de90cd7693d8671aae2c49b510ea94cd7771b858c799eb822a1301dc23d96ef,Gaussian_GSM_eqV2/Gaussian_calcfc/rxn4620/ts_guess.xyz
rxn4627,13,0,1,rxn4627.xyz,c87f56a21bc622cac1b38048e07c92648b411dbb4c9b0ac5778de61a298996e4,Gaussian_GSM_eqV2/Gaussian_calcfc/rxn4627/ts_guess.xyz
rxn4631,13,0,1,rxn4631.xyz,0e51b60bd98c8d84d6134d3886d4e159b08e24857e978f142db64bf8feb7d94b,Gaussian_GSM_eqV2/Gaussian_calcfc/rxn4631/ts_guess.xyz
rxn4654,10,0,1,rxn4654.xyz,5b0d33788a4771cd4fb8daf5e36d5943a3c117f5fe0975695e42d88d9576cd8d,Gaussian_GSM_eqV2/Gaussian_calcfc/rxn4654/ts_guess.xyz
rxn4683,16,0,1,rxn4683.xyz,02f1d997f849de6cf575c55c1d9f66c7f8f97a59573b0eef93255f95e598c9b5,Gaussian_GSM_eqV2/Gaussian_calcfc/rxn4683/ts_guess.xyz
rxn4685,16,0,1,rxn4685.xyz,d06c1fe0cc6c3b017c98d35e15185840220f3e6d11e89657fe25aa29af24a85d,Gaussian_GSM_eqV2/Gaussian_calcfc/rxn4685/ts_guess.xyz
rxn4688,16,0,1,rxn4688.xyz,7af0718490ec7d739495e281fbcd75b14a500d11e2a683d3ac9d0222e18d1394,Gaussian_GSM_eqV2/Gaussian_calcfc/rxn4688/ts_guess.xyz
rxn4694,13,0,1,rxn4694.xyz,880338501b6ed264b4b80598a98f6fdcfdc7fb511260d47aaba103244f105d43,Gaussian_GSM_eqV2/Gaussian_calcfc/rxn4694/ts_guess.xyz
rxn4698,13,0,1,rxn4698.xyz,c26bde688fc7bd36f64804967dc11dbc018b914f63619a7e74e666490905a88d,Gaussian_GSM_eqV2/Gaussian_calcfc/rxn4698/ts_guess.xyz
rxn4726,16,0,1,rxn4726.xyz,596591e9afe35912362f08838f39a293fcdb74f4ad31fd9aa683c6a4fcf092bc,Gaussian_GSM_eqV2/Gaussian_calcfc/rxn4726/ts_guess.xyz
rxn4736,14,0,1,rxn4736.xyz,188e8ad6d226c3055a17b5b4be0d0ec287276417835754997c9ffd4a0b540eed,Gaussian_GSM_eqV2/Gaussian_calcfc/rxn4736/ts_guess.xyz
rxn4739,14,0,1,rxn4739.xyz,1eecaca5131e23a91408abccbd46d235ae2d2061f5645afa4a2f95e3ed61cbeb,Gaussian_GSM_eqV2/Gaussian_calcfc/rxn4739/ts_guess.xyz
rxn4742,11,0,1,rxn4742.xyz,b8280d41d57d522789520c724c3c1f87e4c6263b5450979055c6b427e9d68379,Gaussian_GSM_eqV2/Gaussian_calcfc/rxn4742/ts_guess.xyz
rxn4767,14,0,1,rxn4767.xyz,4a51134d986f80d2dad4c738cd652f0cb22a2704bff47939aa81360a5dcfa7aa,Gaussian_GSM_eqV2/Gaussian_calcfc/rxn4767/ts_guess.xyz
rxn4772,14,0,1,rxn4772.xyz,5135705a68d6120c0295b50acfc30aceb9d1de0d1d54d2639fe66a49ca07bbf5,Gaussian_GSM_eqV2/Gaussian_calcfc/rxn4772/ts_guess.xyz
rxn4776,14,0,1,rxn4776.xyz,3e674342450e199c4da22e9697437243e763c936dca376d5a21926d20a123281,Gaussian_GSM_eqV2/Gaussian_calcfc/rxn4776/ts_guess.xyz
rxn4787,12,0,1,rxn4787.xyz,0701257b829c9dfd1df7f3e202ffcd3c075ad7094787a49a256ac82d4a87143c,Gaussian_GSM_eqV2/Gaussian_calcfc/rxn4787/ts_guess.xyz
rxn4793,14,0,1,rxn4793.xyz,cd878ce05056001c570d6804bacb0300f0b384d872186f0f64537f4bf52cd62f,Gaussian_GSM_eqV2/Gaussian_calcfc/rxn4793/ts_guess.xyz
rxn4808,13,0,1,rxn4808.xyz,d3900095d08726ed1f75615f2fa21ccd67ad6576d88c82baaf6be48130ef1797,Gaussian_GSM_eqV2/Gaussian_calcfc/rxn4808/ts_guess.xyz
rxn4821,9,0,1,rxn4821.xyz,749490710f21ef1ed1a7233a81030e3cc4c1cd320f827a578e5cb2a2dc637612,Gaussian_GSM_eqV2/Gaussian_calcfc/rxn4821/ts_guess.xyz
rxn4825,9,0,1,rxn4825.xyz,a0d09c9c10eacb931b9d5f3941c4a8bb119641aeb6fed8e6b9ca1070f729c1e6,Gaussian_GSM_eqV2/Gaussian_calcfc/rxn4825/ts_guess.xyz
rxn4838,11,0,1,rxn4838.xyz,025c43bf94e246205b92d576ced4ea5e7bbdf7f786ec7c41b7f4347cc221b893,Gaussian_GSM_eqV2/Gaussian_calcfc/rxn4838/ts_guess.xyz
rxn4850,15,0,1,rxn4850.xyz,393197ea9b4b18352ac238589a2b77f032817fac031a92ed38531fae666c1ae7,Gaussian_GSM_eqV2/Gaussian_calcfc/rxn4850/ts_guess.xyz
rxn4857,21,0,1,rxn4857.xyz,4aab5ee4ffa210513c25ceb61f6a648c11bda7a94c990af4cf4737819cc3eabc,Gaussian_GSM_eqV2/Gaussian_calcfc/rxn4857/ts_guess.xyz
rxn4860,14,0,1,rxn4860.xyz,1c623751b5f45b30ee881c9324929a394730af30956e7dc01e6f161ea9ee4823,Gaussian_GSM_eqV2/Gaussian_calcfc/rxn4860/ts_guess.xyz
rxn4864,14,0,1,rxn4864.xyz,dd5ef11a006191bb1f51e093d6962ba86421f3ce27892771df7173bfb61a146f,Gaussian_GSM_eqV2/Gaussian_calcfc/rxn4864/ts_guess.xyz
rxn4869,13,0,1,rxn4869.xyz,a2e6ed65848eae9a42a349e8617077c2d82b6461ecaa31f9acc0ea5ccb868597,Gaussian_GSM_eqV2/Gaussian_calcfc/rxn4869/ts_guess.xyz
rxn4879,15,0,1,rxn4879.xyz,5d5e51597985dbc9db5b232d86f8861c87a25bebcef4db996327f2472c2334b3,Gaussian_GSM_eqV2/Gaussian_calcfc/rxn4879/ts_guess.xyz
rxn4885,15,0,1,rxn4885.xyz,70e89f6ae87ce408bf89871ba9b2086311dfd64688ac5c2188e8ac54b71f620d,Gaussian_GSM_eqV2/Gaussian_calcfc/rxn4885/ts_guess.xyz
rxn4887,15,0,1,rxn4887.xyz,68e6d2ed060708322bdb8820653f24faef978375b7e140609bbb4ddd1bb109c2,Gaussian_GSM_eqV2/Gaussian_calcfc/rxn4887/ts_guess.xyz
rxn4890,13,0,1,rxn4890.xyz,0a3149bf96c1ca76ad24a647daf5f9392f074d51105930df54f336c9ea4952df,Gaussian_GSM_eqV2/Gaussian_calcfc/rxn4890/ts_guess.xyz
rxn4900,15,0,1,rxn4900.xyz,f097abd02db40775c8cc9ce96f32f849290b6fb419ac722c8d7e226531f8ac6e,Gaussian_GSM_eqV2/Gaussian_calcfc/rxn4900/ts_guess.xyz
rxn4901,15,0,1,rxn4901.xyz,e1d292acca4645bf64afc6a7b477a2fe524e74b71fea8095c586c58c160f97f8,Gaussian_GSM_eqV2/Gaussian_calcfc/rxn4901/ts_guess.xyz
rxn4905,17,0,1,rxn4905.xyz,d75969f35e6f9cec1f95c745744bca279a7dca9b4e2239b2afaa3acacd557686,Gaussian_GSM_eqV2/Gaussian_calcfc/rxn4905/ts_guess.xyz
rxn4917,17,0,1,rxn4917.xyz,c43ba201b3917236aaeb25a2fab386a9d4e8b427d1dd0341250429c17ff735ce,Gaussian_GSM_eqV2/Gaussian_calcfc/rxn4917/ts_guess.xyz
rxn4918,17,0,1,rxn4918.xyz,69ab50a297a1d4be5e65a8435d3c794eaedc5311f4c41ab117927d72a5888701,Gaussian_GSM_eqV2/Gaussian_calcfc/rxn4918/ts_guess.xyz
rxn4922,16,0,1,rxn4922.xyz,7c3be45fde31f2d5559ec6b49cc43b209a05b5907719b27bf95c324836368770,Gaussian_GSM_eqV2/Gaussian_calcfc/rxn4922/ts_guess.xyz
rxn4933,16,0,1,rxn4933.xyz,d2e6a90b1cbe3d97a53ee76c8da4f26935b054451eb2e746b1053b31308a3447,Gaussian_GSM_eqV2/Gaussian_calcfc/rxn4933/ts_guess.xyz
rxn4939,16,0,1,rxn4939.xyz,077fb4364d169882fe0457e68abaa141a20acaa8e531dbbd774123fb20f110a9,Gaussian_GSM_eqV2/Gaussian_calcfc/rxn4939/ts_guess.xyz
rxn4941,16,0,1,rxn4941.xyz,0e4ca27b7c142e5ba6a2d5a6942c54fac8915fd3f106467ac109079f343c223c,Gaussian_GSM_eqV2/Gaussian_calcfc/rxn4941/ts_guess.xyz
rxn4956,15,0,1,rxn4956.xyz,13d1e2c52e3296d7594bb2dc237baff2a297f91ff391c1b9a73577363b35c331,Gaussian_GSM_eqV2/Gaussian_calcfc/rxn4956/ts_guess.xyz
rxn4961,13,0,1,rxn4961.xyz,ce2d0a4cbb111d1db5d0ffdfbfc17cb88dd56c110db82567f65ddcfb7a3474e1,Gaussian_GSM_eqV2/Gaussian_calcfc/rxn4961/ts_guess.xyz
rxn4968,19,0,1,rxn4968.xyz,27867465d2886c8d22c2f675953249f1040d1214a3b92c6b1e5367ad2e74346a,Gaussian_GSM_eqV2/Gaussian_calcfc/rxn4968/ts_guess.xyz
rxn4970,15,0,1,rxn4970.xyz,f15f00d6ad2160a5ba861e980bed6a1e223eb611287c8e5035cc46fc4ca54e34,Gaussian_GSM_eqV2/Gaussian_calcfc/rxn4970/ts_guess.xyz
rxn4971,15,0,1,rxn4971.xyz,b60bcdf9063674fa124bf08d8e9f0dbccf4c7be3c6a7805068ebfeeac415a9b5,Gaussian_GSM_eqV2/Gaussian_calcfc/rxn4971/ts_guess.xyz
rxn5002,14,0,1,rxn5002.xyz,1dd2c7c1f9406f59ccd984c0aece06e5f8f6b3396ecc012c300d2219f8278580,Gaussian_GSM_eqV2/Gaussian_calcfc/rxn5002/ts_guess.xyz
rxn5014,19,0,1,rxn5014.xyz,428f02d09e5c03d9bdb911f6db3ab177ba1d5a6c7fde0e9302b58a60d10d3b2d,Gaussian_GSM_eqV2/Gaussian_calcfc/rxn5014/ts_guess.xyz
rxn5018,19,0,1,rxn5018.xyz,48afadeb93bf7577e190b25269dac112a0fca50d72f24c47e35c407673082bb4,Gaussian_GSM_eqV2/Gaussian_calcfc/rxn5018/ts_guess.xyz
rxn5035,16,0,1,rxn5035.xyz,6108801d68af9e71df7df953d7719811098236dcf7699c3d3c8aea22709bea7f,Gaussian_GSM_eqV2/Gaussian_calcfc/rxn5035/ts_guess.xyz
rxn5038,16,0,1,rxn5038.xyz,4a96d00a7cf814896c09ea1465ea6059c5501f038b1d96e2bb65da64afbf6eca,Gaussian_GSM_eqV2/Gaussian_calcfc/rxn5038/ts_guess.xyz
rxn5043,16,0,1,rxn5043.xyz,6cd74b0b5542daeed01a2237abfd608d18e2fbd786656e208cc2be78c2ced016,Gaussian_GSM_eqV2/Gaussian_calcfc/rxn5043/ts_guess.xyz
rxn5061,14,0,1,rxn5061.xyz,bf41a6a2b4f0ed40b472585136e565b2897d2be2942fddcd99c231443553341d,Gaussian_GSM_eqV2/Gaussian_calcfc/rxn5061/ts_guess.xyz
rxn5081,15,0,1,rxn5081.xyz,b01970ea63c0af3f8bb2f56c4342c16e55bd054a4d60a57d84074c32c795de86,Gaussian_GSM_eqV2/Gaussian_calcfc/rxn5081/ts_guess.xyz
rxn5083,15,0,1,rxn5083.xyz,ef90f583e72c42e46a247b04b0def676c4636f79ed0e8da47dc7c6c4d3611fb7,Gaussian_GSM_eqV2/Gaussian_calcfc/rxn5083/ts_guess.xyz
rxn5096,15,0,1,rxn5096.xyz,54a9433637d36c7991867f7733418aab96df2f6bbc7df5c01ebde4a9005ed249,Gaussian_GSM_eqV2/Gaussian_calcfc/rxn5096/ts_guess.xyz
rxn5097,15,0,1,rxn5097.xyz,2463af79175006469568c21eca0e1e86e68dec331f18ddc8b39ae73c3b1d9acd,Gaussian_GSM_eqV2/Gaussian_calcfc/rxn5097/ts_guess.xyz
rxn5121,15,0,1,rxn5121.xyz,4c070c79105c6784da3833fc26cacac8d47a386b7eb4f090e0525f9306bee79f,Gaussian_GSM_eqV2/Gaussian_calcfc/rxn5121/ts_guess.xyz
rxn5150,16,0,1,rxn5150.xyz,c1f3449a26fb716bab55f41deb02ea4ff4d8953ea09549771625fd679be1cc55,Gaussian_GSM_eqV2/Gaussian_calcfc/rxn5150/ts_guess.xyz
rxn5156,12,0,1,rxn5156.xyz,b6ea0fddf32a50db56b21c43eba7793a6f1e0269ee68e2a8d68f950dae4b9f75,Gaussian_GSM_eqV2/Gaussian_calcfc/rxn5156/ts_guess.xyz
rxn5158,12,0,1,rxn5158.xyz,b2ba3c26a941b18aefb9d1d18719cd138cd4708b512062e240f18d9bd16f0328,Gaussian_GSM_eqV2/Gaussian_calcfc/rxn5158/ts_guess.xyz
rxn5169,12,0,1,rxn5169.xyz,bb83c939d44bc8ae7ef3bc7930ffd0dc1636af678347328d0fe0f0574ad0e9e5,Gaussian_GSM_eqV2/Gaussian_calcfc/rxn5169/ts_guess.xyz
rxn5170,12,0,1,rxn5170.xyz,a938ff28609fddcbf21630d1c1a2bd701a014ead5203e3547bf83b350f8c58b5,Gaussian_GSM_eqV2/Gaussian_calcfc/rxn5170/ts_guess.xyz
rxn5211,14,0,1,rxn5211.xyz,6e17895d013032990ee0331d22fd308fac7e8e4ebf79a65b76fc9711dcd12b34,Gaussian_GSM_eqV2/Gaussian_calcfc/rxn5211/ts_guess.xyz
rxn5221,16,0,1,rxn5221.xyz,8d6421ef239df53f164cc16747eec3d829f4878bc25229936e2fe97dae6f1cc7,Gaussian_GSM_eqV2/Gaussian_calcfc/rxn5221/ts_guess.xyz
rxn5229,15,0,1,rxn5229.xyz,037cc5b87b76264836c7232c02a6fc43f2f58b696546a87c7923a5b209c67829,Gaussian_GSM_eqV2/Gaussian_calcfc/rxn5229/ts_guess.xyz
rxn5234,15,0,1,rxn5234.xyz,3f630b8e86cf1d55cf42b0dac679fc75b896c8cfacc2c654997e7b67e932acb2,Gaussian_GSM_eqV2/Gaussian_calcfc/rxn5234/ts_guess.xyz
rxn5242,17,0,1,rxn5242.xyz,0a4fcb5fab02cb0d2bdc8149a66693b3b9a8cb3c4c6d9dc4ca3ee84a08ac6e0b,Gaussian_GSM_eqV2/Gaussian_calcfc/rxn5242/ts_guess.xyz
rxn5255,17,0,1,rxn5255.xyz,39c1129dd9d5f1844d99307eb2f50ee7a2c28965f62ab021fac84a4cbb100a2f,Gaussian_GSM_eqV2/Gaussian_calcfc/rxn5255/ts_guess.xyz
rxn5286,14,0,1,rxn5286.xyz,dba8f07df675450a1836e8d610c1049fbdc7e9a2770ad238eca5f92c55037019,Gaussian_GSM_eqV2/Gaussian_calcfc/rxn5286/ts_guess.xyz
rxn5294,15,0,1,rxn5294.xyz,67241d7550c36bd74017d721e89dac4731b13ec3108fb58e3e7189bc895d95ea,Gaussian_GSM_eqV2/Gaussian_calcfc/rxn5294/ts_guess.xyz
rxn5309,11,0,1,rxn5309.xyz,f94aaf31ba8c83edc37ea5fd59fa5d44a4bdd455b59857d68c4b28a4d423e035,Gaussian_GSM_eqV2/Gaussian_calcfc/rxn5309/ts_guess.xyz
rxn5314,11,0,1,rxn5314.xyz,70283345fcf55683b42587d9dada4e8be5df148734f176c23f7394b50749ac83,Gaussian_GSM_eqV2/Gaussian_calcfc/rxn5314/ts_guess.xyz
rxn5322,15,0,1,rxn5322.xyz,9a5d8868c2fc908506f926c341904e496aae400fe513a9bd19c6eee548bd687b,Gaussian_GSM_eqV2/Gaussian_calcfc/rxn5322/ts_guess.xyz
rxn5327,14,0,1,rxn5327.xyz,8109f7172986e87bef36d9c9fe6149db9c8b9abbc87f62c5ef0b0e70f2429bbf,Gaussian_GSM_eqV2/Gaussian_calcfc/rxn5327/ts_guess.xyz
rxn5367,17,0,1,rxn5367.xyz,0aee18eb7fa1d0e5ae1b07d0abd0edc37362ae8ab29506c28375ce73a1a7cc2c,Gaussian_GSM_eqV2/Gaussian_calcfc/rxn5367/ts_guess.xyz
rxn5377,12,0,1,rxn5377.xyz,87189205187f0c3486f7966f769b3de1a5f7927cfc492bacba110b4aed2478ac,Gaussian_GSM_eqV2/Gaussian_calcfc/rxn5377/ts_guess.xyz
rxn5393,17,0,1,rxn5393.xyz,6ad8e4228c1b959a6eb583aeee4c674118cf08f0cbb8cf3a44b2bf81fddc46e0,Gaussian_GSM_eqV2/Gaussian_calcfc/rxn5393/ts_guess.xyz
rxn5411,17,0,1,rxn5411.xyz,2f033a25acfff0cf90a3a17677f1b6aa2e4d173c6233a9c4cc673a2db9dabb85,Gaussian_GSM_eqV2/Gaussian_calcfc/rxn5411/ts_guess.xyz
rxn5426,14,0,1,rxn5426.xyz,fd7a654308d94eebab35d2808134ab89caf5a843a0b8995eecc4ebdd7f5c7829,Gaussian_GSM_eqV2/Gaussian_calcfc/rxn5426/ts_guess.xyz
rxn5439,15,0,1,rxn5439.xyz,c585e0c294d46463a54e02e31fd386d073c1ed363fe4fc91551530e993304264,Gaussian_GSM_eqV2/Gaussian_calcfc/rxn5439/ts_guess.xyz
rxn5450,15,0,1,rxn5450.xyz,2baf05c0bb0d2db251deaab60860cd68ab7ecca7172fa39af5f4fd5c4055bd35,Gaussian_GSM_eqV2/Gaussian_calcfc/rxn5450/ts_guess.xyz
rxn5456,15,0,1,rxn5456.xyz,dc4285c614cd4225e45405001f55798e4d34fe5dc2836e48409d2c4c8a085f96,Gaussian_GSM_eqV2/Gaussian_calcfc/rxn5456/ts_guess.xyz
rxn5483,15,0,1,rxn5483.xyz,10ce34cc3db20b7b8b4111377cf534a05a37ecd2afd314c8d8bfeb0a50663f0e,Gaussian_GSM_eqV2/Gaussian_calcfc/rxn5483/ts_guess.xyz
rxn5484,15,0,1,rxn5484.xyz,976b73bc500db925275fbf6d995fb48278e57e8701ad1b714ca78b8582e6ab65,Gaussian_GSM_eqV2/Gaussian_calcfc/rxn5484/ts_guess.xyz
rxn5487,15,0,1,rxn5487.xyz,9ed52dc770b89638676edae91601ade5f182fa2eec53cffd91114a45dadb2e55,Gaussian_GSM_eqV2/Gaussian_calcfc/rxn5487/ts_guess.xyz
rxn5503,15,0,1,rxn5503.xyz,3def27071e97fb7130cf4205376aaac5c6f0eeba77b7fd43321a84fb8c98595f,Gaussian_GSM_eqV2/Gaussian_calcfc/rxn5503/ts_guess.xyz
rxn5505,15,0,1,rxn5505.xyz,03008cab17aad704a95cacb0e353562e8c76b575f43b2196489ab26917ebd0d1,Gaussian_GSM_eqV2/Gaussian_calcfc/rxn5505/ts_guess.xyz
rxn5515,16,0,1,rxn5515.xyz,538a6e0a26e745c5f9f1b1a5be286726f938443804f8b7ebfba2019715e779dd,Gaussian_GSM_eqV2/Gaussian_calcfc/rxn5515/ts_guess.xyz
rxn5527,10,0,1,rxn5527.xyz,96ef35ba6ff5f4d15fbcddaf8446e346da64a4d4eacb194309ce645cf01f3b46,Gaussian_GSM_eqV2/Gaussian_calcfc/rxn5527/ts_guess.xyz
rxn5530,14,0,1,rxn5530.xyz,61127afe717cd926598076941957c50af9632644f3ca48939b77b0d8ff4af889,Gaussian_GSM_eqV2/Gaussian_calcfc/rxn5530/ts_guess.xyz
rxn5531,14,0,1,rxn5531.xyz,d8db4074a04f1342ec3ef79a9d85e42daba944e1f4392ea0a20159377eb84276,Gaussian_GSM_eqV2/Gaussian_calcfc/rxn5531/ts_guess.xyz
rxn5537,14,0,1,rxn5537.xyz,bb8abb5422b1d6dd66c8fce4e6bc95f424566f292556ef4ed11afee1bc832969,Gaussian_GSM_eqV2/Gaussian_calcfc/rxn5537/ts_guess.xyz
rxn5556,12,0,1,rxn5556.xyz,f2dfa49c8b826bc2f924731dcfa3fa210658635f9e53a96a117b5c3d567cfe0e,Gaussian_GSM_eqV2/Gaussian_calcfc/rxn5556/ts_guess.xyz
rxn5577,11,0,1,rxn5577.xyz,c3b372a3bf10d12848c942e38f83ef64718dfe80f2e030fcadeae0be034b1842,Gaussian_GSM_eqV2/Gaussian_calcfc/rxn5577/ts_guess.xyz
rxn5581,14,0,1,rxn5581.xyz,840024593e04d40302c8932d20906382cd682f6e2a5e712dfd1eafdff55b919e,Gaussian_GSM_eqV2/Gaussian_calcfc/rxn5581/ts_guess.xyz
rxn5584,14,0,1,rxn5584.xyz,034c6f6efc518c5b8b46a5a4693a490dc6e10e7ebe2b94fbcd4d80cd84b478e8,Gaussian_GSM_eqV2/Gaussian_calcfc/rxn5584/ts_guess.xyz
rxn5614,14,0,1,rxn5614.xyz,2a7195669f53239f1632bafa849a3b15b3a9bab2169fcb06ce0130c28597a991,Gaussian_GSM_eqV2/Gaussian_calcfc/rxn5614/ts_guess.xyz
rxn5615,14,0,1,rxn5615.xyz,688f33684498201fe022ec75e85ef1d3978337166de013664e193b7bb0afc8f6,Gaussian_GSM_eqV2/Gaussian_calcfc/rxn5615/ts_guess.xyz
rxn5620,14,0,1,rxn5620.xyz,26d7763bdd2961d90c64725e5065d964d9a2214fafc615dd83b226ad2a198936,Gaussian_GSM_eqV2/Gaussian_calcfc/rxn5620/ts_guess.xyz
rxn5628,17,0,1,rxn5628.xyz,3bf25dd58f2ff32bbe2a98382f5daa26d1eb8d403f9d6745e4a62b49986b2b26,Gaussian_GSM_eqV2/Gaussian_calcfc/rxn5628/ts_guess.xyz
rxn5630,17,0,1,rxn5630.xyz,37df75e38edd7f22f3f14df5192e04f804820bc934572be73851488e2d225539,Gaussian_GSM_eqV2/Gaussian_calcfc/rxn5630/ts_guess.xyz
rxn5640,19,0,1,rxn5640.xyz,03d1113e4c1cf0428c4c688adb623cad4e15da3dc307a0c3b7b944b22cee4153,Gaussian_GSM_eqV2/Gaussian_calcfc/rxn5640/ts_guess.xyz
rxn5641,19,0,1,rxn5641.xyz,aba7c50ac13779f125157eb571b15fc29fab2a9465dc67f489018f21b504ef99,Gaussian_GSM_eqV2/Gaussian_calcfc/rxn5641/ts_guess.xyz
rxn5666,12,0,1,rxn5666.xyz,5f7ee94b97806ad1bb041d84d7006ae4fedf2b481ea94760fc2060852deb704c,Gaussian_GSM_eqV2/Gaussian_calcfc/rxn5666/ts_guess.xyz
rxn5693,12,0,1,rxn5693.xyz,5db7c40fa8acf3499d3c9352078c613ad28ab784ae4ccdbaa953719a470eebd4,Gaussian_GSM_eqV2/Gaussian_calcfc/rxn5693/ts_guess.xyz
rxn5703,15,0,1,rxn5703.xyz,91b30f672992a4a45d6ab24ecbf94fb7c7eb7f165f03b596ed76528a16cf9beb,Gaussian_GSM_eqV2/Gaussian_calcfc/rxn5703/ts_guess.xyz
rxn5713,16,0,1,rxn5713.xyz,acd75b247560ed57d6354bfbc705ffda2a94c1ed7bc595cb2c95e19a3868ebc6,Gaussian_GSM_eqV2/Gaussian_calcfc/rxn5713/ts_guess.xyz
rxn5732,19,0,1,rxn5732.xyz,ce74fc024e395b3974a4ef846bdfb75472eb6e6f4e4a6918ed3c0351c80cc3b0,Gaussian_GSM_eqV2/Gaussian_calcfc/rxn5732/ts_guess.xyz
rxn5733,19,0,1,rxn5733.xyz,ce8bf516e56864e18bdca9091412529dc44e7a9e3b6be902733606189e6811f6,Gaussian_GSM_eqV2/Gaussian_calcfc/rxn5733/ts_guess.xyz
rxn5745,17,0,1,rxn5745.xyz,60499e08da2da5096795c60feb06fb08ec69f2ea6e9cb1b78e3b7c393ef543af,Gaussian_GSM_eqV2/Gaussian_calcfc/rxn5745/ts_guess.xyz
rxn5747,17,0,1,rxn5747.xyz,084cb2fd33b03ecac8c89542e776878ae4f2e11648867ae2113567c8795b2492,Gaussian_GSM_eqV2/Gaussian_calcfc/rxn5747/ts_guess.xyz
rxn5752,17,0,1,rxn5752.xyz,4af3efb1e3c1b82f5346deb3370ab7dd82c12c9bef56fb4b7e9288ae4a9cad56,Gaussian_GSM_eqV2/Gaussian_calcfc/rxn5752/ts_guess.xyz
rxn5759,16,0,1,rxn5759.xyz,df2beee97166596263ec8f80917e41ceb038be95e142a80b1c8c585d4e387ea3,Gaussian_GSM_eqV2/Gaussian_calcfc/rxn5759/ts_guess.xyz
rxn5760,16,0,1,rxn5760.xyz,9971d7d7c56786bee826fcb69f0b9ab3ec0e2afff9a5aa45a74c60cb3cb10e3a,Gaussian_GSM_eqV2/Gaussian_calcfc/rxn5760/ts_guess.xyz
rxn5775,16,0,1,rxn5775.xyz,4dbec497ca2bec61124203ecf88dce485c9b8f6b288ab3bf9472c452d0d7973d,Gaussian_GSM_eqV2/Gaussian_calcfc/rxn5775/ts_guess.xyz
rxn5784,16,0,1,rxn5784.xyz,02240c7926f0d641e2b4b6b2967d32e0a48daf9e4dff55aa5ea520afc4fbf25e,Gaussian_GSM_eqV2/Gaussian_calcfc/rxn5784/ts_guess.xyz
rxn5803,16,0,1,rxn5803.xyz,417d47c3c357552c0e22bfd161eb00bdfb70851d04c800d73b13eef123cfcfcd,Gaussian_GSM_eqV2/Gaussian_calcfc/rxn5803/ts_guess.xyz
rxn5808,15,0,1,rxn5808.xyz,7f818df19b6c26f581c4bb357df202217ea609d0155a5b4c87d6927453368e27,Gaussian_GSM_eqV2/Gaussian_calcfc/rxn5808/ts_guess.xyz
rxn5842,14,0,1,rxn5842.xyz,cbacce5759c3708439f7d9c59f038d06c9ee77a269e48c179bf45248aaadda3d,Gaussian_GSM_eqV2/Gaussian_calcfc/rxn5842/ts_guess.xyz
rxn5849,17,0,1,rxn5849.xyz,284d742a19a1230f986f030846cb948db3a917fe20ddb3edc66633281be1f134,Gaussian_GSM_eqV2/Gaussian_calcfc/rxn5849/ts_guess.xyz
rxn5896,14,0,1,rxn5896.xyz,c2dde0638b30001890bdaa424dfefcc721fd660c0167fc2d8cbdaddffc88b28d,Gaussian_GSM_eqV2/Gaussian_calcfc/rxn5896/ts_guess.xyz
rxn5912,15,0,1,rxn5912.xyz,2f1cb2c2a993d78d91b77cfb327207a2790c35cd222cbc8d78283399447a04c7,Gaussian_GSM_eqV2/Gaussian_calcfc/rxn5912/ts_guess.xyz
rxn5942,19,0,1,rxn5942.xyz,74a960a9e9da422a52cd9fe96ef7346d20d7ba45553cfdd95c1bcbff8e6c6ac1,Gaussian_GSM_eqV2/Gaussian_calcfc/rxn5942/ts_guess.xyz
rxn5962,18,0,1,rxn5962.xyz,ffc689fc48bc27abdd772e358c0e89b813fc0172746042f089f0daf017475b12,Gaussian_GSM_eqV2/Gaussian_calcfc/rxn5962/ts_guess.xyz
rxn5990,9,0,1,rxn5990.xyz,d8fbb3612a3b78aeebf5f113f0bfb6cb313c08a230932329e0aa47703734cd3a,Gaussian_GSM_eqV2/Gaussian_calcfc/rxn5990/ts_guess.xyz
rxn5995,13,0,1,rxn5995.xyz,e4e9b93936a38baf18008270300f315db48b39e388a4a11c8e23729ffd64c5e8,Gaussian_GSM_eqV2/Gaussian_calcfc/rxn5995/ts_guess.xyz
rxn5999,13,0,1,rxn5999.xyz,9d7de06bc39f2629a477925afa0c057d91af23080292d750000cc415de3d34ce,Gaussian_GSM_eqV2/Gaussian_calcfc/rxn5999/ts_guess.xyz
rxn6011,10,0,1,rxn6011.xyz,a2d252a002555a52f47acadb38c11df534fa31e52f7cbd6f274c400da840630f,Gaussian_GSM_eqV2/Gaussian_calcfc/rxn6011/ts_guess.xyz
rxn6025,13,0,1,rxn6025.xyz,3ce17009e80dac2cb29100600bd124da3f277b49dc47127d099ee1d7b200a20e,Gaussian_GSM_eqV2/Gaussian_calcfc/rxn6025/ts_guess.xyz
rxn6046,12,0,1,rxn6046.xyz,5119fa0e2eb69fa1d3986ed6a5978bef09465091d22bcc489b53ae24eca21ec9,Gaussian_GSM_eqV2/Gaussian_calcfc/rxn6046/ts_guess.xyz
rxn6051,16,0,1,rxn6051.xyz,9f0da8623eb546603085ffd240d31fac7c5576c4fe5751711eece5fda4c188dd,Gaussian_GSM_eqV2/Gaussian_calcfc/rxn6051/ts_guess.xyz
rxn6057,16,0,1,rxn6057.xyz,870098be7fa5ac2d0f2005dc9d0e32a548fc7a7507670c1c355f4b3bcf545fb0,Gaussian_GSM_eqV2/Gaussian_calcfc/rxn6057/ts_guess.xyz
rxn6066,13,0,1,rxn6066.xyz,42046b18ba40cec2c82617cbe277d097f13e3212344738a292a3a8b0c74b96fb,Gaussian_GSM_eqV2/Gaussian_calcfc/rxn6066/ts_guess.xyz
rxn6080,15,0,1,rxn6080.xyz,9cdbdd4bbd3fbf5a41d905351789af61c3b7094efd820873553c246b93b95779,Gaussian_GSM_eqV2/Gaussian_calcfc/rxn6080/ts_guess.xyz
rxn6113,19,0,1,rxn6113.xyz,8a53eed2d10456d36ef36c0f6da7eeb89702c18167cddbd3ca6fc86ca5345af1,Gaussian_GSM_eqV2/Gaussian_calcfc/rxn6113/ts_guess.xyz
rxn6115,19,0,1,rxn6115.xyz,bab7d05539d1de6add085654463e4c69713eb46f064fb4153cb3e8698ef37314,Gaussian_GSM_eqV2/Gaussian_calcfc/rxn6115/ts_guess.xyz
rxn6155,15,0,1,rxn6155.xyz,bd0a248ebb3e416dab6d06a1e6fbd33a2b51ceedcc89ef6d4deaa9b9dd2565dd,Gaussian_GSM_eqV2/Gaussian_calcfc/rxn6155/ts_guess.xyz
rxn6156,15,0,1,rxn6156.xyz,ea0071fa070d3c780e34eb758479cafb5b872852fcf55a4d136f28b37ed16cbc,Gaussian_GSM_eqV2/Gaussian_calcfc/rxn6156/ts_guess.xyz
rxn6170,15,0,1,rxn6170.xyz,67bc605ac64721cd5e150cb221d81b7971caa06c3a8ea556423c18be873d8b36,Gaussian_GSM_eqV2/Gaussian_calcfc/rxn6170/ts_guess.xyz
rxn6172,15,0,1,rxn6172.xyz,7e8c8c64da5dc0962e928499ab313b641a9926453d210c15b453ec4028227c8a,Gaussian_GSM_eqV2/Gaussian_calcfc/rxn6172/ts_guess.xyz
rxn6194,12,0,1,rxn6194.xyz,e17af2a8593c0da09473fa2c108204250fcee3fd700630015a581126c0a0a983,Gaussian_GSM_eqV2/Gaussian_calcfc/rxn6194/ts_guess.xyz
rxn6195,12,0,1,rxn6195.xyz,7ccf805ed5812ed6e57c9f05579d5ed1f6d8467b66b9d4d65890ec126a98aac9,Gaussian_GSM_eqV2/Gaussian_calcfc/rxn6195/ts_guess.xyz
rxn6198,12,0,1,rxn6198.xyz,8bee7c4caf88a757391799d1609afea8ac7c02e1f2ff893b9ed2fed24d404d95,Gaussian_GSM_eqV2/Gaussian_calcfc/rxn6198/ts_guess.xyz
rxn6215,15,0,1,rxn6215.xyz,a77adb7e17b35ad718364f09cc8b945f65b706eaa243a3a0675d8a15d3c12f15,Gaussian_GSM_eqV2/Gaussian_calcfc/rxn6215/ts_guess.xyz
rxn6216,15,0,1,rxn6216.xyz,66405d210ddf7add0be5b6e145f70d0cf2e7a30e5f14672857061ddf03db070f,Gaussian_GSM_eqV2/Gaussian_calcfc/rxn6216/ts_guess.xyz
rxn6227,14,0,1,rxn6227.xyz,a6e5ad0bfaee4784a906e35eb5599a37dbc7e5cb959a5d7c68b79608255ee2b9,Gaussian_GSM_eqV2/Gaussian_calcfc/rxn6227/ts_guess.xyz
rxn6246,14,0,1,rxn6246.xyz,7dabd58a9a2ad024f2df1cc779db01c2f0e2b4fcd920ca566ad903fecd62d581,Gaussian_GSM_eqV2/Gaussian_calcfc/rxn6246/ts_guess.xyz
rxn6253,14,0,1,rxn6253.xyz,8ac7efdb77d2c00b7e32219ec409bb256f1348090b87cb80c752e0133df59370,Gaussian_GSM_eqV2/Gaussian_calcfc/rxn6253/ts_guess.xyz
rxn6272,13,0,1,rxn6272.xyz,58377a2757c5f17e017a3e82d7ac3dc28e5b89e7be8f9833fd35d61a69a2e020,Gaussian_GSM_eqV2/Gaussian_calcfc/rxn6272/ts_guess.xyz
rxn6281,16,0,1,rxn6281.xyz,e2d54a9eba64e829fffccddd4f9f94105414a707f6924da69344316f64dcad2b,Gaussian_GSM_eqV2/Gaussian_calcfc/rxn6281/ts_guess.xyz
rxn6317,14,0,1,rxn6317.xyz,ab855dd8efc1886bc0db1703c9457cf05697c237b4ba10021c9437f61c584e84,Gaussian_GSM_eqV2/Gaussian_calcfc/rxn6317/ts_guess.xyz
rxn6318,14,0,1,rxn6318.xyz,781cb2dcdee8599624242c9eb02f4fef9982a700315eb896938d8d3cf7aa7566,Gaussian_GSM_eqV2/Gaussian_calcfc/rxn6318/ts_guess.xyz
rxn6330,17,0,1,rxn6330.xyz,b6ababa35914d554510792a3d23e56df6d0957a212e790255bb964e7c2669077,Gaussian_GSM_eqV2/Gaussian_calcfc/rxn6330/ts_guess.xyz
rxn6333,17,0,1,rxn6333.xyz,d032ca979c7160e63b130203e8c6fa0e27ffeff169d11882848380a3db4c578b,Gaussian_GSM_eqV2/Gaussian_calcfc/rxn6333/ts_guess.xyz
rxn6344,19,0,1,rxn6344.xyz,921aed5be8067f3bbea99e30f632c0b71b8d7e9927bdfde76018edf6ee7e1b7a,Gaussian_GSM_eqV2/Gaussian_calcfc/rxn6344/ts_guess.xyz
rxn6349,17,0,1,rxn6349.xyz,681c78e874dff37a14510a6f5f78cdae67cd95c73b8339b512ed3c156cfff48a,Gaussian_GSM_eqV2/Gaussian_calcfc/rxn6349/ts_guess.xyz
rxn6357,17,0,1,rxn6357.xyz,1f0057b74591e4a20593fa5e1f2622e3355fef22669f932b8eba743ea5e81a71,Gaussian_GSM_eqV2/Gaussian_calcfc/rxn6357/ts_guess.xyz
rxn6369,15,0,1,rxn6369.xyz,685d2e4d4915f3f298091ceddc2d9ac8578f542b3bbe81b1b6b29e3684f3a9cb,Gaussian_GSM_eqV2/Gaussian_calcfc/rxn6369/ts_guess.xyz
rxn6401,13,0,1,rxn6401.xyz,133ce582ef5f0ee8fc03815d4df3353cdd3da801f558503cb803ffca81a12f80,Gaussian_GSM_eqV2/Gaussian_calcfc/rxn6401/ts_guess.xyz
rxn6407,13,0,1,rxn6407.xyz,24f573e566e582c2fb1cfd45c6001c40a408ddf91f7baa30b90c5dfec36eeec3,Gaussian_GSM_eqV2/Gaussian_calcfc/rxn6407/ts_guess.xyz
rxn6439,13,0,1,rxn6439.xyz,a98ceae8a8eb4ad3227383a2d0be4bdd31e9e422b6fa9b167763801aab141125,Gaussian_GSM_eqV2/Gaussian_calcfc/rxn6439/ts_guess.xyz
rxn6441,13,0,1,rxn6441.xyz,d6ecf1453a92d33e1f9824ebd752f71a5473d3875e4101899f223fc35348505b,Gaussian_GSM_eqV2/Gaussian_calcfc/rxn6441/ts_guess.xyz
rxn6453,13,0,1,rxn6453.xyz,e54ca0039f7e95b7349ebcf0b76634106ff7e066722319e073a3f8e5928a75cb,Gaussian_GSM_eqV2/Gaussian_calcfc/rxn6453/ts_guess.xyz
rxn6511,16,0,1,rxn6511.xyz,0cc3054868c4c4d067c27d21fbaab0f5f18063f57286e0757c4a2140a3f1bdf0,Gaussian_GSM_eqV2/Gaussian_calcfc/rxn6511/ts_guess.xyz
rxn6514,10,0,1,rxn6514.xyz,6ae788f0d9e1311272f8044b38fd83a149c4bacf44e2c9f748432598b6d4c4b3,Gaussian_GSM_eqV2/Gaussian_calcfc/rxn6514/ts_guess.xyz
rxn6546,19,0,1,rxn6546.xyz,041a920b803c00953a59183fe286cc0b5d814e6790faaebab341b1c2a4d3c6e1,Gaussian_GSM_eqV2/Gaussian_calcfc/rxn6546/ts_guess.xyz
rxn6550,16,0,1,rxn6550.xyz,8944599ccc150b5cc3f7c4a3b37e5310235ce91f59575455ece6c73bc765b5df,Gaussian_GSM_eqV2/Gaussian_calcfc/rxn6550/ts_guess.xyz
rxn6553,11,0,1,rxn6553.xyz,175ef7d1664e44e1f68901c2faef93034a1ca89c8d4d3e8c7ae331838674916f,Gaussian_GSM_eqV2/Gaussian_calcfc/rxn6553/ts_guess.xyz
rxn6578,14,0,1,rxn6578.xyz,1628d232ef725e27b6b0acdb6f5019c7ed85b242a1cf84f6b5ac0f471b9e167c,Gaussian_GSM_eqV2/Gaussian_calcfc/rxn6578/ts_guess.xyz
rxn6584,16,0,1,rxn6584.xyz,31e981e4867f3ab66e1ef878c014740bd3510729e8038ef8d55456da68bc0e5e,Gaussian_GSM_eqV2/Gaussian_calcfc/rxn6584/ts_guess.xyz
rxn6590,15,0,1,rxn6590.xyz,c8943fe1ffba7acfe5ad0b40989abcf85efd0ef52321c24c457a8cae5010174d,Gaussian_GSM_eqV2/Gaussian_calcfc/rxn6590/ts_guess.xyz
rxn6592,10,0,1,rxn6592.xyz,36e69bd84c93cefd6d6510297daa2087d893a8c2212a3277e879ea5be8e43066,Gaussian_GSM_eqV2/Gaussian_calcfc/rxn6592/ts_guess.xyz
rxn6601,13,0,1,rxn6601.xyz,27add4a793448c528006319a3dac7588c1e581ad004521bc09d1040d55257484,Gaussian_GSM_eqV2/Gaussian_calcfc/rxn6601/ts_guess.xyz
rxn6610,15,0,1,rxn6610.xyz,760cda04d39276a81695dfe36aedc9e14887fb8ca1f74c9f528bcd82cf1d0d67,Gaussian_GSM_eqV2/Gaussian_calcfc/rxn6610/ts_guess.xyz
rxn6628,15,0,1,rxn6628.xyz,186e5fc9fde121dca4168487c5ff6186a8c66236e0b23ab846620a14ddb66d15,Gaussian_GSM_eqV2/Gaussian_calcfc/rxn6628/ts_guess.xyz
rxn6629,15,0,1,rxn6629.xyz,bcb5cc4bb5465b15fcdedfefc785b186d88cc8412b412045f7c0df5d7d1448d8,Gaussian_GSM_eqV2/Gaussian_calcfc/rxn6629/ts_guess.xyz
rxn6639,13,0,1,rxn6639.xyz,8f07675b4ad180015c68228b38299cb6c14b6953d9fe67deab951004520034b0,Gaussian_GSM_eqV2/Gaussian_calcfc/rxn6639/ts_guess.xyz
rxn6644,13,0,1,rxn6644.xyz,3ba57348d06b9ac8d073eedaf256b30a76cfe9d7d142608cdf0239d93929534a,Gaussian_GSM_eqV2/Gaussian_calcfc/rxn6644/ts_guess.xyz
rxn6660,15,0,1,rxn6660.xyz,e6783b09b8c1bb36eb81655c7818c5fa84ec1fcf3d2fd55ef2bffac8b7a51e5e,Gaussian_GSM_eqV2/Gaussian_calcfc/rxn6660/ts_guess.xyz
rxn6665,15,0,1,rxn6665.xyz,a0abf72693a3cc49b766eb5be44d84bfc6018b27c0f78f6401eb49d81b08ca29,Gaussian_GSM_eqV2/Gaussian_calcfc/rxn6665/ts_guess.xyz
rxn6684,13,0,1,rxn6684.xyz,9c0904784e3afe8c12fcb08031be358ac9a48072fa6b2ac1ad8fcac908e912a2,Gaussian_GSM_eqV2/Gaussian_calcfc/rxn6684/ts_guess.xyz
rxn6708,14,0,1,rxn6708.xyz,447cf20dbfc2d12505d10875529ca643e85c742d4b40f4d7d13081171db79723,Gaussian_GSM_eqV2/Gaussian_calcfc/rxn6708/ts_guess.xyz
rxn6710,14,0,1,rxn6710.xyz,90b9f66ecfdf6f9ecfb85035bf00b4b679be0f9309f5ff137b853d0a83b0a854,Gaussian_GSM_eqV2/Gaussian_calcfc/rxn6710/ts_guess.xyz
rxn6712,14,0,1,rxn6712.xyz,c5461efc6003595ae9fb784b7b62ee9589e47bd57f99b7ad98b65732a9706e6a,Gaussian_GSM_eqV2/Gaussian_calcfc/rxn6712/ts_guess.xyz
rxn6714,15,0,1,rxn6714.xyz,10d2b8aff9c173737e8bd8c47114056f52e497b75efb3aeb819e5f2c2d2fb5a2,Gaussian_GSM_eqV2/Gaussian_calcfc/rxn6714/ts_guess.xyz
rxn6722,15,0,1,rxn6722.xyz,72b765f3f714165cff20508c16db6ec217905ebc1f450bee4c98ac503348f249,Gaussian_GSM_eqV2/Gaussian_calcfc/rxn6722/ts_guess.xyz
rxn6731,17,0,1,rxn6731.xyz,e724adef485798e85c82f0833ab3f746674c936481d47d6932fea3ff54286d68,Gaussian_GSM_eqV2/Gaussian_calcfc/rxn6731/ts_guess.xyz
rxn6748,13,0,1,rxn6748.xyz,4a081633f21023e66b9aa533fb36fa282adabc7fae061f8d6a489f5a71789ea3,Gaussian_GSM_eqV2/Gaussian_calcfc/rxn6748/ts_guess.xyz
rxn6751,13,0,1,rxn6751.xyz,7bc1215aa309aebbf0b3c167b4c5cab8ea3baa2a1fa800a5871535395e7b6c39,Gaussian_GSM_eqV2/Gaussian_calcfc/rxn6751/ts_guess.xyz
rxn6767,12,0,1,rxn6767.xyz,305943c66915505648df21c614ce037a069d6840a9f495f2539dafd95acabc45,Gaussian_GSM_eqV2/Gaussian_calcfc/rxn6767/ts_guess.xyz
rxn6777,14,0,1,rxn6777.xyz,d9e7c0243dd25731ca54e891273e92d1ad73a5a6df6a7da4dc2df506fb051e89,Gaussian_GSM_eqV2/Gaussian_calcfc/rxn6777/ts_guess.xyz
rxn6798,15,0,1,rxn6798.xyz,72cc315fe5dea94b7a5ff18f3c225e5854465d003071d0c4150a66dc011fd2fe,Gaussian_GSM_eqV2/Gaussian_calcfc/rxn6798/ts_guess.xyz
rxn6802,15,0,1,rxn6802.xyz,04ef2cf092131d8cc4ac625f0d890f2c1be42ed12f73eccbbc25f37702de29f1,Gaussian_GSM_eqV2/Gaussian_calcfc/rxn6802/ts_guess.xyz
rxn6805,17,0,1,rxn6805.xyz,5a04e8566207f5e45dc1db9ef30e1319e1addda8238443e39e8a0c52616057e5,Gaussian_GSM_eqV2/Gaussian_calcfc/rxn6805/ts_guess.xyz
rxn6823,15,0,1,rxn6823.xyz,7c015090015ffaf4a970b21ac725fbdcec5dcc9afb9ac9a25704f6d5818401d6,Gaussian_GSM_eqV2/Gaussian_calcfc/rxn6823/ts_guess.xyz
rxn6838,15,0,1,rxn6838.xyz,132dac39f4a9cc571a7bf8d1fa63cba1035b5aa5233ce5e40efa95784f50bb49,Gaussian_GSM_eqV2/Gaussian_calcfc/rxn6838/ts_guess.xyz
rxn6857,11,0,1,rxn6857.xyz,7f43216170a19712370dcd4be98eaea2a4e6aa68acdb13b76fade7b7cbde3443,Gaussian_GSM_eqV2/Gaussian_calcfc/rxn6857/ts_guess.xyz
rxn6863,15,0,1,rxn6863.xyz,808b935b86584897b7feefb23ec55634d074addabbd70ab877ffe17d4ec390cc,Gaussian_GSM_eqV2/Gaussian_calcfc/rxn6863/ts_guess.xyz
rxn6880,15,0,1,rxn6880.xyz,ae1e2b68938b6146c2006a6d9f4942f197040c9c5111e751dafa8fb2e2e503a1,Gaussian_GSM_eqV2/Gaussian_calcfc/rxn6880/ts_guess.xyz
rxn6890,20,0,1,rxn6890.xyz,b4bb9991b96a3857c5420ce1e52d0a859812391af7cd9c3f4206e7a98991f817,Gaussian_GSM_eqV2/Gaussian_calcfc/rxn6890/ts_guess.xyz
rxn6893,12,0,1,rxn6893.xyz,ca38960e4b21715c6e7acea4fe74b2665aafb2077ddab4029ca497d50061c6e1,Gaussian_GSM_eqV2/Gaussian_calcfc/rxn6893/ts_guess.xyz
rxn6895,12,0,1,rxn6895.xyz,8590ef06e57e1a15184dee9e9bea4747983fadef569712aab32af214123effe8,Gaussian_GSM_eqV2/Gaussian_calcfc/rxn6895/ts_guess.xyz
rxn6930,11,0,1,rxn6930.xyz,77c68e4ca6a683ae5c0002ed2a2f66cf69465ab54165549e6445af6326aa1ca5,Gaussian_GSM_eqV2/Gaussian_calcfc/rxn6930/ts_guess.xyz
rxn6949,15,0,1,rxn6949.xyz,041d3211c814ae35656b4ee0985065dd300efe6aac8db0cedb3bbef2a0fcf53e,Gaussian_GSM_eqV2/Gaussian_calcfc/rxn6949/ts_guess.xyz
rxn6955,9,0,1,rxn6955.xyz,bf13e9e4b565f922c4a8de6a2be6240ba7fabf377d7a757b6aeef8c7f398626e,Gaussian_GSM_eqV2/Gaussian_calcfc/rxn6955/ts_guess.xyz
rxn6961,18,0,1,rxn6961.xyz,613cd8a2fd2a8c8158fe7c8ac7fa648e5285975509482e7976d8e524a313c7f7,Gaussian_GSM_eqV2/Gaussian_calcfc/rxn6961/ts_guess.xyz
rxn6983,14,0,1,rxn6983.xyz,611912a0158023e7cc4006999c01240075380f77aca765cb46d75c7b1f92b329,Gaussian_GSM_eqV2/Gaussian_calcfc/rxn6983/ts_guess.xyz
rxn6990,19,0,1,rxn6990.xyz,5d7f7d24ef94ec6ebfa17f5a0a058364916bc22fc46d8b433f20a691f5e2c25c,Gaussian_GSM_eqV2/Gaussian_calcfc/rxn6990/ts_guess.xyz
rxn7014,14,0,1,rxn7014.xyz,e6b8ebfbad3c748d6c9f64f362503260ac4d38403410116ba39f11069a9c2153,Gaussian_GSM_eqV2/Gaussian_calcfc/rxn7014/ts_guess.xyz
rxn7016,14,0,1,rxn7016.xyz,553aad894aa2f9d3b426e5713b208e6a9d080c73f135856add70940009f70eab,Gaussian_GSM_eqV2/Gaussian_calcfc/rxn7016/ts_guess.xyz
rxn7018,14,0,1,rxn7018.xyz,36c05b00aeea4ff736365a643fc4f5a5db034834a04bd03e42972ae58918f923,Gaussian_GSM_eqV2/Gaussian_calcfc/rxn7018/ts_guess.xyz
rxn7030,15,0,1,rxn7030.xyz,93841f68e45f7603df4ce8a6b148a1a0fc8db17c585dcece2dfd02becf78d1da,Gaussian_GSM_eqV2/Gaussian_calcfc/rxn7030/ts_guess.xyz
rxn7041,16,0,1,rxn7041.xyz,e69a4dac26d70226dc22b227d3530ec0af12438ababd78d1bde9064d35c3443e,Gaussian_GSM_eqV2/Gaussian_calcfc/rxn7041/ts_guess.xyz
rxn7048,16,0,1,rxn7048.xyz,37e4389220788306ee8c7ee530cb454d1f6352237aa2adafec1702f680a79f41,Gaussian_GSM_eqV2/Gaussian_calcfc/rxn7048/ts_guess.xyz
rxn7058,10,0,1,rxn7058.xyz,b37b4f99694569ff5491a5b9fb5205ae57502de2b5366a34dc7db2b19f174592,Gaussian_GSM_eqV2/Gaussian_calcfc/rxn7058/ts_guess.xyz
rxn7070,10,0,1,rxn7070.xyz,affd613b1567de4fee7285f0ffa58326681db9a10675a679dab4fced684c1b8d,Gaussian_GSM_eqV2/Gaussian_calcfc/rxn7070/ts_guess.xyz
rxn7071,10,0,1,rxn7071.xyz,2b986c7b847b90dc602fe0efb5d478e424b417dd7ecc8d0375c1ca33834daf15,Gaussian_GSM_eqV2/Gaussian_calcfc/rxn7071/ts_guess.xyz
rxn7084,14,0,1,rxn7084.xyz,426a1ceff0a9fd3dc166d0fae5827f7578b4e2056907e75d80dd8d50506f5680,Gaussian_GSM_eqV2/Gaussian_calcfc/rxn7084/ts_guess.xyz
rxn7088,14,0,1,rxn7088.xyz,d292f04841d661f8fdde0b2db75f6bf5aa787d3fb0a2b3deea8522b1a5d0888e,Gaussian_GSM_eqV2/Gaussian_calcfc/rxn7088/ts_guess.xyz
rxn7093,14,0,1,rxn7093.xyz,8a7776617dd5236c0493bbf45e55f82238dbb6003c026338210a973931efa774,Gaussian_GSM_eqV2/Gaussian_calcfc/rxn7093/ts_guess.xyz
rxn7108,19,0,1,rxn7108.xyz,b3d6351cc92af33f8d557a0b4f2a70c3992bfdaecd40fe3927d607e65251ea54,Gaussian_GSM_eqV2/Gaussian_calcfc/rxn7108/ts_guess.xyz
rxn7110,11,0,1,rxn7110.xyz,08d2cb1627b28a2cf69f60e0b15eee453a271f3352dfcf08ffac53299b8e158a,Gaussian_GSM_eqV2/Gaussian_calcfc/rxn7110/ts_guess.xyz
rxn7130,13,0,1,rxn7130.xyz,e5bb1e8b7422b4f2f2e56646cbd1552b7ee92898ed430def44ecd338abb0d569,Gaussian_GSM_eqV2/Gaussian_calcfc/rxn7130/ts_guess.xyz
rxn7136,13,0,1,rxn7136.xyz,934b62a70507119c1db58639342b3f60bb4854a5127758eed1e7bbcaf8a0104e,Gaussian_GSM_eqV2/Gaussian_calcfc/rxn7136/ts_guess.xyz
rxn7145,13,0,1,rxn7145.xyz,90fa67b9e6b3aa9e14a39ca56cecda0da938e66a6b3b02ca62e8fa231d1c004f,Gaussian_GSM_eqV2/Gaussian_calcfc/rxn7145/ts_guess.xyz
rxn7151,14,0,1,rxn7151.xyz,4e556f06bab834c8c4c17232184a5fd932a0b9411405b9a622713f51a8aeb8b4,Gaussian_GSM_eqV2/Gaussian_calcfc/rxn7151/ts_guess.xyz
rxn7158,14,0,1,rxn7158.xyz,0adb3be96f1c6465513a857fbb62f87c30d85e194ae91b15507e03032280b57f,Gaussian_GSM_eqV2/Gaussian_calcfc/rxn7158/ts_guess.xyz
rxn7184,14,0,1,rxn7184.xyz,867c75f4187b034a982fe0fb68df2afb1144fb27c342e20dfe94fb3c0b9d629c,Gaussian_GSM_eqV2/Gaussian_calcfc/rxn7184/ts_guess.xyz
rxn7185,14,0,1,rxn7185.xyz,340a8d14916bca1427e91418c1d5da837e956e1673c3c565789b911f703f3eac,Gaussian_GSM_eqV2/Gaussian_calcfc/rxn7185/ts_guess.xyz
rxn7193,17,0,1,rxn7193.xyz,4a09eb7b8e8bd27b60e93587f6dc729e4b7db9b584bb8835c9d1904e02c5ee44,Gaussian_GSM_eqV2/Gaussian_calcfc/rxn7193/ts_guess.xyz
rxn7210,17,0,1,rxn7210.xyz,376cddd6591def7c4475a27e6be03b8b29f80b18e25a7365ad022eb6dab1d021,Gaussian_GSM_eqV2/Gaussian_calcfc/rxn7210/ts_guess.xyz
rxn7222,16,0,1,rxn7222.xyz,b739e6f519a8ddb3d5560203867beb8fd92c155a6d64751c85f1da2ebb0a8b30,Gaussian_GSM_eqV2/Gaussian_calcfc/rxn7222/ts_guess.xyz
rxn7241,15,0,1,rxn7241.xyz,6abb45665955fc6584ca86651cd7d91d6ad25874753c16175f2d2aa0d1b8e95f,Gaussian_GSM_eqV2/Gaussian_calcfc/rxn7241/ts_guess.xyz
rxn7298,13,0,1,rxn7298.xyz,457823ceaf648f4bdfa007e184f63ed938d54b14b45695d0237c537adc903d25,Gaussian_GSM_eqV2/Gaussian_calcfc/rxn7298/ts_guess.xyz
rxn7303,15,0,1,rxn7303.xyz,4b411332ffc24d557e8af7cd3d3272e0fcb5374d8b26d987930e0d4742af2f8d,Gaussian_GSM_eqV2/Gaussian_calcfc/rxn7303/ts_guess.xyz
rxn7309,15,0,1,rxn7309.xyz,f4f6878b59f4a64e4458ace9720cee490b5a4c15775f5385ad74ea61d7caaea6,Gaussian_GSM_eqV2/Gaussian_calcfc/rxn7309/ts_guess.xyz
rxn7317,19,0,1,rxn7317.xyz,a94d30c984d28d489cea9ac64b03040eb569b7728bc75963e5196c5dfaea7978,Gaussian_GSM_eqV2/Gaussian_calcfc/rxn7317/ts_guess.xyz
rxn7323,15,0,1,rxn7323.xyz,d9c2b6ed466e4adf67bfe80ab9d66f6b1443143d1ea9952e7ca14b00ffdb3945,Gaussian_GSM_eqV2/Gaussian_calcfc/rxn7323/ts_guess.xyz
rxn7357,12,0,1,rxn7357.xyz,b6e5834caadd3d35988abfd60f378f263b05a6187b056a03a1c11b3668a3c846,Gaussian_GSM_eqV2/Gaussian_calcfc/rxn7357/ts_guess.xyz
rxn7364,13,0,1,rxn7364.xyz,70b960aaf803f841575989cebd3386adbe413fe4a37a3cd8a6ad87784d472572,Gaussian_GSM_eqV2/Gaussian_calcfc/rxn7364/ts_guess.xyz
rxn7374,21,0,1,rxn7374.xyz,a64b8b59f259b45259a2d2cfc5a35b818c4c1671c2ed273bc7f98eff7f1506a1,Gaussian_GSM_eqV2/Gaussian_calcfc/rxn7374/ts_guess.xyz
rxn7378,12,0,1,rxn7378.xyz,092ed1a8abfc79ad97238ec59eff20ab74a2135b8865c2dd691cdd5bc239ad01,Gaussian_GSM_eqV2/Gaussian_calcfc/rxn7378/ts_guess.xyz
rxn7398,17,0,1,rxn7398.xyz,04e319fb62c745bd0881b65f0724e4e1be4b3ce4ed3d77e20a8df1510fc07652,Gaussian_GSM_eqV2/Gaussian_calcfc/rxn7398/ts_guess.xyz
rxn7424,13,0,1,rxn7424.xyz,73ef1100f4b953ab7bfdb317263517a449bff022eedc79b740bfcc68e5fa4b8a,Gaussian_GSM_eqV2/Gaussian_calcfc/rxn7424/ts_guess.xyz
rxn7427,13,0,1,rxn7427.xyz,d4c0a8ef2c89982213d25e5d8f503e4cc1a995e741e89b4fb98689056075117b,Gaussian_GSM_eqV2/Gaussian_calcfc/rxn7427/ts_guess.xyz
rxn7428,13,0,1,rxn7428.xyz,61a63d47b6223d4e778e788961c10f69899fa500d888109be76fc32969b15235,Gaussian_GSM_eqV2/Gaussian_calcfc/rxn7428/ts_guess.xyz
rxn7430,16,0,1,rxn7430.xyz,cabced2a047659fbdeb395402bc786b4a2ee5765129d8877757f9657ecce2c39,Gaussian_GSM_eqV2/Gaussian_calcfc/rxn7430/ts_guess.xyz
rxn7436,16,0,1,rxn7436.xyz,6daf12c57aa33013517cdc5fca8010e05295a108f2574419081c6a62766294b4,Gaussian_GSM_eqV2/Gaussian_calcfc/rxn7436/ts_guess.xyz
rxn7492,19,0,1,rxn7492.xyz,b764fd2146303b93f63d5b06a2f4b414cd9ffd620fa39c4fd2b456c1df0b7cfc,Gaussian_GSM_eqV2/Gaussian_calcfc/rxn7492/ts_guess.xyz
rxn7493,19,0,1,rxn7493.xyz,aa159c1ceb698dbbb894510d5c92ad24114c7ca0a82ea990956f6eabae8d42e5,Gaussian_GSM_eqV2/Gaussian_calcfc/rxn7493/ts_guess.xyz
rxn7511,16,0,1,rxn7511.xyz,5cc5f81d909afa09f5f7ea38cee115df8b7b98f73e273c2c84f264ec4c12ef5f,Gaussian_GSM_eqV2/Gaussian_calcfc/rxn7511/ts_guess.xyz
rxn7521,14,0,1,rxn7521.xyz,eb26a0b3ef4837780a1cd2f7f0f69c1fa5ad3adf53fc8bc306abdc78f36eb49b,Gaussian_GSM_eqV2/Gaussian_calcfc/rxn7521/ts_guess.xyz
rxn7529,14,0,1,rxn7529.xyz,697134f1692fd89f7ba1443a0d5abf498b01f82c6e3ad5adb241d54630d5b51f,Gaussian_GSM_eqV2/Gaussian_calcfc/rxn7529/ts_guess.xyz
rxn7533,14,0,1,rxn7533.xyz,659ff7f8861e1796b92a156d4534afdb7baacf6821962387614a67c2836a221f,Gaussian_GSM_eqV2/Gaussian_calcfc/rxn7533/ts_guess.xyz
rxn7535,10,0,1,rxn7535.xyz,c5a6cc2cfa69498d8143af8d9a5011f1c3805778f60c95fcbd67b43253faefc5,Gaussian_GSM_eqV2/Gaussian_calcfc/rxn7535/ts_guess.xyz
rxn7539,10,0,1,rxn7539.xyz,60d6fea4dab8291252fc3a2204dc080fdf0575a1e31f9eaac27697245cca12ff,Gaussian_GSM_eqV2/Gaussian_calcfc/rxn7539/ts_guess.xyz
rxn7544,16,0,1,rxn7544.xyz,461a545833c5cdf6ce4b09634875bac87d6fe60b6aa8aecd9df10a5422860b91,Gaussian_GSM_eqV2/Gaussian_calcfc/rxn7544/ts_guess.xyz
rxn7549,12,0,1,rxn7549.xyz,027fc362f2d559592fa759ab2ab528ce9a48719592a31eec62688cb377a027dc,Gaussian_GSM_eqV2/Gaussian_calcfc/rxn7549/ts_guess.xyz
rxn7566,16,0,1,rxn7566.xyz,bee9f9e55a130d472bd8d32cdd7ddc97b85911ebc217a55fb235c30d3467bc6f,Gaussian_GSM_eqV2/Gaussian_calcfc/rxn7566/ts_guess.xyz
rxn7569,16,0,1,rxn7569.xyz,e574fcd1ad3c6c6654a3c63fbd844c99dbe37428fe1f7a055450390ac718c9a8,Gaussian_GSM_eqV2/Gaussian_calcfc/rxn7569/ts_guess.xyz
rxn7570,16,0,1,rxn7570.xyz,ca6dda43910cedc2bb5c887b40aa5eeed2120e7548af4bd93fc45053e178115a,Gaussian_GSM_eqV2/Gaussian_calcfc/rxn7570/ts_guess.xyz
rxn7578,19,0,1,rxn7578.xyz,f4812c21cc0ed33a44655a8c67d163f367e892e11f6186d031b4663626268afa,Gaussian_GSM_eqV2/Gaussian_calcfc/rxn7578/ts_guess.xyz
rxn7579,19,0,1,rxn7579.xyz,d9a191a508cca306f4fd480688988caf82e382adc98ed1922c34a2d57b9383b2,Gaussian_GSM_eqV2/Gaussian_calcfc/rxn7579/ts_guess.xyz
rxn7581,19,0,1,rxn7581.xyz,547f7e04bb98566d569b27199d5b29b02300dddc13c6b3252b1da4a85fd103ac,Gaussian_GSM_eqV2/Gaussian_calcfc/rxn7581/ts_guess.xyz
rxn7599,17,0,1,rxn7599.xyz,4b2e881d4cf8fa5ecc8cc44f64e1f34f6ddb51fe4d2c495947c59e88615bae83,Gaussian_GSM_eqV2/Gaussian_calcfc/rxn7599/ts_guess.xyz
rxn7600,11,0,1,rxn7600.xyz,6a298a5f52f3f5b57fdf9cd2d9b38956b3b526b62898f53f9e6d5987f8df0d24,Gaussian_GSM_eqV2/Gaussian_calcfc/rxn7600/ts_guess.xyz
rxn7606,17,0,1,rxn7606.xyz,a30c0a6d96938f0d0c94ddbe12ac68d38c30ea0116862b3975bfa8603c32ac53,Gaussian_GSM_eqV2/Gaussian_calcfc/rxn7606/ts_guess.xyz
rxn7638,14,0,1,rxn7638.xyz,e8e2d9809354eb42068baa45b8d768bb82d1cb3b9c3cbf2ff1710d5593a5831d,Gaussian_GSM_eqV2/Gaussian_calcfc/rxn7638/ts_guess.xyz
rxn7648,14,0,1,rxn7648.xyz,ec233d06e06e1224072adb1c35dd500feaed102c042f1dbabc255233b347ba01,Gaussian_GSM_eqV2/Gaussian_calcfc/rxn7648/ts_guess.xyz
rxn7674,13,0,1,rxn7674.xyz,de8fc2b1c63204ec5788eb9bb25b885c82b22074b70d553b30cdf943b2910bed,Gaussian_GSM_eqV2/Gaussian_calcfc/rxn7674/ts_guess.xyz
rxn7681,13,0,1,rxn7681.xyz,48fb22fc83ceda046dd5180f529864eed13e8a271ce7bb4d954a66fa839fbf96,Gaussian_GSM_eqV2/Gaussian_calcfc/rxn7681/ts_guess.xyz
rxn7719,15,0,1,rxn7719.xyz,3282a9a6778ba29a33fbc58e481895d56d9f4fbe200990eed463d98a5d9438f9,Gaussian_GSM_eqV2/Gaussian_calcfc/rxn7719/ts_guess.xyz
rxn7728,10,0,1,rxn7728.xyz,0f71dcd58846a2d1ef43b689cebbf3ca45cff4aaf26736148fa7ff55e6ec529f,Gaussian_GSM_eqV2/Gaussian_calcfc/rxn7728/ts_guess.xyz
rxn7742,21,0,1,rxn7742.xyz,3cd123c678e2b4ee905d9cf600c66d6a6eaa74a7f1de33258f706b6e1dd6230b,Gaussian_GSM_eqV2/Gaussian_calcfc/rxn7742/ts_guess.xyz
rxn7754,21,0,1,rxn7754.xyz,8c145838ca5d2e9baecc15285f52312bcd5c04d43557215c3c9eb497559abd06,Gaussian_GSM_eqV2/Gaussian_calcfc/rxn7754/ts_guess.xyz
rxn7756,21,0,1,rxn7756.xyz,a069ad9d4f8ac265342390e3b27c4f2bcf1541b612b35e2720bab482524b3049,Gaussian_GSM_eqV2/Gaussian_calcfc/rxn7756/ts_guess.xyz
rxn7764,15,0,1,rxn7764.xyz,9cdc7cda017adae1a4ea20c748775dca5208b5c412debb4e65851358f862e49c,Gaussian_GSM_eqV2/Gaussian_calcfc/rxn7764/ts_guess.xyz
rxn7797,19,0,1,rxn7797.xyz,adec51578b7a797b5b441ca6cbc72b91d67f6f4e3c5ba4da798e7d2b2b9e9e6c,Gaussian_GSM_eqV2/Gaussian_calcfc/rxn7797/ts_guess.xyz
rxn7808,13,0,1,rxn7808.xyz,8c1c60366897722f2c411d261abe47a28cbcd27a79fbde6cd1e7585c27a79c2a,Gaussian_GSM_eqV2/Gaussian_calcfc/rxn7808/ts_guess.xyz
rxn7829,15,0,1,rxn7829.xyz,753ef9b288f366b919661d4f400c4ec40edef8a4b24d6b7d357bbcbc0a3078a8,Gaussian_GSM_eqV2/Gaussian_calcfc/rxn7829/ts_guess.xyz
rxn7833,15,0,1,rxn7833.xyz,1d86e8a97c344d7526c200e6e3891c056e7f63e65390ad38948ed8e8033e3be2,Gaussian_GSM_eqV2/Gaussian_calcfc/rxn7833/ts_guess.xyz
rxn7855,15,0,1,rxn7855.xyz,90dcb73bf52497b3cf8a45090337483d48c6d7c53ec1183df316e413be13e354,Gaussian_GSM_eqV2/Gaussian_calcfc/rxn7855/ts_guess.xyz
rxn7884,15,0,1,rxn7884.xyz,c4e7f1a65af6a7e9f0b2f67788e13e5d110d1cbb4c47dac3d26bd78675621a30,Gaussian_GSM_eqV2/Gaussian_calcfc/rxn7884/ts_guess.xyz
rxn7890,14,0,1,rxn7890.xyz,76d34c8b0a277aa6a58ad92be9027c5baa63afb42de2053c464a1865a8d9e075,Gaussian_GSM_eqV2/Gaussian_calcfc/rxn7890/ts_guess.xyz
rxn7895,14,0,1,rxn7895.xyz,a14fa132527474d92d5c35345515714c44c8d357c0ee74dc1efa3d4b28f50141,Gaussian_GSM_eqV2/Gaussian_calcfc/rxn7895/ts_guess.xyz
rxn7896,14,0,1,rxn7896.xyz,856312b3d311d8f025ccf45f1e2cd75d1c88b311eaf0660683d9fb9d79458fc6,Gaussian_GSM_eqV2/Gaussian_calcfc/rxn7896/ts_guess.xyz
rxn7930,14,0,1,rxn7930.xyz,03da097973c8fc61cdba7fbe0672e92cc50cdaefc3d974c4ca489940094e82ce,Gaussian_GSM_eqV2/Gaussian_calcfc/rxn7930/ts_guess.xyz
rxn7932,17,0,1,rxn7932.xyz,d3c4e906c20d9f108acf0912869e104a5fd1031ac02aacdc8dc29ff2ebf9a41f,Gaussian_GSM_eqV2/Gaussian_calcfc/rxn7932/ts_guess.xyz
rxn7938,12,0,1,rxn7938.xyz,c6c1fdecd390b388fa4aef1dd791655c1978010caea0123671e53810d90395a1,Gaussian_GSM_eqV2/Gaussian_calcfc/rxn7938/ts_guess.xyz
rxn7947,12,0,1,rxn7947.xyz,0c049ebc076d7ee65706a942c423e2475a4d1bfc3340ef547f739a3ff372ea41,Gaussian_GSM_eqV2/Gaussian_calcfc/rxn7947/ts_guess.xyz
rxn7961,12,0,1,rxn7961.xyz,31f4b1aca0d29b978459b0ea18744bcc1e5c0841e4da99273767d2c6feb62a4a,Gaussian_GSM_eqV2/Gaussian_calcfc/rxn7961/ts_guess.xyz
rxn7965,15,0,1,rxn7965.xyz,88321461dd32f84b957b86fa5fffbd71815d2b7e2096f76ae8db0d23bf879cd8,Gaussian_GSM_eqV2/Gaussian_calcfc/rxn7965/ts_guess.xyz
rxn7975,15,0,1,rxn7975.xyz,5eecd9e3f903d634297222474db986fc0b797db9425d606ae7b0ee3b5e23f0b4,Gaussian_GSM_eqV2/Gaussian_calcfc/rxn7975/ts_guess.xyz
rxn7979,15,0,1,rxn7979.xyz,4ad1efe65316257505ee3437c2c713b3262ecfa87157d8b67511707017922a18,Gaussian_GSM_eqV2/Gaussian_calcfc/rxn7979/ts_guess.xyz
rxn7981,16,0,1,rxn7981.xyz,867e9ad6e2fe8ac248fb077236c1810a28f05ed9aabdf03d07a39b87d70dc979,Gaussian_GSM_eqV2/Gaussian_calcfc/rxn7981/ts_guess.xyz
rxn8026,14,0,1,rxn8026.xyz,91d1d637a6535c75d2d212e40c5f420c9047c67f155f37e87a06eda7a96256df,Gaussian_GSM_eqV2/Gaussian_calcfc/rxn8026/ts_guess.xyz
rxn8034,13,0,1,rxn8034.xyz,9d9f9d7733f79fb85364fc62ac4b2f469ce464ada510f7c39698c31217d64a3e,Gaussian_GSM_eqV2/Gaussian_calcfc/rxn8034/ts_guess.xyz
rxn8036,13,0,1,rxn8036.xyz,c89bfa1d340bdd9ccc2febd1d77f4b62ac22c5efff6c5a6b7e2e8513d8c0a5cb,Gaussian_GSM_eqV2/Gaussian_calcfc/rxn8036/ts_guess.xyz
rxn8081,17,0,1,rxn8081.xyz,6ed78bce28b981089322e213a0d646bbbf13f289adf224fd60dcd20b21f5317f,Gaussian_GSM_eqV2/Gaussian_calcfc/rxn8081/ts_guess.xyz
rxn8083,17,0,1,rxn8083.xyz,3755f7dc6c965536cf66f5fcd7b9a59d4f9631cc6d46fd528ab1c35d2ee2778a,Gaussian_GSM_eqV2/Gaussian_calcfc/rxn8083/ts_guess.xyz
rxn8087,11,0,1,rxn8087.xyz,813bfd130676e23bbe81171e7bda9e8a248ee2c1d261131209846a2d24080d26,Gaussian_GSM_eqV2/Gaussian_calcfc/rxn8087/ts_guess.xyz
rxn8103,17,0,1,rxn8103.xyz,283d6c598e9da1dd59d71e784081112508db739a57b412c19a4fe69ac2cc5666,Gaussian_GSM_eqV2/Gaussian_calcfc/rxn8103/ts_guess.xyz
rxn8113,21,0,1,rxn8113.xyz,09288c67db5d51fe712086c4438bfe8170be02a88cf233d9a8404969a8a3e9dd,Gaussian_GSM_eqV2/Gaussian_calcfc/rxn8113/ts_guess.xyz
rxn8125,16,0,1,rxn8125.xyz,c52fc07c796806487e41a6045636b26457f32b9712a4c91041a4ef89cbb6378a,Gaussian_GSM_eqV2/Gaussian_calcfc/rxn8125/ts_guess.xyz
rxn8133,11,0,1,rxn8133.xyz,3883e1001b8d0fb97171121b5bb93d60a4c36ebf027d1ffbf431dcfe6ae2afe5,Gaussian_GSM_eqV2/Gaussian_calcfc/rxn8133/ts_guess.xyz
rxn8149,15,0,1,rxn8149.xyz,7a040d24741d1480c7f25df9fd31974866e79b5beeabeadb511a28ca05bbca8a,Gaussian_GSM_eqV2/Gaussian_calcfc/rxn8149/ts_guess.xyz
rxn8151,17,0,1,rxn8151.xyz,7dee1c1d5b53c5cf29af4d8e57442f7c88da695e4a62d53430fbaaf188c1728d,Gaussian_GSM_eqV2/Gaussian_calcfc/rxn8151/ts_guess.xyz
rxn8152,17,0,1,rxn8152.xyz,1818bf24f97afa683781bea625a1183e62a171dfc16b20a19427acc966244f14,Gaussian_GSM_eqV2/Gaussian_calcfc/rxn8152/ts_guess.xyz
rxn8176,19,0,1,rxn8176.xyz,cd832e19be5e274619076ded6e552266a006317d67d60e7d8f29db43e653989d,Gaussian_GSM_eqV2/Gaussian_calcfc/rxn8176/ts_guess.xyz
rxn8178,19,0,1,rxn8178.xyz,79262ec80db0b7f3ffbf27d8dbaf4edd5e81748c88de2d420b044c8542a83015,Gaussian_GSM_eqV2/Gaussian_calcfc/rxn8178/ts_guess.xyz
rxn8180,19,0,1,rxn8180.xyz,d08870445adccef85c4d322f7720a6cc85b132ba169b05ebceb4e3ee952ba6e0,Gaussian_GSM_eqV2/Gaussian_calcfc/rxn8180/ts_guess.xyz
rxn8190,17,0,1,rxn8190.xyz,4b2a649b744089aff23ac895fc11f8d803ec06f1b902cbc3fd16730548d8d6c2,Gaussian_GSM_eqV2/Gaussian_calcfc/rxn8190/ts_guess.xyz
rxn8191,17,0,1,rxn8191.xyz,d4d2a0b4ebe5a3770a641df305f27065cc4665f072ab6ef5f5718abc24d5b790,Gaussian_GSM_eqV2/Gaussian_calcfc/rxn8191/ts_guess.xyz
rxn8219,14,0,1,rxn8219.xyz,d4500ad468e6b0d3ac990b7fe619e4dd927a41abb527649cd612d626256a9308,Gaussian_GSM_eqV2/Gaussian_calcfc/rxn8219/ts_guess.xyz
rxn8228,15,0,1,rxn8228.xyz,a3658797695d2d6a65e73e43dce39aaede6c3a131a9a50c477d5f17739719371,Gaussian_GSM_eqV2/Gaussian_calcfc/rxn8228/ts_guess.xyz
rxn8235,15,0,1,rxn8235.xyz,e234f5aa0d704900246eb6fafa0fe95d61daad9ab197b9a898ad639bc4e93be8,Gaussian_GSM_eqV2/Gaussian_calcfc/rxn8235/ts_guess.xyz
rxn8241,16,0,1,rxn8241.xyz,45168101a04c3aa3fa01e6f214c49f787bd32acc57636e7f75e197d878feb16f,Gaussian_GSM_eqV2/Gaussian_calcfc/rxn8241/ts_guess.xyz
rxn8259,15,0,1,rxn8259.xyz,6b204d33b84f2c1d868d30ed4f06a939e44b6f482a010e6b350853e173f6b644,Gaussian_GSM_eqV2/Gaussian_calcfc/rxn8259/ts_guess.xyz
rxn8278,19,0,1,rxn8278.xyz,86fc2427e88a8ee5f6825765f974e106b7a2a64a00ab4c1d4dd26597456ee50a,Gaussian_GSM_eqV2/Gaussian_calcfc/rxn8278/ts_guess.xyz
rxn8289,19,0,1,rxn8289.xyz,44160b3e82dc5e56e63e555076f084917a314265ded6e1ed5936a3f04c43e339,Gaussian_GSM_eqV2/Gaussian_calcfc/rxn8289/ts_guess.xyz
rxn8297,17,0,1,rxn8297.xyz,699226640df8823a4ca717fb3c72e17a1d5a731b5928ec7ad168b5ec575a91d7,Gaussian_GSM_eqV2/Gaussian_calcfc/rxn8297/ts_guess.xyz
rxn8315,15,0,1,rxn8315.xyz,a3a78fbfd5bc9ece34e088dfc939205e7aefcc945a3249f3e46e1e03714181a7,Gaussian_GSM_eqV2/Gaussian_calcfc/rxn8315/ts_guess.xyz
rxn8329,18,0,1,rxn8329.xyz,c2d6ddeb6fc384b98e2c8225d51d811d57bab466b9f7a1ff981f4a55bb6b3457,Gaussian_GSM_eqV2/Gaussian_calcfc/rxn8329/ts_guess.xyz
rxn8330,18,0,1,rxn8330.xyz,ff470deaa4ba7e9e8df12db023b432518e5403ae1e2f750e982dc581863ca0d2,Gaussian_GSM_eqV2/Gaussian_calcfc/rxn8330/ts_guess.xyz
rxn8345,14,0,1,rxn8345.xyz,422856bf8ab1c02ca3d082ad0e7113d35664f024ee9fa0f0539036bfb4da8e3b,Gaussian_GSM_eqV2/Gaussian_calcfc/rxn8345/ts_guess.xyz
rxn8346,14,0,1,rxn8346.xyz,681ae99b7f18998455ca62e7c38b70fb2272c93712959993ad81eca1ce6df6a4,Gaussian_GSM_eqV2/Gaussian_calcfc/rxn8346/ts_guess.xyz
rxn8358,19,0,1,rxn8358.xyz,85f59991a6e9f299d58faf316638ec6b8944ac593fab97ec80c2034b34f0f2fb,Gaussian_GSM_eqV2/Gaussian_calcfc/rxn8358/ts_guess.xyz
rxn8378,17,0,1,rxn8378.xyz,a193844edd45fc92df17da273b7a6c584e61a61b950df96750c25bdbb80636e5,Gaussian_GSM_eqV2/Gaussian_calcfc/rxn8378/ts_guess.xyz
rxn8395,15,0,1,rxn8395.xyz,a17ec5eb7979e72f477679a948b1f54b97288ee209a74173c32583e3d4527eea,Gaussian_GSM_eqV2/Gaussian_calcfc/rxn8395/ts_guess.xyz
rxn8398,15,0,1,rxn8398.xyz,057a1fc8e7791b75df1f6137dcd81c13f61880c017c478641be49abe6a2d53e6,Gaussian_GSM_eqV2/Gaussian_calcfc/rxn8398/ts_guess.xyz
rxn8418,14,0,1,rxn8418.xyz,3b78eff350d77b42bfd4539628c4d02b23723a9060375264372456d4e0ac41b0,Gaussian_GSM_eqV2/Gaussian_calcfc/rxn8418/ts_guess.xyz
rxn8431,16,0,1,rxn8431.xyz,98ea987f686f35143c2d5d7c78e00ccf24371277d565a72483af608c72953533,Gaussian_GSM_eqV2/Gaussian_calcfc/rxn8431/ts_guess.xyz
rxn8439,16,0,1,rxn8439.xyz,f738aa43f302f64ccd5ef63f4f88713ed687584a0b601e814b6025b52aab2c90,Gaussian_GSM_eqV2/Gaussian_calcfc/rxn8439/ts_guess.xyz
rxn8446,13,0,1,rxn8446.xyz,4da85d81382d91fb5794aa17b1090adf0e9c85b269622ca927aed5d177d45d53,Gaussian_GSM_eqV2/Gaussian_calcfc/rxn8446/ts_guess.xyz
rxn8449,13,0,1,rxn8449.xyz,a76d6b521466eb4e820934a7e9c7e4ec50a5e32bf08024ea6f314ef27e9d58ed,Gaussian_GSM_eqV2/Gaussian_calcfc/rxn8449/ts_guess.xyz
rxn8532,16,0,1,rxn8532.xyz,c4ed83ecae523eaddcff1b4ebd2b605a83e2a1de608940ce489e51495bdc74f3,Gaussian_GSM_eqV2/Gaussian_calcfc/rxn8532/ts_guess.xyz
rxn8540,15,0,1,rxn8540.xyz,a422a9645d89f58f42f1aa108a102018548bc151163b5b3a9f10e438952b1360,Gaussian_GSM_eqV2/Gaussian_calcfc/rxn8540/ts_guess.xyz
rxn8543,15,0,1,rxn8543.xyz,f30dcb04f0b2b64dfc4685d50d4759005d9d9540a77eb3311367a9f74b2af329,Gaussian_GSM_eqV2/Gaussian_calcfc/rxn8543/ts_guess.xyz
rxn8548,10,0,1,rxn8548.xyz,2040e8181788a06b3736a3f3cea01b33da720e309cd15e650173d8a2cff29ed9,Gaussian_GSM_eqV2/Gaussian_calcfc/rxn8548/ts_guess.xyz
rxn8557,14,0,1,rxn8557.xyz,980bc8246f649a99aab0b17543842ce1e593cbd91fda4226fd9c17c549fa5919,Gaussian_GSM_eqV2/Gaussian_calcfc/rxn8557/ts_guess.xyz
rxn8603,15,0,1,rxn8603.xyz,b6d291060ab74b388472e5519e3001704ed3a19dda5f74dddd4426f2e35eacef,Gaussian_GSM_eqV2/Gaussian_calcfc/rxn8603/ts_guess.xyz
rxn8610,14,0,1,rxn8610.xyz,d84891344c62fbbf58bf0c2066e7783449c147dc64918a0ddc30ecaea643ce5e,Gaussian_GSM_eqV2/Gaussian_calcfc/rxn8610/ts_guess.xyz
rxn8624,11,0,1,rxn8624.xyz,e5004d38f73def34780355cf770a57c6bf707732c93a315683c7e967659b2a97,Gaussian_GSM_eqV2/Gaussian_calcfc/rxn8624/ts_guess.xyz
rxn8634,17,0,1,rxn8634.xyz,d6af3f09d52d241f896223ba34a45f41636ea1a47510e464d4681804252ab160,Gaussian_GSM_eqV2/Gaussian_calcfc/rxn8634/ts_guess.xyz
rxn8638,17,0,1,rxn8638.xyz,66013ef90e52fbbe73be7fff50cbf54ee40d89b5b31ef9002b596e90a2bc5d8f,Gaussian_GSM_eqV2/Gaussian_calcfc/rxn8638/ts_guess.xyz
rxn8652,17,0,1,rxn8652.xyz,01cee623b530a977c82b7d8b0173e8c5e025e3a4d5c613d5b9da9ecf38141033,Gaussian_GSM_eqV2/Gaussian_calcfc/rxn8652/ts_guess.xyz
rxn8680,15,0,1,rxn8680.xyz,95a5b23aeaeb842fcaed25d26c70b0c8a8fa45d6d1101bb412db76d089ae05eb,Gaussian_GSM_eqV2/Gaussian_calcfc/rxn8680/ts_guess.xyz
rxn8689,12,0,1,rxn8689.xyz,be7e3f5eee7ac01a4d86c9e4027d0613bbfc8fa296edcafca816958cda305c59,Gaussian_GSM_eqV2/Gaussian_calcfc/rxn8689/ts_guess.xyz
rxn8690,12,0,1,rxn8690.xyz,3058868dfde740b58a868fb77d21df89062bb9fd33baccf66d858317dff5ff1d,Gaussian_GSM_eqV2/Gaussian_calcfc/rxn8690/ts_guess.xyz
rxn8695,12,0,1,rxn8695.xyz,6957033a874e80a52aadab8540a3c70eb625d5e929145763a74bc19f5bbaf91e,Gaussian_GSM_eqV2/Gaussian_calcfc/rxn8695/ts_guess.xyz
rxn8696,15,0,1,rxn8696.xyz,c97040387361c204f88cc7f3f48a0b20e213b0c08716b93b89f00d6e111b03d9,Gaussian_GSM_eqV2/Gaussian_calcfc/rxn8696/ts_guess.xyz
rxn8697,15,0,1,rxn8697.xyz,bf4de1d78cf547eb4bce456a11a720ebeb7e186f66a3eea0b96b241594cc2cab,Gaussian_GSM_eqV2/Gaussian_calcfc/rxn8697/ts_guess.xyz
rxn8708,13,0,1,rxn8708.xyz,0a9223d8c0fb55d2676f69dbe8a579a12af179f845ef25f2f75929467f04ef5e,Gaussian_GSM_eqV2/Gaussian_calcfc/rxn8708/ts_guess.xyz
rxn8721,17,0,1,rxn8721.xyz,69958b215f55f9f9e91de678d9b4c4fd32fb75644b292240b8de3c7259a3a7a3,Gaussian_GSM_eqV2/Gaussian_calcfc/rxn8721/ts_guess.xyz
rxn8722,17,0,1,rxn8722.xyz,d568f954a251104a020974bbd400c2319b835f22e0d99c93f558745738541d4b,Gaussian_GSM_eqV2/Gaussian_calcfc/rxn8722/ts_guess.xyz
rxn8725,11,0,1,rxn8725.xyz,6a2174ad34927f68cbb9300c3d638acc1734162be67dbcb1be7d194f0cda9b15,Gaussian_GSM_eqV2/Gaussian_calcfc/rxn8725/ts_guess.xyz
rxn8730,11,0,1,rxn8730.xyz,91e7c8be6c05282a61d2c9dc544454c54094ef7e6b552e47778c768894d5887d,Gaussian_GSM_eqV2/Gaussian_calcfc/rxn8730/ts_guess.xyz
rxn8733,15,0,1,rxn8733.xyz,677d67fff427bb89fd9cd127d292e2a73b766db2e993e9bf7531a834b0a37105,Gaussian_GSM_eqV2/Gaussian_calcfc/rxn8733/ts_guess.xyz
rxn8751,14,0,1,rxn8751.xyz,b55e7553be1c031a27fe4cd28133d5169ab9cc1d3ff93effb7c6e1b0e82d077a,Gaussian_GSM_eqV2/Gaussian_calcfc/rxn8751/ts_guess.xyz
rxn8759,16,0,1,rxn8759.xyz,f853790f49b06571d49d18188d04de775aea5db463ddeaf08c761bc6e7d6c997,Gaussian_GSM_eqV2/Gaussian_calcfc/rxn8759/ts_guess.xyz
rxn8760,16,0,1,rxn8760.xyz,81f566860b00206b66c0a45778ba23520991e2a116e5224efe13c624b53275ed,Gaussian_GSM_eqV2/Gaussian_calcfc/rxn8760/ts_guess.xyz
rxn8765,16,0,1,rxn8765.xyz,9cd04dbc5b29668003cc1449c9ac489af380161548d983dbad19a2d0c0e9884d,Gaussian_GSM_eqV2/Gaussian_calcfc/rxn8765/ts_guess.xyz
rxn8802,11,0,1,rxn8802.xyz,071ebedbd21cc610de862bb2acb16bde14c517e7d781006c3c3ee37f9e7a06b0,Gaussian_GSM_eqV2/Gaussian_calcfc/rxn8802/ts_guess.xyz
rxn8806,14,0,1,rxn8806.xyz,2da4dcad927bf1be325d49f9a6127a678c874f016966f12104d502ddf1ed5401,Gaussian_GSM_eqV2/Gaussian_calcfc/rxn8806/ts_guess.xyz
rxn8818,16,0,1,rxn8818.xyz,51537f96395129a78c6322d653e2b5c9df07c2364374ac4dec8354a9acbb028a,Gaussian_GSM_eqV2/Gaussian_calcfc/rxn8818/ts_guess.xyz
rxn8823,15,0,1,rxn8823.xyz,8f0ee5c4e0d0c17b2b10fb8e7ffd70c66c64db13124dc38b0145a0d69240ab0b,Gaussian_GSM_eqV2/Gaussian_calcfc/rxn8823/ts_guess.xyz
rxn8851,15,0,1,rxn8851.xyz,9e4a72d9fafeb5d33b6c32e12e20397d663ea37519c404e04ae593c1e6219f2c,Gaussian_GSM_eqV2/Gaussian_calcfc/rxn8851/ts_guess.xyz
rxn8854,15,0,1,rxn8854.xyz,f7c4a33b2fed7c1779b8654f70b57ac12384a7d27e2b41288da45692ff480497,Gaussian_GSM_eqV2/Gaussian_calcfc/rxn8854/ts_guess.xyz
rxn8866,19,0,1,rxn8866.xyz,ebfe0a822ee1a9cd46e55398af6033851ebb88c78085a78a005e9ac438d7263d,Gaussian_GSM_eqV2/Gaussian_calcfc/rxn8866/ts_guess.xyz
rxn8880,15,0,1,rxn8880.xyz,023feac6a604b22d5fc1ce4b10e80bdf8e86bb3e4435522f3de2c263e20185ad,Gaussian_GSM_eqV2/Gaussian_calcfc/rxn8880/ts_guess.xyz
rxn8902,17,0,1,rxn8902.xyz,6049527efcf408804d58645fbedc788b462f9bc7a1d6f6110a8a0c0d53881a3b,Gaussian_GSM_eqV2/Gaussian_calcfc/rxn8902/ts_guess.xyz
rxn8931,15,0,1,rxn8931.xyz,2917027f14009feae40890b8e5ae54d06c496abab81162ab543b157b97b311e3,Gaussian_GSM_eqV2/Gaussian_calcfc/rxn8931/ts_guess.xyz
rxn8936,15,0,1,rxn8936.xyz,b70ea43a7240758f87d476c4b6baf762b240b497658bfbdc33ee6765f97df45f,Gaussian_GSM_eqV2/Gaussian_calcfc/rxn8936/ts_guess.xyz
rxn8949,14,0,1,rxn8949.xyz,fd7cf88105d60fbb65d05125b2158660f4449dbfcb3a9b1e5e6d3289531dcb16,Gaussian_GSM_eqV2/Gaussian_calcfc/rxn8949/ts_guess.xyz
rxn8960,12,0,1,rxn8960.xyz,43f2a525af9d88c4193644cac6907059cd04f4f15af715e16988c6e9d0c1edab,Gaussian_GSM_eqV2/Gaussian_calcfc/rxn8960/ts_guess.xyz
rxn8973,13,0,1,rxn8973.xyz,95b9ad21926029575465b4dcaef2af8cf16042e020c6253a585c73c3470fdb0c,Gaussian_GSM_eqV2/Gaussian_calcfc/rxn8973/ts_guess.xyz
rxn8991,11,0,1,rxn8991.xyz,20049d3ec801fb500402b921c74d2fb807bd965d7e83e9279125331a97a76c7b,Gaussian_GSM_eqV2/Gaussian_calcfc/rxn8991/ts_guess.xyz
rxn9000,12,0,1,rxn9000.xyz,eafa907c059e512c2f0cb0ed07679ebd7a0197f2e457ec5a8ba18e3edc59785c,Gaussian_GSM_eqV2/Gaussian_calcfc/rxn9000/ts_guess.xyz
rxn9044,10,0,1,rxn9044.xyz,6f8b21b59626345a8dc0917d832d6f27d4584c710141e7a9566c8b1e367ec84d,Gaussian_GSM_eqV2/Gaussian_calcfc/rxn9044/ts_guess.xyz
rxn9058,11,0,1,rxn9058.xyz,fe1fa27d7fdc47f926d62bbd0315321b5319aed4fe9360ea9f3959dc9dc44259,Gaussian_GSM_eqV2/Gaussian_calcfc/rxn9058/ts_guess.xyz
rxn9094,10,0,1,rxn9094.xyz,de5c92a7966bcb759816005bf9ee1744269bde986046670f38839ecffd8b0b81,Gaussian_GSM_eqV2/Gaussian_calcfc/rxn9094/ts_guess.xyz
rxn9185,12,0,1,rxn9185.xyz,264f779f178665e3c9cf6989ed27359c300d98d4fc25c5a1a1b715a60c84ef04,Gaussian_GSM_eqV2/Gaussian_calcfc/rxn9185/ts_guess.xyz
rxn9201,14,0,1,rxn9201.xyz,05d97ed7c41db21dc58d23037142f509941eec3434d910b2ba8baf76ebb6fc2a,Gaussian_GSM_eqV2/Gaussian_calcfc/rxn9201/ts_guess.xyz
rxn9228,16,0,1,rxn9228.xyz,45a70d8ac6d06cce9c3a22295b1ff5c4b06b8a8eecf504b3e7aef0de0b034174,Gaussian_GSM_eqV2/Gaussian_calcfc/rxn9228/ts_guess.xyz
rxn9262,15,0,1,rxn9262.xyz,6f772b22d3bc4264f83a53a5f024b05e13e813aca554f5f351047753c6ade175,Gaussian_GSM_eqV2/Gaussian_calcfc/rxn9262/ts_guess.xyz
rxn9286,16,0,1,rxn9286.xyz,7d9fd95f3ec66538178430e10f6226b939e294640b135a3c0b87b86a4e44782e,Gaussian_GSM_eqV2/Gaussian_calcfc/rxn9286/ts_guess.xyz
rxn9298,16,0,1,rxn9298.xyz,c0bdc229d71ac38f531dcbbde5cca0264af1ee44e64d9739a066e04de2ea3ea6,Gaussian_GSM_eqV2/Gaussian_calcfc/rxn9298/ts_guess.xyz
rxn9310,9,0,1,rxn9310.xyz,a382f49f643786c5a0fc29eeffabcf441aaee84bb9b05ee1fadcbbc5d45a200f,Gaussian_GSM_eqV2/Gaussian_calcfc/rxn9310/ts_guess.xyz
rxn9322,12,0,1,rxn9322.xyz,9810976d1d2b03193bc5b6aad6401514446e1310b027d528ec2e1baeab3a026e,Gaussian_GSM_eqV2/Gaussian_calcfc/rxn9322/ts_guess.xyz
rxn9325,16,0,1,rxn9325.xyz,65b63c8dbc0e7db19441bc2e3e629b7478bf9e984d52e386581bab41e02dd642,Gaussian_GSM_eqV2/Gaussian_calcfc/rxn9325/ts_guess.xyz
rxn9338,11,0,1,rxn9338.xyz,36d71b848972ef9453f642558b2dd593e315ecebec7bd31cea65e5a167bd5b36,Gaussian_GSM_eqV2/Gaussian_calcfc/rxn9338/ts_guess.xyz
rxn9365,18,0,1,rxn9365.xyz,46e26f3bfe69eb657ad7d07d898602ec9f8836e088d251c63e464cc6478e3fed,Gaussian_GSM_eqV2/Gaussian_calcfc/rxn9365/ts_guess.xyz
rxn9375,6,0,1,rxn9375.xyz,8e0bfe070e4a29b5e04182673be78016b5bfc47fd4701ee7bc423f586eec5777,Gaussian_GSM_eqV2/Gaussian_calcfc/rxn9375/ts_guess.xyz
rxn9422,9,0,1,rxn9422.xyz,cf74b2aa4e363b80ced17dcd351df4c0db86cbe68a9feb5fc9588ed8c48f06bf,Gaussian_GSM_eqV2/Gaussian_calcfc/rxn9422/ts_guess.xyz
rxn9433,11,0,1,rxn9433.xyz,a621f1390832eb22cfb2462426376c655de026c533262690c612de676a2f5f3b,Gaussian_GSM_eqV2/Gaussian_calcfc/rxn9433/ts_guess.xyz
rxn9439,15,0,1,rxn9439.xyz,caebcaa75ede9858ea52196dc034227c8c4f24bd6965ee0c747a240fe0d72eda,Gaussian_GSM_eqV2/Gaussian_calcfc/rxn9439/ts_guess.xyz
rxn9445,16,0,1,rxn9445.xyz,f1e2f013185cb26e195bb5cfe78f19fae56c5f56f13bb6904bfaf4ea2cc67806,Gaussian_GSM_eqV2/Gaussian_calcfc/rxn9445/ts_guess.xyz
rxn9446,16,0,1,rxn9446.xyz,c2cea76b02647f5e63217492d683711de35d6fc422f5e5c33a81b4b40f968157,Gaussian_GSM_eqV2/Gaussian_calcfc/rxn9446/ts_guess.xyz
rxn9465,16,0,1,rxn9465.xyz,ddd940c56be428bd4207e08051147d8b640cfea070072039340420a659bd3ab6,Gaussian_GSM_eqV2/Gaussian_calcfc/rxn9465/ts_guess.xyz
rxn9498,14,0,1,rxn9498.xyz,19ff8dc83bca089463e1210ec34dee001e395492cbfcd0bf75da4b8eaeca86a4,Gaussian_GSM_eqV2/Gaussian_calcfc/rxn9498/ts_guess.xyz
rxn9513,19,0,1,rxn9513.xyz,2681f12aa43405b24d61a99e210678df1149c0aeea678fa67598acd997d8cfb7,Gaussian_GSM_eqV2/Gaussian_calcfc/rxn9513/ts_guess.xyz
rxn9520,16,0,1,rxn9520.xyz,c1206013d5964459c4d666edeeadb17e537b31b1818b83bc5016f4b0724008a5,Gaussian_GSM_eqV2/Gaussian_calcfc/rxn9520/ts_guess.xyz
rxn9526,16,0,1,rxn9526.xyz,0acc3a00cb002adc8ab5efcbdde343a9313a5a4afea1f497f3d4449c404b06ed,Gaussian_GSM_eqV2/Gaussian_calcfc/rxn9526/ts_guess.xyz
rxn9543,17,0,1,rxn9543.xyz,f6d10cee7b33ce74d7587bc90a7c10a0898f826f3aeb25ff2b433876c5a85f99,Gaussian_GSM_eqV2/Gaussian_calcfc/rxn9543/ts_guess.xyz
rxn9547,12,0,1,rxn9547.xyz,33ad08891226ed8cd3f7f03905403142328ee34f420eadc246366474dfdb1aa3,Gaussian_GSM_eqV2/Gaussian_calcfc/rxn9547/ts_guess.xyz
rxn9554,14,0,1,rxn9554.xyz,e9e402b3ed794e6daea07fe38de3d028e8cccdf0282e0a1baba49ed3f8683ba0,Gaussian_GSM_eqV2/Gaussian_calcfc/rxn9554/ts_guess.xyz
rxn9555,14,0,1,rxn9555.xyz,63f0d3f64b6e07d0b9152f4190ccbc24b7367ce1cd3a26bfdf101de78f2d1a1c,Gaussian_GSM_eqV2/Gaussian_calcfc/rxn9555/ts_guess.xyz
rxn9600,16,0,1,rxn9600.xyz,6a763cde34cb8b1c1c709fc9def5e73f9330e023af4e42510bb87c13a6215fcc,Gaussian_GSM_eqV2/Gaussian_calcfc/rxn9600/ts_guess.xyz
rxn9605,19,0,1,rxn9605.xyz,d37653d1ba72319527d6d9eeeafa24a26d2c3921d6ed11ca04187ac1212c759c,Gaussian_GSM_eqV2/Gaussian_calcfc/rxn9605/ts_guess.xyz
rxn9627,17,0,1,rxn9627.xyz,d6ebbeb514702ad4b7573ab84c3d8ebdc47ed6de75c25c29dc9751805e1cf6e8,Gaussian_GSM_eqV2/Gaussian_calcfc/rxn9627/ts_guess.xyz
rxn9658,18,0,1,rxn9658.xyz,199792ae1d41b96dfbdb6b339bc7d19a32e9cbf15364379b5b7b7ecdb985a3e1,Gaussian_GSM_eqV2/Gaussian_calcfc/rxn9658/ts_guess.xyz
rxn9680,19,0,1,rxn9680.xyz,054a766b819d65ca7c4c4e36689a82c35fa94f193db5d0d8383b17a7242baca2,Gaussian_GSM_eqV2/Gaussian_calcfc/rxn9680/ts_guess.xyz
rxn9683,16,0,1,rxn9683.xyz,268fa5fdc9e425e1c402973d141d4d5a63535d6767a3d020e4b1692687ec7b0c,Gaussian_GSM_eqV2/Gaussian_calcfc/rxn9683/ts_guess.xyz
rxn9704,17,0,1,rxn9704.xyz,fe6f5ec3f2e22958026e262cf98f325dcf7aad042bd7c11bdc2d485254d2e4d7,Gaussian_GSM_eqV2/Gaussian_calcfc/rxn9704/ts_guess.xyz
rxn9705,13,0,1,rxn9705.xyz,e98b807cf1a2778abc3bb345948bacb57b5987a7fdf0ae6c9cf01c0552aa29f5,Gaussian_GSM_eqV2/Gaussian_calcfc/rxn9705/ts_guess.xyz
rxn9711,13,0,1,rxn9711.xyz,070c2e75c4c8e95ad06b6244bd22d5942316670fc73ea8be191783ebb6ac6afc,Gaussian_GSM_eqV2/Gaussian_calcfc/rxn9711/ts_guess.xyz
rxn9715,11,0,1,rxn9715.xyz,be03c8b3682359be6243eefe60035005557de68e3b467b54ab2cd5905b00a47f,Gaussian_GSM_eqV2/Gaussian_calcfc/rxn9715/ts_guess.xyz
rxn9721,19,0,1,rxn9721.xyz,fe73570925772bebac0441e6ab59f96113850d2d0d77919168192e10421a38ed,Gaussian_GSM_eqV2/Gaussian_calcfc/rxn9721/ts_guess.xyz
rxn9734,15,0,1,rxn9734.xyz,ec9d6de092aaded93ff0afeeeae039ca4f90a5fbfb1601acaa4d716d6e3d7e5e,Gaussian_GSM_eqV2/Gaussian_calcfc/rxn9734/ts_guess.xyz
rxn9737,13,0,1,rxn9737.xyz,145f37528f8271e7cd33b7499269516e7b811f9ddfb5af83e1a695bb493c7241,Gaussian_GSM_eqV2/Gaussian_calcfc/rxn9737/ts_guess.xyz
rxn9789,15,0,1,rxn9789.xyz,b260dd36aaf19d208c6974a378fa1b433c96ca406089987a46ab37685a7f35ae,Gaussian_GSM_eqV2/Gaussian_calcfc/rxn9789/ts_guess.xyz
rxn9790,15,0,1,rxn9790.xyz,802f8cc526ce402dc97b21cbdf7fc8d608cc2f30d3fc2c7f4ec6e922be93d6bf,Gaussian_GSM_eqV2/Gaussian_calcfc/rxn9790/ts_guess.xyz
rxn9799,11,0,1,rxn9799.xyz,e2ef2a61a024a421356898458bacb0cdfa32c228779e366ae8ddf4e2e555852e,Gaussian_GSM_eqV2/Gaussian_calcfc/rxn9799/ts_guess.xyz
rxn9803,12,0,1,rxn9803.xyz,f35b76988e8c9fcf7802edebac905c2b43aedde80972bf522b2a51700afb3b2d,Gaussian_GSM_eqV2/Gaussian_calcfc/rxn9803/ts_guess.xyz
rxn9828,15,0,1,rxn9828.xyz,0b3768b4e0a0c9bc882be8e12ebacacb1e743d804f924c6a1c25767310a6b013,Gaussian_GSM_eqV2/Gaussian_calcfc/rxn9828/ts_guess.xyz
rxn9855,16,0,1,rxn9855.xyz,41119fe905f6168d2714b0ed8b538d485ce3a8bc1b7ba9f19196c89429de39c2,Gaussian_GSM_eqV2/Gaussian_calcfc/rxn9855/ts_guess.xyz
rxn9863,17,0,1,rxn9863.xyz,86b4077f3bf8f2d389f7d370cd1451b2b26b2b5f543691f99cc6663f267040f1,Gaussian_GSM_eqV2/Gaussian_calcfc/rxn9863/ts_guess.xyz
rxn9864,17,0,1,rxn9864.xyz,a8b53ad0399d0324b7ad30fff0ccdae446f7224a651be9bb25e156e8f51322d4,Gaussian_GSM_eqV2/Gaussian_calcfc/rxn9864/ts_guess.xyz
rxn9883,11,0,1,rxn9883.xyz,e8c735d5744a820d9a6746ade7f39b5bae6d3f530d03aae744046c79bdc1282e,Gaussian_GSM_eqV2/Gaussian_calcfc/rxn9883/ts_guess.xyz
rxn9887,10,0,1,rxn9887.xyz,e9b71b57c42038fb6762f9a0be6c519a8b0d2123c187092819dffe99e5d0aed9,Gaussian_GSM_eqV2/Gaussian_calcfc/rxn9887/ts_guess.xyz
rxn9907,15,0,1,rxn9907.xyz,d0bf3c4e8caba6380a7b16c4349ab07e465bdfb01e9f792d1dba9e3ba7c04daf,Gaussian_GSM_eqV2/Gaussian_calcfc/rxn9907/ts_guess.xyz
rxn9910,15,0,1,rxn9910.xyz,a9949fc851e318f51b1f8c05ccb25b920170b856d4b5bac2403d66086c086990,Gaussian_GSM_eqV2/Gaussian_calcfc/rxn9910/ts_guess.xyz
rxn9928,16,0,1,rxn9928.xyz,9547d9040198918e141025f4a9560ff46261b23b11a5df639c4bbeebd07448cd,Gaussian_GSM_eqV2/Gaussian_calcfc/rxn9928/ts_guess.xyz
rxn9941,19,0,1,rxn9941.xyz,441e336b1313f3893bf24c0cf96d4e7136263b096dc0ea85a67f169d78ad63ef,Gaussian_GSM_eqV2/Gaussian_calcfc/rxn9941/ts_guess.xyz
rxn9952,19,0,1,rxn9952.xyz,b60ac785e8b47fbcc73fdbeabf4092d2e598d248d39687da932e40768febe3f9,Gaussian_GSM_eqV2/Gaussian_calcfc/rxn9952/ts_guess.xyz
rxn9953,19,0,1,rxn9953.xyz,66e3c7a8e58b263d042176b37ee36872b75f42481213c254571aabd1fa4e0f6b,Gaussian_GSM_eqV2/Gaussian_calcfc/rxn9953/ts_guess.xyz
rxn9963,17,0,1,rxn9963.xyz,c2fc6f0c462490eeed6b5de00de8b3597e87e67a7138077fabe2e7f73ffab918,Gaussian_GSM_eqV2/Gaussian_calcfc/rxn9963/ts_guess.xyz
rxn10019,17,0,1,rxn10019.xyz,b4919a608bbd6e363f078b2790d8cb0dc2b41f118f833b3a0f612a9a5dd972cc,Gaussian_GSM_eqV2/Gaussian_calcfc/rxn10019/ts_guess.xyz
rxn10032,17,0,1,rxn10032.xyz,58c3bd0c6bdf4a5be4a529c33a09ab2bf12b620e906c1daeb65f28a1546251b7,Gaussian_GSM_eqV2/Gaussian_calcfc/rxn10032/ts_guess.xyz
rxn10038,14,0,1,rxn10038.xyz,07523ba0cfd81181acaaaf04dea0be3c23fb1c31e82b838dba4173e330ad6d01,Gaussian_GSM_eqV2/Gaussian_calcfc/rxn10038/ts_guess.xyz
rxn10042,14,0,1,rxn10042.xyz,7a1cb62c84eddbbccac67fe9184e483a0cb863b1f7c4f29a67156cf9c1538bf5,Gaussian_GSM_eqV2/Gaussian_calcfc/rxn10042/ts_guess.xyz
rxn10054,12,0,1,rxn10054.xyz,59a9d8e5cbaec7d63a7d81a4855da28f86a53a0522534859df25405d2c13fb38,Gaussian_GSM_eqV2/Gaussian_calcfc/rxn10054/ts_guess.xyz
rxn10071,15,0,1,rxn10071.xyz,3ffb885210bd5ca3af047e98d6e18703f920682f282a22b7733f6c1ef9c2b1a8,Gaussian_GSM_eqV2/Gaussian_calcfc/rxn10071/ts_guess.xyz
